:020000040800F2
:10000000801B00201D2700088979000809270008A7
:100010000927000809270008092700080000000038
:100020000000000000000000000000005D27000844
:10003000092700080000000045290008C147000802
:10004000DD290008DD290008DD290008DD29000878
:10005000DD290008DD290008DD290008DD29000868
:10006000DD290008DD290008DD290008DD29000858
:10007000DD290008DD290008DD290008DD29000848
:10008000DD290008DD290008DD290008DD29000838
:10009000DD290008DD290008DD290008DD29000828
:1000A000DD290008DD290008DD290008DD29000818
:1000B000DD290008DD290008DD290008DD29000808
:1000C000DD290008DD290008DD290008DD290008F8
:1000D000DD290008DD290008DD290008DD290008E8
:1000E000DD290008DD290008DD290008DD290008D8
:1000F000DD290008DD290008DD290008DD290008C8
:10010000DD290008DD290008DD290008DD290008B7
:10011000DD290008DD290008DD290008DD290008A7
:10012000DD290008DD290008DD290008DD29000897
:10013000DD290008DD290008DD290008DD29000887
:10014000DD290008DD290008DD290008DD29000877
:10015000DD290008DD290008DD290008DD29000867
:08016000DD290008DD2900087B
:1001800030B490F800F020F007016FF0000C10F090
:10019000070491F820F040F048804FF000046FF021
:1001A0000700D1E9002391F840F000F1080082FA3D
:1001B0004CF2A4FA8CF283FA4CF3A2FA8CF34BBB08
:1001C000D1E9022382FA4CF200F10800A4FA8CF281
:1001D00083FA4CF3A2FA8CF3E3B9D1E9042382FA4F
:1001E0004CF200F10800A4FA8CF283FA4CF3A2FA64
:1001F0008CF37BB9D1E9062301F1200182FA4CF29C
:1002000000F10800A4FA8CF283FA4CF3A2FA8CF302
:10021000002BC6D0002A04BF04301A4612BAB2FA24
:1002200082F200EBD20030BC7047D1E9002304F029
:100230000305C4F100004FEAC50514F0040F91F85E
:1002400040F00CFA05F562EA05021CBF63EA0503FB
:1002500062464FF00004AAE7844641EA000313F027
:1002600003036DD1403A41D351F8043B40F8043BBD
:1002700051F8043B40F8043B51F8043B40F8043B80
:1002800051F8043B40F8043B51F8043B40F8043B70
:1002900051F8043B40F8043B51F8043B40F8043B60
:1002A00051F8043B40F8043B51F8043B40F8043B50
:1002B00051F8043B40F8043B51F8043B40F8043B40
:1002C00051F8043B40F8043B51F8043B40F8043B30
:1002D00051F8043B40F8043B51F8043B40F8043B20
:1002E00051F8043B40F8043B403ABDD2303211D3C0
:1002F00051F8043B40F8043B51F8043B40F8043B00
:1003000051F8043B40F8043B51F8043B40F8043BEF
:10031000103AEDD20C3205D351F8043B40F8043BBF
:10032000043AF9D2043208D0D2071CBF11F8013BBD
:1003300000F8013B01D30B8803806046704700BF83
:10034000082A13D38B078DD010F003038AD0C3F192
:100350000403D21ADB071CBF11F8013B00F8013B74
:1003600080D331F8023B20F8023B7BE7043AD9D333
:10037000013A11F8013B00F8013BF9D20B78037008
:100380004B7843708B7883706046704753B94AB995
:10039000002908BF00281CBF4FF0FF314FF0FF308D
:1003A00000F00CB8ADF1080C6DE904CE00F01BF8BC
:1003B000DDF804E0DDE9022304B07047704700BFB8
:1003C000430803F05533C01A00F03333800800F0BF
:1003D0003330184400EB10104FF0013300F00F30B1
:1003E0005843000E70472DE9F0478C468E46089E14
:1003F000154604461946002B40F0D080724547D977
:10040000B2FA82F74FB1C7F120030EFA07FC20FAC7
:1004100003F3BD4043EA0C0CBC404FEA154EA8B2B2
:10042000BCFBFEF8230C0EFB18CC08FB00F943EADA
:100430000C43994528D9EB1808F1FF3204D29945AD
:1004400002D9A8F102022B44A3EB0903A4B2B3FB27
:10045000FEFC0EFB1C330CFB00F044EA0344A042FC
:1004600014D92C190CF1FF3304D2A04202D9ACF1FB
:1004700002032C44241A43EA02401EB1FC4000232C
:1004800034607360BDE8F0874246DDE76346F1E71C
:10049000002A79D0B2FA82F3002B3FD01946C1F17D
:1004A000200302FA01F52EFA03F20EFA01FE20FAF9
:1004B00003F343EA0E034FEA154E00FA01F4B2FBD0
:1004C000FEFCAFB20EFB1C201A0C0CFB07F842EA34
:1004D000004290455AD9AA180CF1FF3004D2904539
:1004E00002D9ACF102002A44A2EB08029BB2B2FB93
:1004F000FEFC0EFB1C220CFB07F743EA02439F4263
:1005000046D9EB180CF1FF3204D29F4202D9ACF16C
:1005100002022B44DB1B42EA004202E0AEEB020384
:1005200001224FEA154EAFB2B3FBFEFC200C0EFBCE
:100530001C330CFB07F840EA034398452AD9EB1813
:100540000CF1FF3004D2984502D9ACF102002B44E3
:10055000A3EB0803A4B2B3FBFEFC0EFB1C330CFBA5
:1005600007F744EA0344A74216D92C190CF1FF33CC
:1005700004D2A74202D9ACF102032C44E41B43EAA3
:1005800000400F46114678E71F2188E76046ABE739
:100590006246BFE76046DBE76346EFE7734506D98F
:1005A00016B9002108466DE7C6E9000EF9E7B3FA6F
:1005B00083F787B9734501D3824207D8841A6EEB5B
:1005C000030301209C461EB900215BE73846FAE789
:1005D000C6E9004CF8E7C7F1200CBB4022FA0CF545
:1005E0001D4320FA0CF12EFA0CF30EFA07FE41EA35
:1005F0000E014FEA154900FA07F4B3FBF9F81FFAA8
:1006000085FE09FB18300B0C08FB0EFA43EA004389
:100610009A4502FA07F240D9EB1808F1FF3004D2EC
:100620009A4502D9A8F102002B44A3EB0A0389B230
:10063000B3FBF9F809FB183308FB0EFE41EA03414E
:100640008E452CD9691808F1FF3304D28E4502D9A2
:10065000A8F10203294443EA0040A0FB0298A1EB61
:100660000E014145CE46434602D306D14C4504D245
:10067000B9EB020E68EB05030138002EA4D0B4EBF1
:100680000E0261EB030101FA0CFC22FA07F34CEABB
:100690000303F940C6E9003196E74046C5E7434603
:1006A000D9E700002DE9F04F91B00592039313466E
:1006B00002F004020092C3F3C20210F0030301939C
:1006C00040F01B82074689460132041D002848D0AD
:1006D000072940F21582039B5D1EDDF804B0CDF8BA
:1006E00010B0CDF818B000264FF0FF3A4FF00408D4
:1006F000CDF808B0C3460FB1039B2360531E079388
:10070000002A40F35D81059B13F0020226D00120F0
:10071000E11B8B081AB1B1F5007F80F0F7810299D7
:100720000F2900F2F681002F00F05B81DBB201F1AE
:1007300040026A4402F8103C02F820AC002800F0A5
:100740004C8163F07F0301F140026A4402F8103CDF
:10075000049B01330493029B01330293043400226F
:100760003EE001F007031C44C3F10809B3E700268B
:1007700035E0002633E0002631E04FF00808C3469C
:100780002DE025292BD10AF1010A01264FF004089A
:10079000C34624E04729ECD82A2912D32A39C9B202
:1007A000012000FA01F14FF6DA70014217D111F081
:1007B000625F40F0C38011F0010F40F08D80002691
:1007C0000DE0252903D10AF1FF3A002607E0D2D82F
:1007D000202904D0232902D0002600E000261D464F
:1007E0006B1C6978002900F01581002EC9D07A2988
:1007F000BDD84C29CED34C392E29EFD801A050F8C2
:1008000021F000BFDF070008DD070008DD07000852
:10081000DD070008DD070008DD070008DD07000828
:10082000DD070008DD070008DD070008DD07000818
:10083000DD070008D1080008DD070008DD07000813
:10084000DD070008DD070008DD070008DD070008F8
:10085000DD070008DD0700083D090008DD07000886
:10086000D1080008D10800083D0900083D0900082A
:100870003D090008DF070008D10800087B070008D1
:10088000DD070008DF070008DD0700089B090008F6
:10089000D10800089B090008DD070008DD070008F3
:1008A000A5090008C9080008D1080008DD070008EC
:1008B000DD070008D1080008DD070008C1080008AE
:1008C0004FF00408C3468AE74FF00408C34686E7A2
:1008D00029786C2924D000264444013CB4FBF8F468
:1008E00008FB04F427B1E11B5944494500F20B8190
:1008F000002A5DD1BBF1040F00F08480BBF1080F2A
:1009000040F00A811A99073121F0070101F108002E
:100910001A90D1E900010FB1C4E9000108345EE783
:1009200013F8021C6C2904D000264FF00408C346BB
:10093000D2E700264FF00808C346CDE729784C29B6
:100940001BD01A99073121F0070101F108001A9014
:10095000D1E90001073424F0070447B1E61B08364B
:100960004E4514D82D784C2D14D0C4E9000108341C
:1009700000264FF00808C34631E71A99073121F0E5
:10098000070101F108001A90D1E90001E2E76FF0D8
:100990001B00AFE0C4E90001E9E700264FF00408BE
:1009A000C34699E7324600264FF00408C34693E752
:1009B0001A9A111D1A9112680392079A1D469AE617
:1009C0005B4B039A9A4203D35A4B9A42FFF49BAE75
:1009D000059B03F0020200209AE6069B0133069372
:1009E000B9E610B109F10109B5E6009B13B109F1AF
:1009F0000209B0E60398FFF7C3FB09EB000303F11C
:100A00000209A8E61A99081D1A90096807B1216021
:100A10000434E4E6DDF808B0E31BB3F5806F7ED262
:100A200087B100223A609B083B70009B73B1069B24
:100A3000FB70049BBB700BBB019DDDF810A0DDF8C3
:100A40000C803AE04B44A3F1080053E0069B7B7016
:100A5000EFE701339B45EFD903F140026A4412F8F6
:100A6000101C12F9102C002AF3DA01F07F01E21BAE
:100A700001324A4556D804F8011BEAE7019BE9E731
:100A8000009B3BB305F140036B4413F8203C04F892
:100A9000013B019EE31B334401334B4545D805F12F
:100AA00040036B4413F8103C04F8013B32464146C6
:100AB0002046FFF7D1FB34440135AB4519D9BAF1D3
:100AC000000FDDD005F140036B4413F9103C002BFF
:100AD000D6DAF1E705F140036B4413F8103C57F800
:100AE0002380002247F823204046FFF749FB461C9D
:100AF000D0E7E01B11B0BDE8F08F6FF00D00F9E713
:100B00006FF01B00F6E76FF01B00F3E76FF01500C6
:100B1000F0E76FF01500EDE76FF01500EAE76FF012
:100B20001500E7E76FF01B00E4E76FF01B00E1E75B
:100B30006C8D000820A800082DE9F04F97B000AF99
:100B40008346BA617B61D7F88030C3F3C0033B6250
:100B5000F96011B906F0B3F8F8609BF80260B1468D
:100B600036B1D7F8803013F0010F29D1002300E00F
:100B700000239BF803207A6222B1D7F8802012F07C
:100B8000020F00D1F3B19BF80050AA00BA60DBF865
:100B900004203A610BEB8505BA69FAB1002B40F0ED
:100BA0000581B9F1000F00F00F81D7F8803013F004
:100BB000040F00F00C81FE61002607F13400F9E01B
:100BC0000123D6E7BB691BB17A69F9685846984793
:100BD000FC6820465C37BD46BDE8F08FFC68E3B991
:100BE0004D4400237B6123E00444013501364E452A
:100BF0001AD22A7800235BF822201946B86906F039
:100C000073F8BAF1000FEFD0D7F888309845EBD2DF
:100C10002AF8180008F10108E6E70026C7F81C804A
:100C2000B046D7F884A0E2E7C7F81480D7F81C8054
:100C3000D7F8803003F00503FB604FF0000AA146AF
:100C4000C7F81CB09CE000253B6A7BB9002D79D029
:100C5000D7F8803013F0010F79D1FB68002B6FD1EA
:100C60000223A9EB030988E00125EDE7594638691D
:100C700006F080F80028E9D06C46002387F82C3075
:100C8000022387F82D308AB0694611F1100237D05F
:100C900012251AB1042D01DDB14B4B61002387F8F9
:100CA0002830022387F829306ABB112D45DD122335
:100CB00062B1042087F82C00002087F82D0087F807
:100CC0002E00012087F82F00F86A086128F001083B
:100CD00028F0020828F0040828F03808022161F3FF
:100CE0008818C3F30A0363F35328C8F313080023D7
:100CF00041469C4800F0B4FDA546A9F102093CE03C
:100D00006FF00045C5E72B46082D01DD3869886185
:100D10000C2B01DDC1F81CB001F12003002009E01B
:100D200000F1300C07F1280EF4441CF830CC03F825
:100D300001CB01300128F3D9B7E76FF01B03B7E708
:100D400001238EE7D7F8803013F0020F15D000236F
:100D500022461946B86905F0C7FFD7F8843053B169
:100D60007B69D7F88820934205D2D7F8842022F8EF
:100D7000130001337B61013881440AF1010A3546D1
:100D80007B6A9A4510D22E4616F802BB6B78FA6938
:100D900052F82340744B9C42FFF455AF734B9C4276
:100DA000FFF462AF00254FE74C4612E707F144001D
:100DB0000023FB614A462946FFF74EFA4D444FF0A7
:100DC0000008C7F804901BE00026FE61F6E7002645
:100DD000FE61F3E700253B6A33BB002D3BD0D7F81B
:100DE000803013F0010F26D0731C06F1300207F19A
:100DF0002801561806F8149CDEB208F101082546B1
:100E00007B6A98454AD22C4614F802AB95F80190BB
:100E10005BF82930544A9342DCD3544A934201D3BD
:100E20000025D8E70125D6E75146386905F0A2FF2D
:100E30000028D2D0E1E7D7F8803013F0040FDCD0DF
:100E4000FA69531C303207F128010A4402F8249C45
:100E5000DBB2FB61D1E7D7F8803013F0020F09D085
:100E6000731C06F1300207F12801561806F8149C8D
:100E7000DEB2C2E7F869431C00F1300107F1280235
:100E80008A1802F824AC02460232D2B2FA6107F1A3
:100E9000580252FA83F303F8249CAEE7D7F8049083
:100EA0009BF8003087F854309BF80130334487F8C2
:100EB0005530D7F8803013F0020F0ED1FB69C3F321
:100EC000470387F85730D7F8803013F0010F06D169
:100ED00013F0040F3ED1002302E00023F1E70023CA
:100EE00087F85630DBF800003863786DCBF80000E7
:100EF000D7F814804246B9685846D7F818A0D047AA
:100F0000041EFFF666AE386BCBF80000C7F81480FD
:100F10004246F96907F13400D04700285FDB04EB53
:100F20000008B96849447B6A01EB4301D7F8149083
:100F30004A46FB68591A2846D047041EFFF649AEB8
:100F400008EB04054FF00008C7F824B0B346544638
:100F5000CA4622E0FB69C3E74FF000090AE000BF80
:100F6000AC930008D89200086C8D000820A80008F7
:100F70004FF000095246012107F12C00A04700283C
:100F80002FDB05444B4632465146204605F0ACFE69
:100F9000002828DB054408F10108D84518D208F1DB
:100FA000300307F12802134413F8143C87F82C305F
:100FB0007A6A52F82360D7F88430002BCCD0D7F867
:100FC00088309845D4D2D7F8843033F81890D1E7D8
:100FD0007A6900210846BB6998472C46F9E5044622
:100FE000F7E50446F5E50446F3E500BF014B18605C
:100FF000704700BFA800002080B505460E46174682
:10100000984604F0FDFB034601F0F8FC0446DFF8C7
:10101000189049F80030424639463046A84754F8FF
:10102000090001F075FC00BF08000000034A536886
:1010300023F0020353600020704700BF002004E04B
:1010400008B50B4641680C31012B14D00AD833B9CE
:101050000F4B9B685B68C3B10D48984707E06FF082
:10106000850004E0023BDBB2012B01D8002008BD63
:101070006FF08500FBE7064B9B681B6813B10448C3
:101080009847F4E76FF05700F1E76FF05700EEE78D
:10109000248E000808B5024906F0AEF908BD00BF6D
:1010A0004110000810B5192808D8064B53F8204005
:1010B000204607F046FC18B1204610BD0024FBE78F
:1010C0000024F9E788A20008EFF31182102383F3CC
:1010D0001288BFF36F8F0B4B1B684BB90A490B6823
:1010E00043F480730B60084B1B6813F4807FFAD0C5
:1010F00004490B6801330B6082F31188BFF36F8FD3
:10110000704700BF3C0900200070004010B5EFF3AD
:101110001184102383F31288BFF36F8F144B1B6865
:10112000A3B9144B0122BFF35B8F53E8001F0029C2
:1011300003D143E800200028F7D1BFF35B8F0BD128
:101140000D4A02210D4806F000FB05E0012B08D0F6
:10115000074A1368013B136084F31188BFF36F8F54
:1011600010BD074A136823F480731360F0E700BFD3
:101170003C09002038090020F09400083093000852
:1011800000700040084B1A6842F480721A601A68B6
:1011900042F400721A601A6842F480621A60034BCB
:1011A000034A1A60704700BF003C0240080100205B
:1011B0000024F40038B505460B4C00E010340B4B0E
:1011C0009C420FD263685B79002BF7D029462046FA
:1011D00006F00FFA0028F1D023681B682946204644
:1011E0009847EBE738BD00BF4893000858930008C4
:1011F00070B506460D46084C00E01034074B9C4283
:1012000008D223689B69002BF7D02A463146204636
:101210009847F2E770BD00BF489300085893000854
:1012200008B507F08CFD0022431819D213440D4A6B
:10123000A2FB03CE2EF0030C0CEB9E0CA3EB0C03D5
:10124000C01A61F100014FF0CC3300FB03F302FB45
:101250000133A0FB02021344400840EAC37008BDFA
:101260000122E3E7CDCCCCCC2DE9F0410746054681
:101270000AE007EA0807144B03EB06135B68042235
:101280001968204606F0F5F9D5B195FAA5F6B6FA33
:1012900086F60D4C04EB06140123B3406FEA0308F5
:1012A00025EA0305237B002BEED03301064AD358F1
:1012B0001B69002BDDD0204698470028E4D1D8E7F1
:1012C0003846BDE8F08100BF489300082DE9F041A1
:1012D00080460F461F4BBFF35B8F53E8005F6A1CCD
:1012E00043E800210029F8D1BFF35B8F6DBB1A4C96
:1012F000002607E0636804221968204606F0B9F961
:1013000001361034154B9C4211D2237B002BF7D0B1
:10131000204606F062F923681B69002BEAD02046BC
:1013200098470028E6D00123B3401D43E8E7B8F111
:10133000000F0BD055B12846FFF796FF0546002F4A
:10134000F8D00A2006F057F9F4E700252846BDE852
:10135000F08100BF5409002048930008589300080A
:1013600008B5064B186018B1054B1B68092B00DC4B
:1013700008BD044803F058FEFAE700BF4809002002
:10138000500900207801002008B5024803F04CFE07
:1013900008BD00BF7801002030B589B000220F4998
:1013A0000F4807F0D0FC0F4D00220023CDE90623A3
:1013B000002404940E2303930294019400940A4B96
:1013C0004FF440720949284607F028FB084928468F
:1013D00003F096FE204609B030BD00BF8913000817
:1013E000400600208801002089170008800A00209C
:1013F00030950008014B53F82000704704A3000803
:1014000048B108B5054A1060054B1960084600F060
:1014100021FD002008BD6FF015007047AC000020D2
:101420004409002008B5054B1B781BB1034B012272
:101430001A7008BD024803F0F7FDF7E7640A0020C0
:101440007801002008B5104BBFF35B8F53E8001FF5
:10145000013143E80012002AF8D1BFF35B8F30B9A5
:101460000A4804F03DFD0A4803F0DEFD08BD094BC3
:10147000BFF35B8F53E8001F013943E80012002AD5
:10148000F8D1BFF35B8FEBE74C090020400600204A
:101490007801002050090020064B0022BFF35B8F2B
:1014A00053E8000F43E800210029F9D1BFF35B8F17
:1014B000704700BF4C09002038B5FFF7EDFF054627
:1014C000094C00E01034094B9C420BD263685B79F5
:1014D000002BF7D023685B68002BF3D02946204609
:1014E0009847EFE738BD00BF4893000858930008BD
:1014F000034B18680028D4BF00200120704700BFAC
:101500004C09002010B5044C0449204605F0C2FDEA
:10151000034B1C6010BD00BF3C010020F0A200087E
:101520004009002008B500230C4A13700C4A1360D0
:101530000C4A13604FF47A710B48FFF761FFFFF715
:10154000E1FF0A4A06E0094BD31A1B110133516827
:101550000B711032064B9A42F5D308BD650A002084
:101560004C0900205009002021120008489300086F
:101570005893000808B50146014806F04CF808BD2C
:101580003C01002008B5024805F067FE08BD00BF19
:101590003C01002008B50146024B186806F041F8EE
:1015A00008BD00BF4009002008B5024806F03DF81C
:1015B00008BD00BF3C01002010B582B0002200230E
:1015C000CDE90023304B187808B902B010BD684649
:1015D00006F043F8044680B1FFF7ECFD2046FFF724
:1015E000D9FF2A4BBFF35B8F53E8001F013943E853
:1015F0000012002AF8D1BFF35B8FFFF779FF70B9B3
:10160000234A1368516813F57A7341F1000113609E
:101610005160A4B3FFF7C8FF98B30120D5E707F0E6
:101620008EFB0022431828D213441A4AA2FB03CE91
:101630002EF0030C0CEB9E0CA3EB0C03C01A61F113
:1016400000014FF0CC3300FB03F302FB0133A0FB9E
:1016500002021344400840EAC3705B080C490A6860
:101660004968801A63EB010340F2E932904273F15A
:101670000003C5D3FFF720FFC2E70122D4E7002013
:10168000A3E70020A1E700BF640A00205009002062
:1016900038060020CDCCCCCC0F4B1B7803B1704763
:1016A00010B500210120FFF711FE0C4C00E01034B2
:1016B0000B4B9C4208D263685B79002BF7D0236800
:1016C0009B6820469847F2E7FFF776FF0028FBD19A
:1016D000014B01221A7010BD650A002048930008D2
:1016E0005893000810B582B01A4BBFF35B8F53E8D4
:1016F000002F511C43E800100028F8D1BFF35B8F86
:10170000154B1B7863B9154B1B68B3B1BAB1092AE5
:1017100013D1134804F0E4FB124803F085FC0CE0FD
:10172000EFF31184102383F31288BFF36F8FFFF759
:1017300043FF84F31188BFF36F8F02B010BD002206
:101740000023CDE9002342F210720023044804F084
:101750008DFBF2E750090020650A002048090020AF
:10176000400600207801002010B50446044B1B6899
:101770009847A0602146034805F073FF10BD00BFE5
:10178000AC0000203C0100202DE9F041002108467A
:10179000FFF79CFD804650B14FF4FA76002701F028
:1017A0002DF9154B1858FFF7DBFD002515E04FF01C
:1017B000FF364FF0FF37F2E74046FFF755FD804612
:1017C00070B94FF0FF364FF0FF3709E02C46324634
:1017D0003B460A4803F05EFC2546B8F1000FEBD10A
:1017E000FFF7EAFE04460028F6D1002DEED00021D6
:1017F0000846FFF7FDFCEAE708000000780100203A
:101800000248034BC01AC008704700BF4893000845
:10181000D092000810B50C46FFF7F2FFA04203D9A2
:10182000024B53F8340010BD0020FCE7D0920008B2
:1018300000B589B0059206930023079362B1074A69
:101840000C9B02930B9B01930A9B009305ABFFF744
:1018500073F909B05DF804FB0022F1E7897600080E
:101860002DE9F04F8BB004AF05461E468846C1F304
:101870004A24002C00F0898091460022FA603A61E7
:101880007A6104230293FB1801930A23009307F162
:101890000C0321464846FFF74FF9B0F5006F58D3C7
:1018A000D9F804106D4600233B7302237B738AB082
:1018B00004AC14F1100217D012201AB1042801DD73
:1018C0003B4B636100233B7002237B70CAB103462C
:1018D000082800DDA1610C2B02DD40F2FF73E361FB
:1018E00004F1200300210AE06FF00040E5E701F178
:1018F00018063E4416F8186C03F8016B01310129F3
:10190000F5D9112822DD122342B1042139730021B7
:101910007973B9730121F973F8682061002121F00E
:10192000010121F0020121F0040121F0380102201F
:1019300060F38811C3F30A0363F353210023C1F357
:1019400013011C4805F023FFAD462DE06FF01B038B
:10195000DAE760F35328C0F30A0A0AEB185017308D
:1019600020F007008008FFF705FE8346B0B104238E
:101970000293FB1801930A230093534600F11002CF
:1019800021464846FFF754FF08E004EB1154173492
:1019900024F00704A008FFF7EDFD834633464246D6
:1019A0002946584605F089FE1C37BD46BDE8F08F34
:1019B00048950008E89200082DE9F04F85B081466F
:1019C0000E4690461F46DDF838B0DDF840A0BAF16B
:1019D000000F41D0119B0393009353460F9A10219F
:1019E0000020FEF75FFE0546B0F5006F2CD20BEB32
:1019F0000500173020F007008008002424F00104BF
:101A000024F0020424F0040469F3C50468F3881484
:101A100065F353246BF31F54FFF7ACFD804650B1C0
:101A20001030BAF1000F06D0119B009353460F9A65
:101A30002946FEF737FE3B4622463146404605F032
:101A40003CFE05B0BDE8F08F40F2FF73034A02216F
:101A5000034805F084FEF4E70025C8E788950008F0
:101A6000E8920008406820B1034BC01A40F3CF0051
:101A700070474FF0FF307047D09200080EB400B5A9
:101A800082B0014603AB53F8042B0193034801F0E5
:101A9000BDF802B05DF804EB03B07047C5770008ED
:101AA00010B584B011F0440F05D01A4B1B6833B940
:101AB000002004B010BD1849FFF7E0FFF9E717490F
:101AC0000968B2FBF1F2B2FBF3FC03FB1C224FF4FA
:101AD0007A7E0EFB02F2B2FBF3F403FB14210EFB41
:101AE00001F1B1FBF3F10E4AA2FB0C32D20A4FF422
:101AF000616303FB12CC0B4BA3FB0CE35B0902916C
:101B00000194C3EB0311ACEB810100910649FFF78F
:101B1000B5FFCEE75C090020C095000858090020F9
:101B2000C5B3A29189888888CC95000861B108B5B1
:101B30002AB1064A52F8232012B9054A00E0044AA5
:101B40000449FFF79BFF08BD704700BF3CA3000896
:101B5000E8950008F09500082DE9F0410546174684
:101B6000079EDDF8208081B900242EB1324611494C
:101B70002846FFF783FF0444B8F1000F14D06FB17B
:101B80000B9B042B13D00C4909E00C4B0B9A53F818
:101B900022200B49FFF772FF0446E6E7064942465A
:101BA0002846FFF76BFF04442046BDE8F081054955
:101BB000F5E700BF08960008F895000850A3000854
:101BC00000960008F49500082DE9F04F89B005460D
:101BD0000C46069207939DF8587001F0020B01F035
:101BE000010AC1F3C00801F4807905F040FD38B363
:101BF000024618492846FFF741FF0646BBF1000F91
:101C000020D13A465146284605F007FEB9F1000FAB
:101C100001D00023139305979DF854300493149B2F
:101C20000393139B0293129B019300230093069A44
:101C300041462846FFF790FF304409B0BDE8F08FD9
:101C40000026DBE7079A21462846FFF729FF0644CE
:101C5000D7E700BF0C96000811F0100F0BD108B5A4
:101C600011F0200F03D00449FFF708FF08BD034916
:101C7000FFF704FFFAE77047109600081496000873
:101C80002DE9F04105460F46164698460699FFF79E
:101C9000E3FF002404E025492846FFF7EFFE013466
:101CA0004445F8DB002409E020492846FFF7E6FE1A
:101CB0000BE01F492846FFF7E1FE01340F2C0CDC36
:101CC000002C02DD14F0070FEED0B442F1D23A5DE1
:101CD00018492846FFF7D2FEEFE717492846FFF7D5
:101CE000CDFE002409E011492846FFF7C7FE0BE0AE
:101CF00012492846FFF7C2FE01340F2C13DC002CDA
:101D000002DD14F0070FEED0B44207D23A5D0C4B5F
:101D10009B5C13F0970FEBD12E22E9E7034928468D
:101D2000FFF7ACFEE8E7BDE8F08100BF18960008B9
:101D3000249600081C960008289600082C96000897
:101D400020A700082DE9F04186B004469DF83850E0
:101D50000F9F119E95B9012B21D01A484FF0000812
:101D600027B13B462246184904F0D4FFDEB91DBB1B
:101D7000204605F010FD06B0BDE8F08104959DF801
:101D8000340003900C980290019300920B460022BD
:101D900012992046FFF718FF80460C48E0E70B48F1
:101DA0004FF00008DCE7129B00934346324610993F
:101DB000204605F04AFDDAE72A461299204605F04A
:101DC00038FDD5E7FD7700080D2C0008C577000821
:101DD0002DE9F04383B00646056842F20F738B424B
:101DE00028BF0B46184A0521684604F04DF9044601
:101DF0007368D3F804900B27DFF8508005E04A465B
:101E000039464046A8473F1A8044002FF7D17368EF
:101E1000D3F804806F4605E0424621463846A8477D
:101E2000241A0744002CF7D173685F681B24084EFE
:101E300005E03A4621463046A847241A0644002CBD
:101E4000F7D103B0BDE8F0832097000830A3000865
:101E500014A30008074B01221A6004E04008054A59
:101E600013685B001360044B9842F7D8034B18606B
:101E7000704700BF5809002040420F005C09002055
:101E800070B506460D46002405E0315D04488368C0
:101E90005B6898470134AC42F7D3284670BD00BF59
:101EA000748F0008014B03600020704798A300085E
:101EB00008B50348034A121A002105F057FD08BD72
:101EC00088010020680A002008B50648064A121A50
:101ED000064905F04FFD0648064A121A064905F064
:101EE00049FD08BD000000208801002020A800084E
:101EF000000000200000002020A800082DE9F0418B
:101F000082B000AF0446D0F800E0D0F804C0856885
:101F10006E468AB06B4613F1100200F088801421DF
:101F20008AB10846042903DDDFF81C81C3F8148058
:101F3000082801DDC3F818E00C2801DDC3F81CC037
:101F4000102800DD1D62132974DD14253AB1052126
:101F5000397100217971B971F971786818610021BE
:101F600021F0010121F0020121F0040121F03801EA
:101F7000012363F38811C5F30A0565F35321C1F307
:101F8000130100233148FFF76BFCB546D4F80CC0B1
:101F900026696569E8468AB06B4613F110024CD099
:101FA000142182B10846042903DDDFF8A4E0C3F858
:101FB00014E0082801DDC3F818C00C2800DDDE613C
:101FC000102800DD1D6213293ADD14253AB10521E0
:101FD000397100217971B971F9717868186100213E
:101FE00021F0010121F0020121F0040121F038016A
:101FF000012666F38811C5F30A0565F35321C1F381
:102000001301124D00232846FFF72AFCC546E36959
:10201000104A3146284605F0A2FBA3690E4A314614
:10202000284605F09CFB0837BD46BDE8F0816FF0FF
:10203000004175E76FF01B0588E76FF00041B0E7DE
:102040006FF01B05C2E700BF7096000808930008F8
:10205000A0960008D0960008E096000838B504461F
:102060000D4611B10846FFF749FF012C04D029465F
:10207000204602F099FD38BDEFF30583103B034A7B
:102080000121034805F06BFBF1E700BF1097000842
:102090000893000830BFFFF7FDBF00BF38B5044606
:1020A000054D2A460549FEF7D7F8054A0021601973
:1020B00003F054FF38BD00BF000000009C930008EF
:1020C0000400000070B50646064D074B1D444C1B2E
:1020D0002046FFF7E3FF083CC6F8A44005F10800DE
:1020E00070BD00BF00000000040000008169104BBB
:1020F0005A6942F480725A61BFF34F8FBFF36F8FFA
:1021000031F8021C5A6922F480725A61BFF34F8F72
:10211000BFF36F8F01F47F43B3F55F4F01D0002011
:102120007047C9B2022901D00020704701207047D2
:1021300000ED00E04FF0000C83F800C002F07F4C8F
:10214000BCF17F4F14D102F00C0CBCF1080F04D08D
:1021500012F0080F09D00846704708B5054A01215A
:10216000054805F0F2FA002008BD01221A707047F8
:1021700000207047249700080893000808B52B4AF0
:1021800001212B4805F0E1FA2A4B9B6A13F0007FEE
:1021900021D11D20274B9B6A13F0807F22D1254B34
:1021A0009B6A13F4002F24D1224B9B6A13F4802FD7
:1021B00026D1204B9B6A13F4003F28D11D4B9B6A0C
:1021C00013F4803F2AD11B4A936A6FEA03436FEAF4
:1021D0001343936208BD184A0121154805F0B5FA6A
:1021E0001E20D7E7154A0121114805F0AEFA1F203D
:1021F000D5E7134A01210E4805F0A7FA2120D3E7BD
:10220000104A01210A4805F0A0FA2220D1E70E4A1F
:102210000121074805F099FA2320CFE70B4A012155
:10222000034805F092FA2420CDE700BF509700083C
:102230000893000800ED00E0689700087C9700080C
:1022400098970008B8970008E0970008FC970008E6
:1022500008B500230B70034A0121034805F075FA05
:1022600008BD00BF289800080893000890B583B007
:1022700000AF0F2923DC2F4C103900233B710223C0
:102280007B718AB0EC461CF110021AD0122022B1E8
:10229000042802DD284BCCF8143000233B700223C5
:1022A0007B70E2B10346082801DDCCF818400C2B06
:1022B00001DDCCF81C100CF1200300210DE01F4CB7
:1022C000DAE76FF00040E2E701F1080404EB070EE3
:1022D0001EF808EC03F801EB01310129F4D91128AB
:1022E00024DD12234AB10421397100217971B971B9
:1022F0000121F9717868CCF81000002121F001016A
:1023000021F0020121F0040121F03801012060F3E5
:102310008811C3F30A0363F35321C1F313010023AC
:102320000748FFF79DFA0C37BD4690BD6FF01B03C1
:10233000D8E700BF4C98000880980008649800080F
:1023400008930008F8B505460F461446374A0121A0
:10235000374805F0FAF9374B9B6A13F4805F25D1B3
:102360001626344B9B6A13F4006F26D1314B9B6ABF
:1023700013F4007F28D12F4B9B6A13F4806F3FD159
:102380002C4B9B6A13F4807F41D12A4B9B6A13F438
:10239000005F43D1274A936A43F47F43936201214C
:1023A000284605F0F7FA20703046F8BD224A012190
:1023B0001F4805F0CAF91726D3E7204A01211C4817
:1023C00005F0C3F91826D1E71D4A0121184805F088
:1023D000BCF9184A936B926A12F4004F01D1192686
:1023E000C9E7184A0121124805F0B9F937B1114A75
:1023F000936A23F4004393621926BCE71926BAE7CF
:10240000114A01210A4805F0A0F91A26B8E70F4A37
:102410000121074805F099F91B26BBE70C4A012169
:10242000034805F092F91C26B4E700BF9498000811
:102430000893000800ED00E0AC980008C098000880
:10244000D4980008F098000808990008249900081A
:102450003C9900082DE9F04104460F461546464ACE
:102460000121464805F071F9454B9B6A13F0100FA6
:102470003CD11026424B9B6A13F0080F3DD1404BD4
:102480009B6A13F0020F3FD16FF015083C4B9B6A1B
:1024900013F0010F58D13A4B9B6A13F0200F5AD119
:1024A000374B9B6A13F0100F04D1354B9B6A13F026
:1024B000020F04D0324B5B6813F4006F52D1304BE3
:1024C0009B6A13F0200F04D02D4A536A23F4005363
:1024D00053622B4A936A43F0FF0393620121204623
:1024E00005F058FA28703046BDE8F081254A0121F0
:1024F000224805F02AF91126BCE7234A01211F488A
:1025000005F023F91226BAE7204A01211B4805F0FD
:102510001CF91B4BD3F834809B6A13F0800F03D156
:102520006FF015081326B1E74346194A01211348F5
:1025300005F015F937B1124A936A23F080039362CC
:102540001326A3E71326A1E7124A01210B4805F041
:10255000FCF814269FE7104A0121084805F0F5F819
:1025600015269DE72146404605F04CFA0028A6D0E6
:1025700080F309880226A2E76C99000808930008F6
:1025800000ED00E084990008C0980008B8990008A0
:10259000D0990008E89900083C99000870B50646F3
:1025A0000D462B4A01212B4805F0CFF800232B7054
:1025B000294BDC6A14F002040AD1274BDB6A002B9A
:1025C0000DDB254BDC6A14F080440ED1204670BD33
:1025D000224A01211F4805F0B8F80024F6E7204AF6
:1025E00001211C4805F0B1F8F0E71E4A0121194805
:1025F00005F0ABF83046FFF779FD98B9164B9B6AAA
:1026000013F0FF0F16D1144B9C6A14F47F4418D1B9
:10261000114B9B6AB3F5803FD8D33046FFF7AEFD30
:102620000446D3E73368104A01210A4805F097F8B9
:102630003468CBE72A4601213046FFF70BFF0446FA
:10264000C4E72A4601213046FFF77CFE0446BDE779
:10265000089A00080893000800ED00E0209A00089E
:10266000449A0008549A0008749A000830B58BB058
:102670001E4B5D68C5F30805002383F31188BFF383
:102680006F8F0DF12603FFF755FD04460DF127026C
:10269000294605F081F99DF827300BB10BB030BD0C
:1026A00005460DF1040C20686168A268E368ACE897
:1026B0000F0020696169A269E369ACE80F009DF829
:1026C00026304BB1089BC3F308024AB96FEA532383
:1026D0006FEA4323089303E0089B6FF30803089312
:1026E00001A92846FFF7BAFCD8E700BF00ED00E0DB
:1026F000044B5A6942F010025A615A6922F00802EA
:102700005A61704700ED00E0EFF30880EFF30981B4
:1027100001B57246FFF7AAFF01BD00BF0C4880F368
:10272000088800200B490870102080F311880A489F
:102730004FF40461401880F30988EFF314800221FC
:10274000084380F31488BFF36F8F00F049F800004E
:10275000801B0020670A0020C00D00201EF0040F1F
:102760000CBFEFF30880EFF30980816911F8021CB8
:102770000229FFD001B5724605F000F901BD00BF86
:10278000002807DB00F01F02400901239340024AA2
:1027900042F82030704700BF00E100E0002808DB6D
:1027A0000901C9B200F1604000F5614080F80013F2
:1027B000704700F00F000901C9B2014B195470476E
:1027C00014ED00E0044B23F07F03044A9360BFF351
:1027D0004F8FBFF36F8F70470000000800ED00E0DF
:1027E00008B5FFF7EFFF0B4AD2F8883023F47003E7
:1027F000C2F88830EFF3148323F0040383F31488C2
:10280000BFF36F8FFFF754FBFFF75EFB00F0CCF8D0
:1028100002F0CCFB00ED00E0104B9B68BBB110F167
:10282000160F0BD0D3F89420A2F1400C844510D899
:10283000824210D98A4207D800207047D3F89420EA
:102840008A4201D800207047D3F8940070470020D6
:102850007047002070470020704700BF300A0020FA
:1028600010B4A2F120040E4942F8081C21F0010125
:1028700042F8081C42F8203C019B42F81C3C029B99
:1028800042F8183C039B42F8143C4FF0807342F826
:10289000043C04650023C0F8A83010BC704700BF9A
:1028A000F90F000808B50E4615460C4A9060D0F89E
:1028B000A4200B4B1A6000F0B5F82C4686F309886B
:1028C0000020044B98472046002100220023024CA0
:1028D00020470000137A0008F90F0008300A002092
:1028E00088090020014B10221A61704700ED00E0BA
:1028F000054B5A699B689A4204D0044A536843F0D6
:1029000080535360704700BF300A002000ED00E0A4
:1029100008B50A4B9B68834202D002F077FF08BDDE
:10292000EFF30583002BF8D0054B5A6842F0805234
:102930005A605A6A22F400425A62EEE7300A0020D6
:1029400000ED00E015498A684FF030001044EFF3C5
:10295000098C80E8F01F102080F31288BFF36F8F7E
:102960000F4F4FF000664A698A603E60D2F8A400BB
:102970000C4C2060D2F8A8000023C2F8A83080F3E5
:10298000118804B5104600F04DF8BDE8044002F18E
:10299000300090E8F01F8CF309887047300A00205F
:1029A00004ED00E088090020002206E003F00F0398
:1029B0000949194410230B760132492A0ADC53B223
:1029C000002BF3DB03F1604303F56143102183F82F
:1029D0000013F1E7704700BFFCEC00E008B5EFF32F
:1029E0000583103B044A02EBC301496852F83300E7
:1029F0008847FFF77DFF08BD009000080148006888
:102A0000704700008809002008B5034B034A0121E4
:102A1000034805F03DF908BD0080012000000020BA
:102A200098A3000808B5D0F89430403B04480360F0
:102A300040234360034B8360012105F02DF908BD5D
:102A40008C09002000000B15084AC2F898000B689A
:102A500023F01F03034343F01003C2F89C308B683C
:102A600043F00103C2F8A030704700BF00ED00E062
:102A700010B504460A4BD3F89030C3F30723013B4B
:102A8000984203D8FFF7E0FF204610BD0346054AF1
:102A90000121054804F063FE6FF01500F5E700BF63
:102AA00000ED00E0949A0008009300082DE9F84337
:102AB00080460F4699461646002509E02146F0B2A9
:102AC00004F0CCFF064610F1160F1AD0013601357E
:102AD000BD4216DA05EB450408EB84046268002A5F
:102AE000F5D0B9F1000FE9D0204604F0A6FF002888
:102AF000E4D12B46044A0121044804F030FE6FF073
:102B000015063046BDE8F883BC9A0008009300081B
:102B100010B5034C01232278FFF7C8FF207010BDC9
:102B2000660A002008B500230B4A1278FFF7BEFFA3
:102B300010F1160F0FD0024606E0084BC3F898209C
:102B40000021C3F8A0100132044BD3F89030C3F336
:102B500007239342F1DC08BD660A002000ED00E087
:102B6000044B0522C3F89420BFF34F8FBFF36F8F40
:102B7000704700BF00ED00E0BFF35F8F024B002203
:102B8000C3F89420704700BF00ED00E038B51C4B3F
:102B90001D681C4BD3F89030C3F307239D422BD8FC
:102BA000FFF7EAFF002409E0154B5B6804EB4401E2
:102BB00003EB81012046FFF747FF0134A542F3D81C
:102BC0001148057004F069FF10F1160F13D00E4B79
:102BD0001A780C4BD3F89030C3F307239A4207DAE4
:102BE000084BC3F898200021C3F8A0100132F0E789
:102BF000FFF7B6FF002038BD4FF0FF30FBE700BF06
:102C0000A4A3000800ED00E0660A002070B586B0BD
:102C100006460D461146684600240094019402942D
:102C200003940494059402228DF80220044A019230
:102C3000049605951A4603F0D9FA06B070BD00BF98
:102C4000A17C000808B5024B1B689847002008BD0E
:102C500098090020034B1860034A937843F002035D
:102C60009370704798090020B800002008B5064905
:102C700021F00701C1F1005202F5C032034803F010
:102C8000CBFF002008BD00BFC71B00209C0900200F
:102C900000B583B0094B93E8030002AB03E90300DE
:102CA000074B9B681B682BB169460548984703B0E2
:102CB0005DF804FB6FF05700F9E700BF9C93000834
:102CC000248E000808B500F01F02012393401F283E
:102CD00006D8074A526993430CBF0120002008BD63
:102CE0000346044A0121044804F039FD0020F6E7B8
:102CF000003C0140F49A0008E092000808B500F09A
:102D00001F02012393401F2803D8064A5361002065
:102D100008BD0346044A0121044804F020FD6FF079
:102D20001500F5E7003C0140F49A0008E092000825
:102D3000002399420ADD10B400EB030C044C04F8A4
:102D40000C2001339942F7DC10BC7047704700BF7C
:102D5000C8000020F8B50746002401E00134E4B2C1
:102D60007B78A34217D93D7866193046FFF7AAFF52
:102D70000028F3D03046FFF7C1FF074B53F8362049
:102D8000002AEBD006F01F0503EBC60359680120AB
:102D9000A8409047E2E7F8BDA80900205FFA81FC4F
:102DA0000CF102020A4B53F822200B0C22EA1141CB
:102DB00093FAA3F34BB1B3FA83F3984001430CF1B8
:102DC000020C034A42F82C1070472023F5E700BF9D
:102DD00000380140C3B20233074A52F82320030CE3
:102DE00002EA104093FAA3F31BB1B3FA83F3D8407D
:102DF00070472023FBE700BF0038014008B50346B9
:102E000068B1B0FA80F2C2F11F02D2B20549885609
:102E1000054A11680B43136004F0E3FD08BDFF226F
:102E2000F4E700BFC8000020003C0140024A1368DC
:102E300023EA000313607047003C0140032926D8B1
:102E4000DFE801F0020C151E114B9A6822EA00021D
:102E50009A60DA6822EA0002DA6070470C4B9A68DE
:102E600002439A60DA6822EA0002DA607047084B8F
:102E7000DA680243DA609A6822EA00029A607047D0
:102E8000034B9A6802439A60DA681043D86070472F
:102E9000003C014010B498B1B0FA80F3C3F11F03B5
:102EA000DBB29C460D4850F8330088420AD088B9FE
:102EB0000A4B43F83C1003EBCC035A6010BC70473C
:102EC000FF23EEE7054C04EBC3035B689342EED1AE
:102ED0000020F3E76FF00F00F0E700BFA809002023
:102EE00060B1B0FA80F3C3F11F03DBB2044A0021E2
:102EF00042F8331002EBC30251607047FF23F5E73D
:102F0000A809002070B544681A4B9D682B6843B32C
:102F100004F1080117489847064610BB94F845305D
:102F200013F0010F07D004F11001AB69E3B10022E7
:102F300010489847C0B994F8453013F0020F07D0F5
:102F400004F11801AB6993B100220A48984770B99F
:102F5000236A09494A6822F4403213434B603046E1
:102F600070BD6FF00406FAE76FF00406F7E76FF044
:102F70000406F4E7248E0008002301402DE9F04107
:102F800047680369D7F80080D3F8A05000260EE008
:102F900004EB44021E3A44EA025297F94230012BF4
:102FA0001AD00123A34025EA03050136F6B225B362
:102FB00095FAA5F4B4FA84F40DB94FF0FF34013456
:102FC000E4B2013CE4B2092CE2D804EB440244EA46
:102FD000025242F00072E0E70C4B53F826104046D4
:102FE00004F015FF0A4B53F82630D8F82C2022F4B1
:102FF00070021343C8F82C30D3E7D8F8043043F4F8
:103000008073C8F804300020BDE8F0819CA400085B
:103010005CA400084900036813B19B8903FB0111FC
:10302000C3688B4201D30020704700B583B0009184
:10303000044A0121044804F09DFB6FF00B0003B02B
:103040005DF804FB389B0008D092000870B5446816
:103050002568002300E0013394F940209A4205DD01
:1030600091F810C0A06AC05C8445F4D19A420AD09D
:103070006A6802F04072E16A9E0051F82330934280
:1030800009D1002070BD0B4A01210B4804F05DFB03
:103090006FF01500F6E70021284604F08AFE0028AC
:1030A000F0D1E36A9B596A6822F0407213436B6067
:1030B000E8E700BF609B0008D092000810B54468A4
:1030C00021B30A4643F6FF73994221D08B0B032BA1
:1030D0000CD10020072811DC00F1180334F813305C
:1030E00043F44043934210D00130F3E7094A0121F1
:1030F000094804F02AFB6FF0150006E0074A012199
:10310000054804F022FB6FF0150010BD0020FCE71D
:103110000720FAE7749B0008D09200089C9B0008E7
:1031200070B50D46446826681146FFF7C7FF0028B2
:1031300017DB94F941303BB1002B19DB013BDBB2CB
:10314000012B15D800200CE0092D0BD805EB450309
:1031500045EA035343F000710246304604F078FE1E
:10316000002070BD05EB45031E3B45EA0351F3E724
:10317000034A0121034804F0E8FA6FF01500F0E774
:10318000C09B0008D092000808B5436893F845300A
:1031900013F0100F03D10B7913F0200F0DD10B7822
:1031A000092B12D14B78042B17D10B794A8803F0E5
:1031B0001F01FFF7B5FFC0B908BD104A0121104833
:1031C00004F0C3FA6FF01500F6E70E4A01210C482F
:1031D00004F0BBFA6FF01500EEE70B4A0121084836
:1031E00004F0B3FA6FF01500E6E7084A012104483D
:1031F00004F0ABFA6FF01500DEE700BFF89B0008A3
:10320000D0920008289C0008409C00085C9C0008A4
:1032100000B583B0034608309B6F63332CBF4FF07B
:10322000010C4FF0000CC3F31302190D41EA0C31ED
:103230001144114AA2FB01E2D20802EB820202EB26
:1032400082028A1A9B1A6CF1000C0C490C4A03FB8F
:1032500002F201FB0C22A3FB01310A449B0843EA62
:1032600082739208009301920022002302F0FEFD77
:1032700003B05DF804FB00BF1F85EB51295C8FC2D2
:10328000F5285C8F2DE9F04107460D464368066935
:10329000D3F800808B68C6F894304868C6F8A00060
:1032A000FDF78EF8C0B286F8A400002386F8A5309A
:1032B0002B7C86F89C30002838D010283ED8294630
:1032C0003846FFF7C3FE041E41DB3846FFF756FEC3
:1032D000041E42DB96F8A4102846FFF79BFE044626
:1032E000002840D16B7C002B43D1AB7C002B48D114
:1032F000404604F04DFD6FF02003C8F80030D8F8C8
:10330000083043F48063C8F80830D8F8043043F03C
:103310002003C8F804302946304604F0CDFD30467D
:1033200004F0F9FD04462046BDE8F081194A012168
:10333000194804F00AFA6FF01504F4E71023174A4D
:103340000121154804F00BFA6FF01504EBE7144A5D
:103350000121114804F0F9F9E5E7124A01210E486C
:1033600004F0F3F9DFE7104A01210B4804F0EDF90E
:10337000D9E70E4A0121084804F0E7F96FF0850407
:10338000D1E70B4A0121044804F0DFF96FF085040E
:10339000C9E700BF749C0008D09200088C9C00080C
:1033A000B89C0008DC9C0008FC9C0008109D0008EC
:1033B0002C9D0008F8B5056946683768C5F8900087
:1033C000FF2385F8A63085F8A730FFF79BFD002185
:1033D000706A04F0E3FD041E0CDB736803B19847C8
:1033E0000121384604F0E5FC284604F0C3FD002422
:1033F0002046F8BD14F1020FEFD02346024A012106
:10340000024804F0ACF9F3E7489D0008D0920008A8
:1034100070B50446066943681D682B6813F0200FD9
:1034200015D12B6813F0020F10D0EA6CD6F8943047
:10343000991CC6F894101A8096F8A5300133DBB2B7
:1034400086F8A53096F8A420934209D070BD6FF09D
:1034500020032B60064A0121064804F076F9E0E7D4
:10346000002386F8A5302146304604F0CAFDEDE77A
:10347000689D0008D092000808B50248FFF7C8FF11
:1034800008BD00BFAC8F00080C4B1B6813F0020F87
:1034900009D10A4A136843F001031360074B1B6804
:1034A00013F0020FFAD0054A936823F003039360E8
:1034B000024B9B6813F00C0FFAD1704700380240A2
:1034C0000C4B1A6842F480221A601A6842F4803267
:1034D0001A60084B1B6813F4003FFAD0054A536F7B
:1034E00043F001035367034B5B6F13F0020FFAD0F5
:1034F000704700BF00380240F8B50C461546424BF5
:103500001E680221304604F0C5FD07460121304601
:1035100004F0C0FD2388C3F30B010B46442929D8CE
:1035200009B2002968D0013B432B68D8DFE803F0DB
:103530003D53565A5D3F49676767676767676767C7
:103540006767676760626767676767676767676717
:10355000676767676767676767676767676767352D
:10356000676767356767673767676767676767397B
:103570006767673BA8290DD12E602368B3F5805F8C
:1035800040D32A68C3F313330133B2FBF3F22A604A
:10359000002036E06FF0850033E02E60EDE72E600E
:1035A000EBE72F60E9E72860E7E72E60E5E700F04A
:1035B000CFF804234FF4A872082104F064FD2860BA
:1035C000DBE700F0C5F807234FF4A872082104F0E8
:1035D0005AFD2860D1E700232B60CEE74FF4FA4371
:1035E0002B60CAE700232B60C7E7084B2B60C4E7BA
:1035F0002E60C2E72E60C0E76FF0850001E06FF03B
:103600008500F8BD0020FCE70801002000127A00C8
:1036100008B51B4B9B6803F00C03082B27D0184AF6
:10362000136823F080731360154B1B6813F0007F41
:10363000FAD1144AD2F8043823F4403343F48033E7
:10364000C2F80438D2F8043823F0706343F0E06322
:10365000C2F8043800F080F8094A136843F0807318
:103660001360074B1B6813F0007FFAD008BDFFF70B
:103670000BFF034A936823F0F0039360CFE700BF8A
:103680000038024000300240162806D8064BC340DE
:1036900013F0010F04D0002070476FF085007047D1
:1036A0006FF08500704700BFEA00600038B500F099
:1036B00077F8234C204604F06AFD01F07BF9214B9A
:1036C0009B68C3F30313204AD35C20FA03F51378F5
:1036D0001C41A5422CD3FFF7F3FEFFF799FF194ACF
:1036E000936823F0F0039360936823F0030343F09F
:1036F00002039360134B9B6803F00C03082BF9D172
:10370000A54219D2114B0E4A1A600E4B9A6822F448
:10371000E05242F480529A609A6822F460429A60C1
:10372000D3F88C2022F08072C3F88C20002038BDA2
:10373000204601F0ADF9CEE7204601F0A9F9E1E716
:1037400000BD01050038024078A6000808010020ED
:103750000048704700127A0008B504F019FD0C4BC0
:1037600059680C4A0A4040F4A84141F008010A4354
:103770005A605A6822F4403242F480325A605968E2
:10378000054A0A40054901430A435A6008BD00BF83
:10379000003802400080BFFF0080BFF008540007DF
:1037A00082B0064B1A6C42F080521A641B6C03F014
:1037B00080530193019B02B0704700BF0038024064
:1037C00010B504460A2806D0E1B2064883685B6853
:1037D0009847204610BD034883685B680D219847D1
:1037E000F2E700BF748F000810B5044C2046FFF7C5
:1037F00031FA2046FDF7FAFB10BD00BFC1370008C3
:1038000008B5054805F09DF818B1FFF7EDFF002059
:1038100008BD6FF01200FBE7748F00082DE9F84334
:1038200080460F4616461C46D0F80490D9F808008A
:1038300004F08EFAB6F5001F0ED00546B6F5800FDF
:103840002AD0B4F1806F0ED0B4F1C06F0DD0B4F1B6
:10385000007F24D1022609E03946D9F8080004F097
:103860006BFD002415E0012600E0032642460F49C7
:103870002846FFF70FFB0446A0B9D9F808103846D0
:1038800004F06BFA31462846FFF7D8FA2846FFF7CE
:10389000B5FA2046BDE8F8836FF08504F9E76FF0CC
:1038A0001504F6E76FF00F04F3E700BF5B82000832
:1038B00010B5402910D007D804290FD010290FD0F7
:1038C00001290FD1002110E0B1F5807F0CD0B1F5B6
:1038D000806F1ED1052108E0032106E0012104E0EC
:1038E000022102E0062100E0042118300A4B13F8FF
:1038F00001C050F80C30094C14F801E0732101FAB2
:103900000EF123EA010302FA0EF2134340F80C30E1
:1039100010BD0621E9E700BFB0A50008A8A5000872
:10392000402912D008D8042912D0102913D0012917
:1039300014D14FF0000C16E0B1F5807F11D0B1F535
:10394000806F1ED14FF0050C0DE04FF0030C0AE024
:103950004FF0010C07E04FF0020C04E04FF0060CB2
:1039600001E04FF0040C036A074911F80CC0022172
:1039700001FA0CF123EA010302FA0CF21343036289
:1039800070474FF0060CEEE7A0A50008402912D0C2
:1039900008D8042912D0102913D0012914D14FF0CE
:1039A000000C16E0B1F5807F11D0B1F5806F1FD10A
:1039B0004FF0050C0DE04FF0030C0AE04FF0010C46
:1039C00007E04FF0020C04E04FF0060C01E04FF06E
:1039D000040C4368084911F80CC04FF4807101FAD7
:1039E0000CF123EA010302FA0CF21343436070471F
:1039F0004FF0060CEDE700BF98A5000810B4402971
:103A000010D007D804290FD010290FD001290FD1C9
:103A1000002210E0B1F5807F0CD0B1F5806F18D195
:103A2000052208E0032206E0012204E0022202E06F
:103A3000062200E004221830074B995C4358074CDB
:103A400014F802C0082202FA0CF21343435010BCCF
:103A500070470622EFE700BFB0A50008A8A5000840
:103A60002DE9F8431E46BDF820C043681C684F1E70
:103A7000032F1DD8B4F1804F05D04148844202D0B5
:103A8000B2F5803F1DD83F4850F82780032921D840
:103A90003D4850F827501CF4807F1DD0EDB90B46EF
:103AA0003A4A01213A4803F05AFE6FF0150049E006
:103AB0000B46384A0121364803F051FE6FF01500DD
:103AC00040E01346344A0121314803F048FE6FF0CC
:103AD000850037E00025DEE74546002A34D09B68A4
:103AE000002B37D102F1FF39604604F0FDFC02469D
:103AF00029462046FFF714FF284B53F8273031465C
:103B000020469847C4F82C90236A35EA030334D042
:103B1000602241462046FFF7CBFE00222946204680
:103B2000FFF734FF236A1D432562236843F08003B7
:103B3000236041462046FFF761FF636943F00103BC
:103B400063610020BDE8F883236A23EA050323624A
:103B50000020F7E7102B08D0202B0AD0402B08D0EC
:103B6000602B06D06FF08500ECE7013E02F1FF39D3
:103B7000BAE776084FEA5209B6E70020E2E700BF4D
:103B8000000C004088A500087CA500086C9E000879
:103B900018930008109E0008289E00086CA50008D5
:103BA0002DE9F04784B000AFD0F810A045682E682A
:103BB0006969AD4BD3F80890D9F80030002B00F0BC
:103BC000A9808046A8489847041EC0F2A580AB692A
:103BD000012B40F2BF8069690831D9F81830002BF9
:103BE00000F0A5800022A04898470446002840F035
:103BF000A08069690831D9F80C30002B00F0A08052
:103C000007F10C0298489847B0F10009C0F29A8079
:103C1000FB68CAF80030DAF80810DAF8040004F09B
:103C20005AFC0021E86904F077FCB0F10009C0F209
:103C300099806B68B3620023F3628C4B9E420ED076
:103C4000B6F1804F0BD0A3F57C439E4207D003F51D
:103C500080639E4203D003F580639E4205D1AB682A
:103C6000326822F0700213433360804B9E421AD0B8
:103C7000B6F1804F17D0A3F57C439E4213D003F5D5
:103C800080639E420FD003F580639E420BD003F504
:103C90009A339E4207D003F580639E4203D003F51A
:103CA00080639E4203D1336823F4407333606F4BCB
:103CB0009E425FD0B6F1804F5ED06D4B9E425BD08E
:103CC00003F580639E4257D003F580639E4253D034
:103CD0002B69002B54D0D8F800106D4600233B729E
:103CE00002237B7288B06B4613F1100253D00E2072
:103CF0001AB1042801DD5F4C5C6100243C71022490
:103D00007C71002A54D0082800DD996103F11C0160
:103D100000244BE06FF057042346574A01215748CF
:103D200003F01DFD20461037BD46BDE8F0876FF05B
:103D300057042346524A0121504803F010FDF1E791
:103D40006FF057094B464F4A01214C4803F007FDDD
:103D50004C46E7E74C4A0121484803F0F6FC6FF077
:103D60001504DFE74B46494A0121444803F0F7FCBC
:103D70004C46D7E7002333632969304604F0BBFB88
:103D80003A4B9E423ED0EB68002B46D1336843F05D
:103D900001033360C6E76FF00040A9E704F11006A5
:103DA0003E4416F80C6C01F8016B0134012CF5D976
:103DB0000D2824DD0E2442B10321397200217972CD
:103DC000B9720121F972B8681861002121F001016E
:103DD00021F0020121F0040121F03801012363F3F5
:103DE0008811C4F30A0464F35321C1F313010023BF
:103DF0002248FDF735FDAD466FF0850492E76FF080
:103E00001B04D8E7EB68726C22F0FF021343736463
:103E1000736C43F400437364B8E7D8F800106D4640
:103E200001223A7203227A728AB06C4614F11002AF
:103E300017D012204AB10646042803DDDFF850C02F
:103E4000C4F814C0082E00DDA36101233B710323D5
:103E50007B714AB30C2800DDE16104F120030021ED
:103E600020E06FF00040E5E7248E000800000140EC
:103E700000040040389F0008949E00081893000832
:103E8000B49E0008D49E0008F49E0008189F000805
:103E9000609F000801F110063E4416F80C6C03F810
:103EA000016B01310129F5D9112824DD122342B11A
:103EB0000421397200217972B9720121F972B8684E
:103EC0002061002121F0010121F0020121F0040113
:103ED00021F03801012060F38811C3F30A0363F372
:103EE0005321C1F3130100230448FDF7B9FCAD468B
:103EF0006FF0850416E76FF01B03D8E718930008EE
:103F00002DE9F843D0F80480A9B10F46EFF31183EF
:103F1000102282F31288BFF36F8F9946494AD26804
:103F200012F0100F0FD183F31188BFF36F8F6FF072
:103F30003C00BDE8F883444A0121444803F005FCF5
:103F40006FF01500F5E73F4804F031FB06463D4BA6
:103F50001D6825F07F4525F4400525F4004525F032
:103F60008005384B9C6AA4B29B6A9BB29C42F8D1F4
:103F7000344B1B6823F07F4323F4400323F40043B6
:103F800023F08003AB42E2D12E4804F010FBB04294
:103F9000D9D189F31188BFF36F8F06F00F03C6F3F1
:103FA000031202EB820203EB4203DBB264337B6158
:103FB000C6F30323C6F3033202EB820203EB420390
:103FC000DBB2013B3B61C6F30343C6F3035202EB92
:103FD000820203EB4203DBB2FB60360E072E2ED0CB
:103FE000BE61C5F303422B0D03EB830302EB4303D6
:103FF000BB60C5F30323C5F3023202EB820203EB7D
:104000004203DBB27B6005F00F03C5F3021505EB3D
:10401000850503EB4503DBB23B60D8F80420141B95
:1040200000250B4801322B46A4FB0001FCF7AEF93A
:1040300078624FF0FF33FB613B62284679E700234B
:10404000BB61CEE700280040B09F00082093000825
:1040500000CA9A3B38B5104BDB6813F0400F16D1FD
:104060000D4B4FF0FF32DA6000F090FC05460A4B32
:10407000DC6814F0400406D100F088FC401B074BBC
:104080009842F4D900E001241CB1002000E0002097
:1040900038BD6FF07300FBE7002800401F480100A7
:1040A0002DE9F04F83B04B6903F26C73B3F5FA6FEF
:1040B000C0F096808869B0F1FF3F00F0948091F8DD
:1040C00008904A4AA2FB0954E5082C4605EB8505F1
:1040D000A9EB450949EA04195FFA89F90E79A2FBAF
:1040E0000654E5082C4605EB8505A6EB450646EA91
:1040F0000416F6B291F80080A2FB0854E5082C469D
:1041000005EB8505A8EB450848EA04185FFA88F82E
:104110003033DBB2A2FB0354E7083D4607EB8707C9
:10412000A3EB470444EA0514E4B20D690135EDB28E
:10413000A2FB0573DF083B4607EB8707A5EB4705A6
:1041400045EA0315EDB20F7BA2FB0732D3081A46EE
:1041500003EB8303A7EB430747EA0217FFB20028EC
:104160003BD00190EFF3118A102383F31288BFF341
:104170006F8FFCF7A9FF1E4BCA225A6253225A6264
:10418000FFF768FF8346C0B9360246EA094646EAA9
:104190000806174A136823F07F1323F4FE431E43D7
:1041A00016602404019B44EA433444EA05243C435A
:1041B0005168104B0B40234353600D4B6FF080024E
:1041C000DA60FF225A62FCF7A1FF8AF31188BFF37D
:1041D0006F8F584603B0BDE8F08F07230193C1E706
:1041E0006FF0150BF5E76FF0150BF2E7CDCCCCCCEB
:1041F00000280040C00000FF38B544681D4B986897
:104200001A69C2F30E021969C1F30641CA255D623B
:1042100053255D6210F0400F02D16368934224D0B1
:10422000FFF718FF88B9134B9A6822F040029A6092
:10423000626819696FF30E010A431A6121681A69ED
:1042400022F4FE0242EA01421A610A4B6FF0800238
:10425000DA60084B9A6822F408029A609A6842F081
:1042600020029A60FF225A6238BD23688B42D7D160
:104270000020EEE70028004070B54568A9681A4B99
:104280009E683368F3B1044617489847D0B9FCF7E5
:104290001BFFA968CB68FF2B07D00831B369CBB1EE
:1042A000002211489847002814DB104A136F43F48A
:1042B000004313672046FFF79FFF0446FCF726FFE5
:1042C000204670BD0A4A01210A4803F03EFA6FF009
:1042D0000404F5E7FCF71AFF074A0121054803F03B
:1042E00034FA6FF00404EBE7248E00080038024033
:1042F000C89F000820930008DC9F000810B5044602
:10430000B2F5004F2FD04FF0000C48184CEB0C0CBE
:1043100040184CF1000C4FEACC0C4CEA507CC00029
:1043200040184FEA83024FEA93734CF10001FCF707
:104330002DF82449A1FB00235B091A0192B24FF02A
:10434000640C0CFB13031B013233A1FB0313C3F3F7
:104350004F1303F0F0010A4492B203F00F03134429
:104360009BB2A36010BD4FF0000C48184CEB0C0240
:10437000401842F10002D20042EA5072C0004018D8
:1043800042F10001DA184CEB0C03FBF7FFFF0D497B
:10439000A1FB00235B091A0192B24FF0640C0CFBE5
:1043A0001303DB003233A1FB0313C3F34F13590094
:1043B00001F4F8710A4492B203F0070313449BB26C
:1043C000A360CFE71F85EB5108B5024A04F056F908
:1043D00008BD00BFEB86000808B5024A04F068F982
:1043E00008BD00BFF186000810B543685868196918
:1043F00083681B6823B19847044618B9204610BD4E
:104400006FF05704024A0121024803F09EF9F5E7D4
:1044100010A00008409300082DE9F04184B000AFDF
:104420004368D3F80080002900F0A88005460E46B6
:10443000586819698368DB68002B3FD007F10C02CC
:104440009847041E3CDBD8F80C3023F40043C8F82E
:104450000C30FC68002120194941001941F100018C
:10446000C90041EA5071C00000194FEA86024FEAC4
:10447000967341F10001FBF789FF424AA2FB00312C
:104480004909642303FB11031B013233A2FB0323FD
:104490005B0903F0F00202EB011203F00F03134477
:1044A0000F2B13D93346002221464046FFF726FF43
:1044B000002420461037BD46BDE8F0816FF0570458
:1044C000314A0121314803F040F9F2E729686D468D
:1044D00000233B7202237B728AB06C4614F11002F7
:1044E00015D012201AB1042801DD294B6361002385
:1044F0003B7102237B71BAB10346082800DDA1613C
:104500000C2B00DDE66104F1200300210AE06FF0CE
:104510000040E7E701F110063E4416F80C6C03F882
:10452000016B01310129F5D9112824DD122342B193
:104530000421397200217972B9720121F972B868C7
:104540002061002121F0010121F0020121F004018C
:1045500021F03801012060F38811C3F30A0363F3EB
:104560005321C1F3130100230848FDF779F9AD4643
:104570006FF015049DE76FF01B03D8E76FF015048B
:1045800097E700BF1F85EB5130A00008409300085B
:1045900060A000082DE9F0410C4643681D680369DE
:1045A0001E680B79012B04D0022B0DD14FF48068CB
:1045B00001E04FF4C0686279012A08D0022A08D0CD
:1045C0001ABB4FF4805706E04FF00008F3E70027CE
:1045D00001E04FF4405794F806C0BCF1040F17D027
:1045E000CBB94FF0000ED91EC9B2012952D913B16F
:1045F000BCF1040F51D0B7F5805F0FD0B7F5405F25
:104600000ED0002F3BD101230BE04FF40057E2E71F
:104610004FF4805EE7E74FF4805EE4E7002300E0BC
:1046200002239A423CD1BEF1000F2AD1B8F1000F0B
:104630002ED103239C4536D1E37963B1012B35D1CB
:104640001F4B9D4207D0A3F54C439D4203D003F579
:1046500050439D422DD1EB6823F40053EB6021467B
:1046600004F096F8002827DBEB6843F40053EB6076
:1046700094E8030086E803000020BDE8F0810323EE
:10468000CFE7B8F1000F01D10423D3E70323D1E72B
:104690000223CFE76FF08500EFE76FF08500ECE7CE
:1046A0006FF08500E9E76FF08500E6E76FF08500C1
:1046B000E3E76FF08500E0E76FF08500DDE700BF1E
:1046C00000100140F8B505464668346803691F6864
:1046D000E36823F40053E360B06804F032F908B3F0
:1046E000F168B06803F077FF04F10C0353E8003F72
:1046F00043F00C0304F10C0141E80032002AF3D12D
:104700003946284604F044F8002813DB337E1BB1F9
:10471000636943F008036361E36843F40053E360B3
:104720000020F8BD054A0121054803F00EF86FF09E
:104730001200F6E76FF01500F3E700BF78A000085D
:10474000409300084FF0E023996918699A6909B904
:104750000C4B19680AB90B4B1A6810F4803F01D151
:10476000914208D208490B680648006803440B6070
:104770004FF0E0231B69034B1B689B1A024A106829
:10478000184470472C0A0020280A0020094B1022E8
:1047900083F82320084B42F2D0021A600020074B16
:1047A00018604FF0E02342F2CF025A61986107226D
:1047B0001A61704700ED00E02C0A0020280A002052
:1047C000684620F007018D4619B5FFF7BBFF124878
:1047D0000368124A516814681B1941F10001136003
:1047E0005160002202600E490A68981A0D4BA3FB23
:1047F0000030400B42F2D00300FB03F3D2184B68A9
:1048000043F100030A604B6004F077F8FEF770F89C
:10481000BDE8194085467047280A00208006002020
:10482000780600202D34A9F9F8B500294DD0B0F153
:10483000FF3F3FD03F4B1C6801284EDD40F2CD7357
:104840009842A8BF1846461EEFF31185102383F344
:104850001288BFF36F8FFFF775FF4FF0E0239F695A
:10486000354A13685168C31841F100011360516063
:104870000021324A1160324A11685A1A2FD442F28A
:10488000D00000FB062202F503520F322D4EA6FB8C
:104890000262520BC91A00FB02110A46B1F5806F81
:1048A00038BF4FF48062284B994236D9214B264AB3
:1048B0001A6018E04FF0E022136923F0010313613E
:1048C0001C4B4FF07F421A6026E01A4B1C68B0F177
:1048D000FF3FB1D140F2CC70B0E70026B4E7154BF2
:1048E0004FF480621A604FF0E0239969114A126810
:1048F000013A5A6100229A618F4211D2641A3C44F3
:104900000D4A136851681B1941F100011360516091
:1049100085F31188BFF36F8FF8BD064B1A60E2E78D
:104920007F1A054A13685168DB1941F100011360D1
:104930005160EDE72C0A002080060020280A0020A4
:10494000780600202D34A9F9C0D5FF0038B5EFF363
:104950001185102383F31288BFF36F8F084B1C68F7
:10496000084B1B68E41AFFF7EDFE204485F311881D
:10497000BFF36F8F044BA3FB0030400B38BD00BF6B
:1049800080060020780600202D34A9F938B5EFF311
:104990001185102383F31288BFF36F8F044B1C68BB
:1049A000FFF7D0FE204485F31188BFF36F8F38BD29
:1049B0008006002008B5334B9B6803F00C03042BE2
:1049C0005BD0082B5BD12F4B5A6802F03F025B682B
:1049D00013F4800F2CD02B4B5868C0F388104FEA8B
:1049E000401CBCEB000C6EEB0E0E4FEA8E1343EA3C
:1049F0009C634FEA8C11B1EB0C0163EB0E03DB00FF
:104A000043EA5173C90011EB000C43F10003590252
:104A100000234FEA4C2041EADC51FBF7B7FC194B6D
:104A20005B68C3F3014301335B00B0FBF3F008BDE7
:104A3000144B5868C0F388104FEA401CBCEB000CC4
:104A40006EEB0E0E4FEA8E1343EA9C634FEA8C1115
:104A5000B1EB0C0163EB0E03DB0043EA5173C900B9
:104A600011EB000C43F10003990200234FEA8C2064
:104A700041EA9C51FBF78AFCD1E70348D7E703489A
:104A8000D5E700BF0038024000127A000024F4008D
:104A9000024600283CD0204B19681B6803F44043B1
:104AA000B3F5004F1BD000211B4B1B6803F44043A0
:104AB000B3F5804F1FD0194A136823F007030B4347
:104AC00013600222154B1B6803F00703013A994259
:104AD00001D0002AF6D199421CD001207047104B1A
:104AE000984204D80F4B984203D80021DCE70221FA
:104AF000DAE70121D8E70A4B9A4200D931B1094BD4
:104B00009A42D8D90029D6D10121D4E70221D2E78F
:104B1000012070470020704700700040003C0240B8
:104B20000087930380C3C90104280CD8DFE800F094
:104B3000030D0507090006487047064870470648F8
:104B4000704706487047064870470648704700BFE0
:104B5000C0A00008E4A00008F4A0000800A100081C
:104B600010A10008D0A0000830B108B503F049FF3B
:104B700020B1037823B108BD024870470148FAE725
:104B80000048F8E720A1000810B50446FCF784FDB2
:104B9000034A0121034802F0D8FD204603F0E1FE5C
:104BA00028A10008089300082DE9F04782B000AF63
:104BB00005460C46EFF31188102383F31288BFF3E8
:104BC0006F8FDFF8C491D9F80860FFF7ADFF99F84F
:104BD0001010E94601233B7103237B718AB0EC4638
:104BE0001CF1100221D04FF0160E5AB17346BEF1DF
:104BF000040F03DDDFF894A1CCF814A0082B01DD2D
:104C0000CCF8185001233B7003237B70D2B173465C
:104C1000BEF10C0F01DDCCF81C00102B01DDCCF82F
:104C200020100CF1240300210AE06FF0004EDCE7B5
:104C300001F10800384410F8080C03F8010B0131A9
:104C40000129F5D9BEF1150F50DD16234AB1052112
:104C5000397100217971B9710121F9717868CCF845
:104C60001000002121F0010121F0020121F00401D6
:104C700021F03801012060F38811C3F30A0363F3C4
:104C80005321C1F3130100234148FCF7E9FDCD4650
:104C90001CB1E369C3F308035BBB3046FFF764FF55
:104CA000E94601233B7103237B718AB0EC461CF17A
:104CB000100224D04FF0120E52B17346BEF1040F11
:104CC00002DD3449CCF81410082B01DDCCF8186053
:104CD00001233B7003237B70F2B1BEF10C0F01DDA9
:104CE000CCF81C000CF12003002113E06FF01B0333
:104CF000ACE7294A0121264802F027FDCDE76FF0F5
:104D0000004ED9E701F10800384410F8080C03F808
:104D1000010B01310129F5D9BEF1110F31DD12234B
:104D20004AB10421397100217971B9710121F971F8
:104D30007868CCF81000002121F0010121F0020177
:104D400021F0040121F03801012060F38811C3F340
:104D50000A0363F35321C1F3130100230C48FCF74A
:104D60007FFDCD4621462846FFF70EFF88F31188C8
:104D7000BFF36F8F3046FDF7CBFD0837BD46BDE86A
:104D8000F0876FF01B03CBE7300A002038A1000842
:104D90000893000884A1000860A1000810B586B03F
:104DA000B023114C03FB004400EB400C00EB8000EF
:104DB0000E4B03EB80030E4A0592012204920F2250
:104DC000039200220292019200930A4B4FF4A072C8
:104DD000094901EBCC11204600F0A4F9237C23F013
:104DE0000403237406B010BD88060020300A00209A
:104DF0009CA10008738900080016002038B50546FC
:104E00000B4B53F8204002E02368984708346B1C92
:104E1000074A52F82330A34209D960680028F3D02A
:104E2000037E13F0010FF1D103F072FDEEE738BD00
:104E300088A6000808B553EA020102D100F0BCFCC4
:104E400008BD0249183000F063FEF9E7CD8B000879
:104E500010B586B0184C14E0636A0593236A049376
:104E6000E3690393A3690293636901932369009340
:104E7000E368A2686168206800F054F923685C6503
:104E800030340E4B9C42E7D300F07CFB0A4C03E02D
:104E90002068FFF7CFFF3034084B9C4208D2A26A4B
:104EA000E36AB3F1FF3F08BFB2F1FF3FF3D0EFE792
:104EB00000F080FB06B010BD509200085092000830
:104EC00008B50A4B01221A700320FFF797FF01F083
:104ED0003DF80420FFF792FFFFF7BAFF03F03FFF12
:104EE000034A938923F00103938108BD670A0020D8
:104EF0003807002008B50146014A0248FDF7D2FCF8
:104F0000C14E00083807002010B50446FFF746FFE1
:104F1000B0230B4903FB04110A4A04EB840302EBA0
:104F20008303D9601C7404EB4411074B03EB81131A
:104F300003F5046304EB840402EB8402536010BDA8
:104F400088060020300A0020C00D002070B586B011
:104F500000F062FB104D114B5D61114B0593012375
:104F60000493002403940294019400940D4B4FF495
:104F700080620D49284600F0D5F806462B7C23F0C8
:104F800004032B74284603F0CCFD2046FFF7BCFF3A
:104F9000304606B070BD00BF38070020300A002040
:104FA000A4A10008C14E00088017002008B5002009
:104FB000FFF724FF194B83F30888194C636943F406
:104FC00000736361F02384F822300023E3772376B3
:104FD0006376A37684F82030636A43F4E023636247
:104FE000FDF786FBFDF77EFC4FF0FF33A362E36223
:104FF000FDF7CCFDFDF708FDFCF794FA094800F039
:10500000F3F8FCF7BFF80120FFF7F8FE0220FFF7E6
:10501000F5FEFFF79BFFFFF76DFF00BF00160020B6
:1050200000ED00E0E807002070B5EFF311861023D3
:1050300083F31288BFF36F8F0468A0421AD0CCB1FB
:105040006268236813605A60002525606560237CD0
:1050500023F002032374A56004F1180003F02CFE72
:10506000C4F8AC50204603F05CFD3146084803F01C
:10507000E9FD70BD8368C268934207D001221344E2
:10508000836086F31188BFF36F8FF2E70022F6E7A3
:10509000540A002010B582B0EFF31181102484F37C
:1050A0001288BFF36F8F846844B1013C846081F340
:1050B0001188BFF36F8F002002B010BD53EA0204C5
:1050C00006D0009201930246054800F03FFAF3E74C
:1050D00081F31188BFF36F8F6FF00F00ECE700BF13
:1050E000540A002008B553EA020102D100F064FB23
:1050F00008BD0249183000F00BFDF9E7CD8B000820
:1051000010B5044640B11F2204F1740000F07EFF88
:10511000002084F8930010BD014B9C68F3E700BFAA
:10512000300A00202DE9F04F85B004460F461546A1
:105130001E46DDF838A0DDF83C90DDF84080DDF853
:105140004CB000F158038365C365129B042211998A
:1051500003F059FC2A463946204603F026FC054652
:10516000CDF80880CDF80490CDF800A03346024673
:1051700039462046FDF774FB002363652666C4F8B4
:1051800064A0C4F86890C4F86C80EFF31182102317
:1051900083F31288BFF36F8F124B196A21671C6269
:1051A00082F31188BFF36F8FBBF1000F13D01F2262
:1051B000594604F1740000F029FF002384F893306D
:1051C000084B9B685BB1D3F8A030C4F8A0302846E8
:1051D00005B0BDE8F08F002384F87430F0E7C4F820
:1051E000A030F4E7300A00200123037483810023F8
:1051F000C0F89430C0F89830C0F8A030014B9860E7
:10520000704700BF300A00200A4A9368C3F8A8001C
:105210006FF00A01C3F8AC1007494B6843F08053A4
:105220004B60002383F31188BFF36F8F9368D3F82B
:10523000AC007047300A002000ED00E0084681B95C
:1052400008B5EFF305833BB9084B5A699B689A424E
:1052500002D0FFF7D9FF03E080F31188BFF36F8F0F
:1052600008BD81F31188BFF36F8F7047300A0020AB
:10527000037C90F91020002A4EDB13F01F0F4BD156
:1052800010B563F07F030374244A52F8183F934229
:105290003AD07BB190F90E1093F90E20914202D0D2
:1052A000521A002A27DC19461C4AD269934201D0BF
:1052B0001B6833BB194BDA6903F1180101604260C6
:1052C0001060D861154B53F8184F9C421ED0ECB1BA
:1052D000124B9B681A7C12F01F0F04D1DA897F2AC7
:1052E00001D9A269AAB1A34202D0204600F076FB00
:1052F0000A4B5C6110BD5A684260036010605860E0
:10530000E0E70029C5D1D5E70023C2E7034BDC68FD
:10531000DEE7024A5361EDE7704700BF300A002024
:1053200010B5037C90F91020002A19DB154B9A6800
:1053300053F8184F9C421ED0ECB1824208D0137C27
:1053400013F01F0F04D1D3897F2B01D9A369ABB10F
:10535000A24202D0204600F041FB0A4B5C6110BD26
:1053600003F07F0303744268036813605A600023EC
:1053700003604360DAE7034BDC68DEE7014B5A6108
:10538000EDE700BF300A00202DE9F84305460C4642
:10539000424B9E68337C13F0600F2BD013F0200F2C
:1053A0002DD008271F4225D13B43337413F0800FC3
:1053B00027D1082F30D04FF00009384B53F8188F01
:1053C00098454FD0B8F1000F4CD0344B9B68434503
:1053D00002D0404600F002FB304BC3F81480102F7F
:1053E00008D0304602F012FB304600F051FBB9F114
:1053F000000F3BD184F31188BFF36F8F47E0102774
:10540000D0E703F07F0333747268336813605A6027
:10541000002333607360CCE7B3685BB172683368B4
:1054200013605A60002333607360327C22F0020202
:105430003274B36006F1180003F03EFC06F1580028
:1054400003F040FB154B9B689E4202D04FF00009D1
:10545000B3E7EFF3058313B94FF00009ADE74FF061
:105460000109AAE70D4BD3F80C80AEE70C48FFF713
:10547000BBFEBFE7EFF31184102383F31288BFF361
:105480006F8F03F081FA84F31188BFF36F8F2B7C49
:1054900013F0600FEED1BDE8F88300BF300A0020A2
:1054A000E8070020B3F1FF3F08BFB2F1FF3F00D192
:1054B000704708B50249183000F02AFB08BD00BF4C
:1054C000CD8B000810B5204B9A68DB699A4205D055
:1054D0001368516812680A60516006E00023F8E71B
:1054E000194AD269934212D01B6883B1164A906858
:1054F00090F90E1093F90E209142F1D0521A002A21
:10550000EEDD5A68426003601060586008E00E4BA0
:105510009A68D96903F11800106051600A60DA6175
:10552000094B53F8184F9C420AD04CB1064B9B686C
:105530009C4202D0204600F051FA034B5C6110BD42
:10554000014BDC68F2E700BF300A002010B50C46C2
:1055500011460A4882680A4B1A60EFF31183102340
:1055600083F31288BFF36F8FDDE90223806803F0B5
:10557000CCFA2046FFF748FE10BD00BF300A0020DD
:10558000540A00200023EFF31181102282F31288C5
:10559000BFF36F8F09E0064B9A68D37B013BD3734F
:1055A00081F31188BFF36F8F0123002BF3D0704775
:1055B000300A002038B5EFF31185102383F31288E9
:1055C000BFF36F8F124B9A68D17B0131D17353F8BF
:1055D000184F9C4215D0A4B1137C13F01F0F04D1B7
:1055E000D3897F2B01D9A36973B1944202D020469D
:1055F00000F0F4F9064B5C6129460648FFF71EFEF1
:1056000038BD034BDC68E7E7014B5A61F4E700BFA4
:10561000300A0020540A002008B5024803F016FBA7
:1056200008BD00BF440A002038B5EFF311841023F1
:1056300083F31288BFF36F8F214B9A68DB699A421C
:1056400005D01368516812680A60516006E00023B3
:10565000F8E71B4AD269934212D01B6883B1184AFB
:10566000906890F90E1093F90E209142F1D0521AE1
:10567000002AEEDD5A68426003601060586008E05E
:105680000F4B9A68D96903F11800106051600A60E5
:10569000DA610B4B53F8185F9D420DD065B1084B92
:1056A0009B689D4202D0284600F098F9044B5D614A
:1056B0002046FFF7A9FD38BD014BDD68EFE700BFCD
:1056C000300A0020F8B551EA000328D005460C4600
:1056D000EFF31187102383F31288BFF36F8F154EFA
:1056E000B068154B1860FFF71BFEB0682A462346CA
:1056F0001249183000F00CFA0446B268137C43F0EB
:10570000040313743846FFF77FFDB3689A6ADB6AB7
:10571000B3F1004F08BF002A05D00020F8BDFFF705
:1057200083FF0020FAE703F006FB201A0028F5DCCF
:105730000020F3E7300A0020540A0020CD8B000837
:1057400038B504460D46FFF7BDFF03462046B5F1C8
:10575000FF3F08BFB4F1FF3F28D0DA1713F109006B
:1057600042F100030021C21821D20A441149A1FBD1
:10577000024525F0030404EB9504121B801A63F123
:1057800000034FF0CC3200FB02F201FB0322A0FB2E
:1057900001010A44430843EAC27352081846B3F1B0
:1057A000004F72F1000201D36FF0004038BD0121BB
:1057B000DBE700BFCDCCCCCC38B5EFF3118510239F
:1057C00083F31288BFF36F8F037C13F0040F04D1AF
:1057D00085F31188BFF36F8F38BD0446183003F08E
:1057E0006BFA237C23F0040323742046FFF740FD6B
:1057F00029460248FFF722FDEEE700BF540A0020C9
:10580000014B9868704700BF300A00202DE9F8432B
:10581000838903F00107EFF31186102383F31288C5
:10582000BFF36F8F057C15F0080F1AD10446B146FF
:1058300000F1580803F014F910B345F02005257461
:10584000EFF305839BB131462046FFF79DFD67B11D
:10585000002383F31188BFF36F8F0423184602DF00
:1058600003E086F31188BFF36F8FBDE8F8834146EC
:105870003F4B986803F0F6F83046FFF7C5FCE6E7C3
:1058800045F00803237413F0800F36D1A3685BB191
:105890006268236813605A60002323606360227C7F
:1058A00022F002022274A36004F1180003F004FA4B
:1058B000404603F007F92E4B9A6894422AD00026FE
:1058C0002B4B53F8185F9D422BD055B3AA4202D000
:1058D000284600F083F8264B5D61204602F096F8DA
:1058E000204600F0D5F8FEB9214B9B689C421FD0A2
:1058F00089F31188BFF36F8FA9E705F07F0545F0A5
:10590000080525746268236813605A6000232360C9
:105910006360BBE7EFF305830BB90026D0E70126F0
:10592000CEE7134BDD68D1E71248FFF75DFCDBE7FC
:10593000EFF30583002BDBD1A38913F0010F12D005
:1059400089F31188BFF36F8F002383F31188BFF3AE
:105950006F8F0423184602DFEFF31189102383F3BE
:105960001288BFF36F8F4846FFF74EFC6FE700BF0A
:10597000300A0020E80700200346027C12F01F0FC7
:1059800010D10B4A90420FD00A4A106878B1DA89D8
:105990007F2A0BD893F90E20074B1B689A4206DA30
:1059A000002070470020704700207047002070479B
:1059B000880600200C0100205C0A0020044BC01A5D
:1059C000C010044B03FB00F0034B01221A54704734
:1059D00098080020ABAAAAAA580A002070B50C4B60
:1059E0001E7CFFF7C9FF044606EB4603094D05EB95
:1059F000C305284603F060F9074B00229A5504B905
:105A000070BD621ED3170549284600F081F8F7E7FC
:105A1000300A002098080020580A0020BD590008CC
:105A200038B5EFF31185102383F31288BFF36F8F1E
:105A3000144B9C68144B1B68A34217D0124B0022D6
:105A40001A60104B1B7C114AD35C53B12046FFF700
:105A500093FF30B1237C13F01F0F0FD02046FFF7C8
:105A6000BDFF85F31188BFF36F8F38BD2046FFF768
:105A7000B5FF85F31188BFF36F8FF6E7FFF722FDBF
:105A8000ECE700BF300A0020540A0020580A00202A
:105A9000EFF31181102383F31288BFF36F8F0A4B4A
:105AA0001B6A834204D11A6F074B1A6207E0134640
:105AB00013B11A6F8242FAD10BB1026F1A6781F3E8
:105AC0001188BFF36F8F7047300A0020034B1868AE
:105AD000984200D070470020FCE700BF1001002072
:105AE00030B1044A5268904201D0006870470020EB
:105AF000704700BF1001002008B5044B1B680BB1B4
:105B0000002008BDFEF722FFFBE700BF600A00206F
:105B10002DE9F04F83B0B3F1FF3F08BFB2F1FF3F73
:105B20000ED0044691461F4681600023EFF3118A90
:105B3000102282F31288BFF36F8F1D46019335E068
:105B4000002501952846019903B0BDE8F08FFFF7C5
:105B5000D3FF8046013547F10006451946EBE07654
:105B600025616661344A13685268ED1846EB0203FA
:105B700001934FF0010B38E0C91A66EB0202016194
:105B800042614368636020601C60446005E02B4B09
:105B90005A682360626014605C60FFF797FF84427C
:105BA00037D08AF31188BFF36F8F0123002BC9D13F
:105BB0004D460197002FCADA1F4B19685B686918B8
:105BC00043EB07036FF00102521A4FF0FF3161EB14
:105BD000030310461946012A73F1000301DA01207C
:105BE0000021206161614FF0000BFFF76FFF00287B
:105BF000CDD001694669236962698B4272EB060E5A
:105C0000BADB5B1A62EB060223616261FFF768FF91
:105C1000EDE70B4B1B68002BC3D1BBF1000F06D087
:105C2000404603F02EF80021FEF7FEFDB9E7FFF72E
:105C300063FF8046F4E700BFB00800201001002099
:105C4000600A002070B50E462D4B1860FFF73EFF2E
:105C5000044628E02B4A136851685B1941EBE57153
:105C60001360516000220023C4E90423204602F09F
:105C7000F1FF01224FF00043C4E9042386F31188A9
:105C8000BFF36F8FA36820469847EFF31186102368
:105C900083F31288BFF36F8F194A13685B1B13607D
:105CA000FFF714FF04463CB125696169144B1A687B
:105CB000D317AA428B41CDDA44B1236962691049F6
:105CC00009685B1A62EBE172236162610D4A0C4D57
:105CD0002868136851681B1841EBE071136051602C
:105CE00000242C60204602F0CCFF2146FEF79CFDEC
:105CF00086F31188BFF36F8FFFF792FE70BD00BF70
:105D0000600A0020B008002010B50022EFF31184D3
:105D1000102383F31288BFF36F8F134611460CE0F4
:105D2000FFF7EAFE074A13685168C31841EBE071B8
:105D300084F31188BFF36F8F0122002AF0D0184638
:105D400010BD00BFB0080020EFF31183102282F3D2
:105D50001288BFF36F8F01694269B2F1004F08BF2B
:105D6000012904D083F31188BFF36F8F70472DE9A9
:105D7000F04104461D46866AC26A56EA020105D011
:105D8000B2F1FF3F08BFB6F1FF3F27D1236B0133CC
:105D90002363236A63B185F31188BFF36F8F2046B5
:105DA0009847EFF31185102383F31288BFF36F8FA9
:105DB00004F11803A469A34251D0002C4FD020460F
:105DC00002F0CAFE0023C4F8AC3085F31188BFF39B
:105DD0006F8F204602F0A5FEBDE8F081013E42F142
:105DE000FF321746002A14DB02F0A9FF013041F10F
:105DF0000001801941EB0701012871F100010BDA64
:105E00006FF001024FF0FF3317492046FFF780FE85
:105E1000BCE700263746E7E702F091FF013041F189
:105E20000001801941EB07016FF0020383426FF01C
:105E300000438B4103DA00224FF00043E4E702F015
:105E40007EFF013041F10003801943EB07036FF03F
:105E50000102121A4FF0FF3161EB0303D4E785F31F
:105E60001188BFF36F8FB7E7495D0008F8B51C468E
:105E7000EFF31187102383F31288BFF36F8FB4F110
:105E8000FF3F08BFB2F1FF3F23D006461546002C66
:105E90000BDB13462146012A74F1000401DA0123C9
:105EA00000215A1E154641F1FF34304602F004FF2E
:105EB000DDE90623C6E90A23002333632A46234685
:105EC00006493046FFF724FE87F31188BFF36F8F32
:105ED000F8BD87F31188BFF36F8FF9E7495D0008BC
:105EE00070B50446EFF31186102383F31288BFF3D5
:105EF0006F8F02F0E1FEE0B93546636A6BB186F35D
:105F00001188BFF36F8F636A20469847EFF31185BE
:105F1000102383F31288BFF36F8F04F1180002F08F
:105F20006CFE58B102F0FDFD2946074802F08AFEDA
:105F300070BD86F31188BFF36F8FF9E785F3118881
:105F4000BFF36F8FF4E700BF640A002008B5024872
:105F500000F03DFF08BD00BFB0A1000870B5860786
:105F60004FD08418844604E003F8011B9D0704D039
:105F70009C4664456346F7D170BD013A0244A2EBEA
:105F80000C02032A2FD9CCB204EB04240F2A04EB11
:105F9000044438D9A2F11006350901359C464FF06A
:105FA000000E0EF1010EAE45CCE90044CCE90244EE
:105FB0000CF1100CF5D326F00F06103312F00C0F75
:105FC000334402F00F051AD02A1F032A1C6005D99A
:105FD000A5F10802032A5C6088BF9C6005F00302FB
:105FE00025F003052B44541E002AC5D0C9B21970F0
:105FF000002CC1D0012C597018BF997070BD2A4671
:10600000F1E70346BDE71546DEE700BF38B540EAD5
:1060100001039B07044622D1032A20D98C46DCF8D1
:106020000050A5F1013323EA050313F0803F6146D8
:106030000CF1040C14D1043A032A40F8045BEED8A6
:1060400061464B1E4AB113F8011F00F8011B013ACB
:106050000029F7D10AB1FFF781FF204638BD20465D
:106060004B1EEFE771B1034601EB000C01E0634505
:1060700006D01A46013311780029F8D1101A70475A
:10608000181A7047084670470CB430B58BB00D46EF
:1060900020220446002102A8FFF760FF134B039360
:1060A0000222002D8DF80A2006941DDB10D0013D40
:1060B0002C440FAA0E99019202A8079400F096F8BA
:1060C000069B00221A700BB0BDE8304002B070474A
:1060D0000FAA0E99079402A8019200F087F80BB05E
:1060E000BDE8304002B070470024E2E7A16B000831
:1060F00070B503F01F05082D84468E4665D0C3F1A8
:106100003703102DDCB2104644D04FEA9C034FEA0F
:106110005C0243EA8E7342EACE729A184FEA5E013D
:1061200041EB9E01130943EA01739A1841EB1111E7
:10613000130A43EA01639A1841EB1121130C43EA55
:1061400001439B1841EB1141CB185FFA8CF241F1EE
:1061500000014FEAD30C4CEA417C0CEB8C03A2EB20
:106160004303DBB2A3F10A02D2B2A518092B03F153
:1061700030064FEAD10E05F1300520D91CF1010C93
:106180004EF1000E092A9ABF263300F8013B00F8B1
:10619000015BBAE70CF00F03092B88BF1B194FEA0C
:1061A0001C1242EA0E724FEA1E1188BFDBB29446FF
:1061B00030330A4300F8013B8E46EBD170BD5CEAF8
:1061C0000E0300F8016BA0D170BD10460CF0070360
:1061D0004FEADC0C4CEA4E7C30334FEADE0E00F81E
:1061E000013B5CEA0E03F1D170BD00BF2DE9F04F19
:1061F0008378D0F804909F078BB040F132810B4632
:10620000804613F8010B0C46002800F0D8830025C7
:1062100000920DE01C464146C847002805F10105E3
:10622000C0F21981234613F8010B002800F01B81EE
:106230002528EFD16678252E04F10204EBD04FF02B
:10624000000BDA465F461F2F5DD97F2F00F28A8050
:10625000A6F13003092B11D87E0600F1328114F823
:10626000016B0AEB8A0A03EB4A0A47F02007A6F102
:106270003003002E00F0E180092BF0D92A2E00F027
:106280000E812E2E00F0C381A6F14C032E2B00F2BE
:106290002581DFE813F0610023012301230123019D
:1062A00023012301230123012301230123012301CE
:1062B00023012301230123012301230123012301BE
:1062C0002301230123012301230123012301510180
:1062D0002301610023015D01230123012301230127
:1062E000230123012301CD002301230123012301E5
:1062F0002301CD0047F0020714F8016B47F00407B3
:10630000002E00F09A80A6F12003102BA0D801A245
:1063100052F823F0F9620008516200085162000847
:106320006F64000851620008516200085162000861
:10633000316400085162000851620008516200088F
:10634000F5620008516200088F640008516200087D
:10635000516200087F64000814F8016B47F420774D
:10636000002E6AD0A6F14C032E2B00F2B78001A2BA
:1063700052F823F059630008DD640008DD6400086A
:10638000DD640008DD640008DD640008DD640008E9
:10639000DD640008DD640008DD640008DD640008D9
:1063A000DD640008DD640008DD640008DD640008C9
:1063B000DD640008DD640008DD640008DD640008B9
:1063C000DD640008DD640008DD640008DD640008A9
:1063D000DD640008DD640008DD640008DD64000899
:1063E000DD64000831650008DD64000859630008B9
:1063F000DD64000849650008DD640008DD6400080C
:10640000DD640008DD640008DD640008DD64000868
:10641000DD64000825660008DD640008DD6400080E
:10642000DD640008DD640008DD64000825660008FE
:1064300014F8016B002E7FF406AF0026414625209C
:10644000C847002807DB30464146C847002805F109
:106450000205BFF6E7AE98F8023043F0040388F86F
:1064600002304FF0FF3528460BB0BDE8F08F14F82E
:10647000016B47F01007002E7FF445AFDDE714F8FD
:10648000016B47F00107002E7FF43DAFD5E714F80C
:10649000016B47F00807002E7FF435AFCDE7009978
:1064A000780651F8042B40F1C38014F8016B002EDC
:1064B00000F05D82A6F13003092B009193463FF670
:1064C000DDAE14F8016B0BEB8B0B03EB4B0B002ECB
:1064D000B3D0A6F13003092BF3D9CFE646F0200361
:1064E000BBF1000FA3F1650204DA27F04007BFB249
:1064F0004FF0000B022A33D9612B31D0A6F1630291
:10650000122A00F2FC81DFE812F02E01A500FA0148
:10651000FA01FA01FA01A500FA01FA01FA01FA01F9
:10652000FA01F0014E01FA01FA013801FA01EF0017
:10653000FE0548BF47F4007714F8016B47F48077F5
:10654000002E7FF40FAF78E73B0648BF47F4007793
:1065500014F8016B47F08007002E7FF403AF6CE75F
:10656000009B03F1070B2BF0070B0BF108030093C3
:10657000BA4B4FF0070B3807514618D4D34516D203
:106580004E461F46D14602E0834508D28246414628
:106590002020B04700280AF1FF30F5DA5BE74946D2
:1065A00001350D443B46B146A5EB0A0501461E46A2
:1065B00003EB0B0701944C4699462B468A46354619
:1065C0001E4605E015F8010BA0470028FFF643AF73
:1065D000BD424146F6D14B463246A1462E46D31A1D
:1065E000019C1E44AAEB0B0A3546B2444E4605E018
:1065F000B047002805F10105FFF62DAFAAEB050312
:10660000002B41464FF02000F2DCB1460AE67A0644
:106610003FF529AF14F8016B47F04007002E7FF4D7
:1066200058AF0AE714F8016B002E7FF40EAE04E7B2
:10663000002AC0F2228114F8016B47F02007002ED7
:1066400000F09581A6F13003092B009192467FF668
:1066500006AE13E63A06009B00F13B811A46F905A7
:1066600052F8043B019200F1FD811846DB1727F038
:1066700010018AB2002B0092C0F2868150EA030119
:1066800040F05E827B0640F1D581BBF1000F40F007
:10669000168227F01107BBB2009359465B46DDF81E
:1066A00000C040F206470CF008001CEA070F024643
:1066B00000F06D820131002800F0C781AAEB010AC9
:1066C0000293009B13F0020F14BF2B20202013F421
:1066D000806F18BF2D204146C8470028029B05F156
:1066E000010680F2B180B6E627F01007BFB20A2398
:1066F00017F080025CD017F40071009A00F0CC8093
:10670000073222F00702516852F8080B019207F095
:10671000400C50EA0102CDF800C06CD16246002A5C
:1067200054D0BBF1000F40F0BB803B0740F1D1815A
:106730005B4604AAD618234637464C4693469946EC
:1067400005E017F8010DA0470028FFF684AEBB4511
:106750004146F6D14B465A46A1462E441C46019B63
:106760000093B61A40E7009A52F8043B8DF81030B7
:106770004FF0010B009204ABFDE6009E384A56F83C
:10678000043B002B08BF134617F0400F18BF5946B3
:10679000184608BF4FF0FF310193FFF763FC019BE0
:1067A00000968346E7E647F01007102378269FE718
:1067B000009951F8040B019117F48071A7D017F4D8
:1067C00000711ABFC0B2114680B2A0E727F01607C9
:1067D000BAB20092002004AA00210292FFF788FCBE
:1067E000029A831A009911F0080100F09080AAEB38
:1067F000030A2E4628E004AA0292FFF779FC029AC7
:106800000099831A002973D027F0070189B25B45EC
:106810000091C0F2D680F90640F13F81009A02F063
:106820000802002E40F0A980591C002A00F02381A4
:10683000AAEB010A302041460093C8470028009B7C
:1068400005F10106FFF607AE9B4540F37E810BEB99
:1068500006054F46ED1A994607E000BFE0A1000883
:10686000D8A10008AE4200F0848041463020B847ED
:10687000002806F10106F5DAEDE514F8016BC2F126
:10688000000A47F02807002E71D0A6F13003092B2B
:1068900000917FF6E4ACF1E452F8040B019236E784
:1068A00004AA002100200092FFF722FC009A27F0A2
:1068B0001701831A89B29B45009140F3EE80002EA8
:1068C00040F02781390740F18680AAEB0B0A2E465B
:1068D000BDE7B80540F1DA80073323F007031A4615
:1068E0005B6852F8080B0192C1E608230026FFE618
:1068F00027F0060189B20091F9068FD472E7782B50
:106900007FF49CADC6F1780343F01003F0E60098E5
:10691000C00740F121819A45AAEB030025DD03EB76
:10692000000B002900F020814FF0000A4146302082
:106930000093C8470028FFF68EAD009B002E00F0A4
:10694000AA80304641460093C8470028009B05F1C5
:106950000206BFF679AF7EE50098C70740F10E81C9
:10696000D345AAEB0B00DADB04AA8246E2E60091EB
:1069700063E54B4604AAB946DCE6991C002A00F000
:106980009180AAEB010AD1E7404263EB430142F454
:106990008063009304AA0A230292FFF7A9FB029ADC
:1069A000831A009A500640F1C480009A22F0010236
:1069B00092B29B4559460092B8BF19466FE605460C
:1069C00051E5002E40F0908038073FF57EAF27F06C
:1069D0001707BAB20092594600268A4540F3D38081
:1069E000CDE902342B464C460D4689461F4602E04F
:1069F000524508DA154641462020A047002805F1F7
:106A00000102F5DA27E538462F4605464946AAEB46
:106A1000020A0135009A6D1A3D44D706A146DDE908
:106A2000023483D4114640F2064211427FF448AE4C
:106A30002E4609E704AA0A23002100200292FFF74C
:106A400057FB029A811A0B4629E65FEACC7760462B
:106A500032D58A45AAEB01006DDD03EB000B104631
:106A600082462DE6BA054BBF58B218B243F3C013A5
:106A700043F3C033FBE5009AD00756D55145AAEB46
:106A800001025FDA03EB020BB2464FE753F8040B47
:106A90000193C317EBE56E1CD6E639076CD5AAEB5C
:106AA000030A47E6009AD20752D55145AAEB0100E6
:106AB00044DB82469B4639E78A4591DCFEE504AA21
:106AC0000A23002000210292FFF712FB029A831A88
:106AD0006BE7BAF1000F7FF72BAE27F01707BBB2B9
:106AE000009359465B467BE7FA0640D538070BF121
:106AF00002013FF546AF8A453FF772AFAAEB010AA4
:106B0000302041460093C8470028009BBFF619AFCC
:106B1000A1E45A4601F0080081B200283FF41CAFFE
:106B2000AAEB0B0A2E4693468EE65145FFF658AF68
:106B30007EE61946B3E59B468246C1E51021EEE6A6
:106B4000194627E792469B46F0E6354604AAF1E54A
:106B50005145FFF645AF14E79A45D8BFAAEB030AA3
:106B60007FF766AF19463BE72E468A466CE60099EA
:106B70005A4601F00800CFE719462EE7D34509DA57
:106B8000594693462CE7AAEB010A2E465CE65A4684
:106B90008B46C1E7AAEB0B0A2E46934654E600BF8C
:106BA000D1E90432934202D05A1C0A61187070472E
:106BB000704710B5131D50F8234074B9C368012401
:106BC00094402343C360043240F82210CB001A1DC6
:106BD00089B281520633C15210BDE2000432835A99
:106BE0004FEAC10C0CF1040E20F80E300CF1060C2B
:106BF00020F80C40DB00063389B2C1528152EBE72A
:106C000008B500EBC1035A885208B2FA82F2C2F109
:106C10001F02FFF7CEFF08BD70B50346043AC81D3A
:106C200020F007000A4422F00702121AD508186063
:106C300085600023C360B5FA85F1C1F1200EC1F172
:106C400024018900CE1DF10805E003F1040C0024A5
:106C500040F82C4001337345F7DB1FFA81FE4FEA01
:106C60004E04A4B244804FF0000CA0F800C044F0E1
:106C7000010444806B1A26F00704A51C9BB25E0039
:106C8000465320F804E022F00704951C20F805C0C4
:106C900002440353538843F001035380FFF7B0FFCE
:106CA00070BD10B50C4611461A46029BA04710BD98
:106CB0004038C0B23A288CBF002001207047F8B598
:106CC000064603784578847804EB8304044400275F
:106CD00006E001342046F9F753FA01300444013745
:106CE000AF42F6D3A01BF8BD70B5144668B10D468F
:106CF000194606462BB91046F9F742FA83B201331A
:106D000099B22A462046B04770BD1046F9F738FAC6
:106D10000130F9E75BB32DE9F04782B007468846BA
:106D200091461D461A785E789C78DB7804EB8204E5
:106D300004EB43042C444FF0000A0AE014F8013B32
:106D400045F823402046F9F71BFA013004440AF1C4
:106D5000010AB245F2D305F1080300936B684A4675
:106D600041463846FFF79DFF02B0BDE8F0876FF05F
:106D7000150070472DE9F0410446884600273E463D
:106D800007E0702D18D02846FFF792FFB8B9252DDF
:106D90000ED014F8015B75B1002EF8D04745F0D045
:106DA0002846FFF785FF0028F1D001370026EEE7DF
:106DB00086F00106EDE700263046BDE8F0810026AA
:106DC000FAE70020704708B500F033FC08BD0FB4A7
:106DD00000B583B004A951F8040B0191FFF7F3FF4C
:106DE00003B05DF804EB04B07047036913F0080FBB
:106DF00008D1C3680268934207D8036A9B1A0B60E4
:106E0000012070470020086070479B1A0B6000202B
:106E10007047036913F0080F07D1826843689A42EC
:106E200003D89B1A0B6000207047036A82689B1A84
:106E30000B600120704710B582B0044601A9FFF72E
:106E4000D4FF20B1E368019A1344013B0193206A07
:106E5000019BC01A013802B010BD38B5036913F0A8
:106E6000040F00D138BD0446456AFFF7E4FFA8428D
:106E700038BF28466062F5E7C3681944036913F018
:106E8000010F04D1026A914204D3891A02E0026A16
:106E9000013A1140C16023F008030361704710B448
:106EA000002323F0010343F0020361F39F03C2694F
:106EB000046842F8243003680B44026912F0010FA1
:106EC00004D1046AA34204D31B1B02E0046A013C00
:106ED00023400360C468A3420AD04368194403698D
:106EE00013F0010F08D1036A994208D3C91A06E0CA
:106EF00042F008020261F0E7036A013B1940416079
:106F000010BC70472DE9F04F83B00446019117463D
:106F10009846C569C66805EB860B15F8263003F060
:106F20000303022B24D0002100233B60C8F800306B
:106F300019BB236913F0020F75D0A369584698470F
:106F4000824615F8269019F001096ED015F8263002
:106F500013F0020F3BD0019BBBB962685244236916
:106F600013F0010016D1216A8A4216D3521A14E096
:106F700055F82610C1F39D01D6E72046FFF77CFFA8
:106F8000E368A3604FF001094FE019462046FFF780
:106F900086FFE2E7216A01390A406260E168A2687F
:106FA000914206D0A2682260E26043F008032361A8
:106FB0003BE0524420B9216A8A4204D3521A02E0CB
:106FC000216A01390A40A2604FF00009EAE7014650
:106FD0002046FFF751FFE368A360019B23B1E369FB
:106FE0002268002143F82210019B5344C8F8003066
:106FF00022681344226912F0010F04D1216A8B42E6
:1070000004D35B1A02E0216A01390B40236042F08D
:107010000802226115F8263023F0010305F8263016
:10702000C7F800B001E04FF00009484603B0BDE8E2
:10703000F08F30B45318046914F0010F04D1056ABD
:10704000AB4204D35B1B02E0056A013D2B4005689F
:107050009D4214D0002323F0010343F0020362F3A6
:107060009F03C46944F8213043681344026912F055
:10707000010F09D1026A934209D39B1A07E001600C
:1070800024F00804046103E0026A013A13404360FB
:1070900030BC704708B50023036043608360C36061
:1070A000036143618361CA6882618A6842610A68D8
:1070B000C2614A68026243620B6903612AB1511ED0
:1070C0000A4202D143F0010303612830012200216A
:1070D00001F05CFC08BD2DE9F04F87B09A46002313
:1070E00005930393036A8B42C0F089800446894666
:1070F0009346002301930126009341E00199204625
:10710000FFF797FF0023039345E0E369226803EB51
:107110008201009113F8221021F0010103F82210DE
:10712000C9B221F0020103F8221023684B442269FE
:1071300012F0010F04D1216A8B4204D35B1A02E0E2
:10714000216A01390B402360E1688B4201D000269F
:1071500008E042F008022261002603E02046FFF723
:107160009EFE2E4688F31188BFF36F8F059929B1D3
:1071700063690BB12046984700230593002E40D049
:10718000EFF31187102383F31288BFF36F8FB84694
:10719000039A002AB2D104A92046FFF726FE05462D
:1071A00004994945B1D20028D8D15AEA0B030BD132
:1071B000002ED7D02368019303AB05AA049920467B
:1071C000FFF7A0FE0646CDE701F015FC0028EFD141
:1071D000002FEDD187F31188BFF36F8F04F12800E2
:1071E0005A465346FDF756FFEFF31188102383F3F9
:1071F0001288BFF36F8FB0FA80F67609B2E70023EA
:107200000093009807B0BDE8F08F70B504460D46B6
:10721000836908469847EFF31186102383F3128899
:10722000BFF36F8F2B7843F001032B706368184412
:10723000236913F0010F04D1236A984204D3C01AC2
:1072400002E0236A013B184060602046FFF705FE1C
:1072500086F31188BFF36F8F70BD2DE9F04182B0C6
:107260000446002730E053F82210890850D145E049
:10727000226A013A1340A3602046FFF7FDFD012773
:107280003B461CE013F8221041F0020103F82210E3
:10729000D4F80880A369284698474044236913F02E
:1072A000010F04D1236A984204D3C01A02E0236A72
:1072B000013B1840A060002301E000231D4686F337
:1072C0001188BFF36F8F8BB3EFF31186102383F315
:1072D0001288BFF36F8F01A92046FFF79AFDE3697B
:1072E000A26803EB820501990029E6D013F8221069
:1072F00011F0030117D00229B5D0002113F82200A4
:1073000010F0010FBED119B9A3692846984701466C
:10731000A3680B44226912F0010FA9D1226A93429B
:10732000A9D39B1AA7E700231D46C8E707B11DB1E3
:10733000284602B0BDE8F08104F12800FDF774FE94
:10734000F6E770B504460D4683690846984701463E
:10735000EFF31186102383F31288BFF36F8F2B781E
:1073600023F001032B70236913F0020F0AD0E369A5
:10737000E26803EB8203AB4204D02B6860F39F0307
:107380002B600AE02B7823F002032B70E268A368DD
:107390009A420BD02046FFF76FFD86F31188BFF3AA
:1073A0006F8F04F12800FDF73FFE70BD0B4422698A
:1073B00012F0010F04D1226A934204D39B1A02E017
:1073C000226A013A1340A360E4E710B582B0EFF3FC
:1073D0001184102383F31288BFF36F8F01A9FFF785
:1073E00018FD84F31188BFF36F8F0198003818BF20
:1073F000012002B010BD704738B505460C46032188
:10740000A047002806DB01212846A047002800DB12
:10741000002038BD10F1860FFBD1F4E710B484686A
:1074200091FAA1F39BB1B3FA83F35B004FF0030C25
:107430000CFA03F324EA030391FAA1F149B1B1FA7A
:1074400081F149008A401343836010BC70472023B8
:10745000EBE72021F5E710B4C46891FAA1F39BB1E2
:10746000B3FA83F35B004FF0030C0CFA03F324EA46
:10747000030391FAA1F149B1B1FA81F149008A40BF
:107480001343C36010BC70472023EBE72021F5E7CE
:1074900008B5FFF7E0FF08BD10B4046A91FAA1F344
:1074A0009BB1B3FA83F39B004FF00F0C0CFA03F37C
:1074B00024EA030391FAA1F149B1B1FA81F18900FB
:1074C0008A401343036210BC70472023EBE720215E
:1074D000F5E710B4446A090A91FAA1F39BB1B3FA33
:1074E00083F39B004FF00F0C0CFA03F324EA030420
:1074F00091FAA1F149B1B1FA81F189008A401443AE
:10750000446210BC70472023EBE72021F5E710B45C
:10751000046891FAA1F39BB1B3FA83F35B004FF0D7
:10752000030C0CFA03F324EA030391FAA1F149B125
:10753000B1FA81F149008A401343036010BC7047DF
:107540002023EBE72021F5E72DE9F8430F46154608
:10755000984643685E6801248C4002F03009C2F30B
:107560008013706820EA04008B4018437060C2F3F7
:10757000C11221463046FFF751FFC5F34122214693
:107580003046FFF785FFB9F1200F08D04FEA1912F6
:1075900021463046FFF7BBFF0020BDE8F883072FE8
:1075A00005D8424621463046FFF776FFEEE74246D1
:1075B00021463046FFF78DFFE8E7037813F0040F0C
:1075C00001D0002070470368C3F34A2000EB13503A
:1075D000173020F007008008704710B50446036894
:1075E000DB6803B19847636801229A7110BD0020DF
:1075F00070470120704708B520EAE073D9178A0068
:1076000042EA93729800C01841EB02010018494108
:10761000FEF796F808BD08B500220023FFF75BFDD2
:1076200008BD08B5FFF78DFE08BD08B5FFF7CDFE14
:1076300008BD00B585B00391029000200190009034
:10764000034602460146FAF7B7F905B05DF804FBB8
:1076500008B50120F9F7F6FE08BD08B5F9F792FF65
:1076600008BD08B5FFF7D1FDFAF73CF808BD0020CA
:10767000704708B54368DA714368196043680122AE
:107680005A71F9F7CFFE08BD91B170B514460D4699
:10769000536896689B1B8B420CD313680A460146BD
:1076A0009819F8F7D9FDA3682B44A360284670BD4C
:1076B000002070476FF01B00F9E770B588B10E46E7
:1076C00014461946054633B11030C2F34A23120D51
:1076D0001844F8F7C1FD2C606E602846FAF744F8AC
:1076E00070BDF9F7AFFEFBE72DE9F04383B0064626
:1076F0000F4615461C4603F101094FEA890808F1B7
:10770000170020F007008008F9F734FF00220192EB
:107710008DF8049068B100F1140C019B036196464A
:1077200005E055F82E304CF8043B0EF1010EA6454D
:10773000F7D3002267F3881268F3532200233146FF
:10774000FFF7BBFF03B0BDE8F08300B583B0019243
:10775000012301AAFFF7C8FF03B05DF804FB00B5E1
:1077600083B00092019302236A46FFF7BDFF03B086
:107770005DF804FB00B585B001920293069B03936C
:10778000032301AAFFF7B0FF05B05DF804FB08B5BD
:10779000FAF766F808BD2DE9F0418046076885686C
:1077A00043681C685E6805E0324621462846B847B3
:1077B000241A0544002CF7D1D8F8043000221A60AE
:1077C000BDE8F08138B505460C464B681A68CB68B1
:1077D0009A420FD06368BFF35B8F53E8002F511CB0
:1077E00043E800100028F8D1BFF35B8FA3689D54D5
:1077F000002038BD0846FFF7CEFFEBE738B504465A
:107800000D460A2805D029462046FFF7DBFF002059
:1078100038BD0D20FFF7D6FFF5E708B51346012266
:10782000FAF784F908BD08B513460022FAF77EF985
:1078300008BD38B505460C4601F00101FFF7F3FF1E
:1078400021462846FAF708FA38BD2DE9F04383B0FF
:1078500080460E4615461F46DDF828902C46102D12
:1078600028BF1024CDF800903B46224631464046C2
:10787000FAF706FA26442D1BF0D103B0BDE8F083D9
:107880002DE9F04389B006460C469046D1F80890A1
:107890000F88C7F382170878C0F3C2050846FAF7C5
:1078A000E1F8011E1BDA0023214651F8105BC5F3F5
:1078B0004A256288C2F30B12481905B90021CDF898
:1078C0001880059204900391029700220192009281
:1078D00049463046FAF736FA09B0BDE8F083284643
:1078E000F9F798FF0346DFE72DE9F0418046076886
:1078F000856843681C685E6805E032462146284674
:10790000B847241A0544002CF7D1D8F804300022D7
:107910001A60BDE8F08143681B685B68196100204C
:10792000704743681B681A6852685360704708B50F
:1079300043681B685A68012111751868FFF7D4FF66
:1079400008BD08B543681B681868FAF741FA08BD16
:1079500038B50C4643681D686B681869F9F74AFD2D
:1079600003460F2221462868984738BD08B5FEF720
:10797000F5FA08BD08B5F8F76FFC08BD08B5014673
:107980000068FAF76BFB08BD08B5FAF783FBFAF756
:10799000AFFF08BD0020704708B500231370CB1E51
:1079A000092B1AD8DFE803F005090D111919191967
:1079B00019141146FAF7F2FD12E00021FAF74AFD18
:1079C0000EE00021FAF7BEFC0AE0FAF7D7FB07E069
:1079D0001146FAF73DFC002002E0FAF747FC0020D0
:1079E00008BD08B540B2FAF7CBFE08BD08B50131B5
:1079F00040B2FAF7D3FE08BD08B500210120FAF71E
:107A00002DFB08BD08B5FAF707FF08BD6FF085002C
:107A1000704761B662B680F31188BFF36F8F70470D
:107A200072B6002383F31188BFF36F8FBFF34F8FBC
:107A300030BF62B6BFF36F8F704743685A1E134260
:107A400006D11F2B06D903681A4205D000207047C3
:107A500000207047002070470120704700B585B0B6
:107A60000B6801934B688A68202B12D9B3F1004F41
:107A700011D8013BB3FA83F3C3F11F035B0003F09A
:107A80003E031343039301A9FAF7F2FF05B05DF833
:107A900004FB0823F5E73E23F3E7F0B585B0054680
:107AA00003A8FAF7FFF90646002435E0B3F1007F9A
:107AB00000F0B280B3F1805F00F0C880B3F1807F46
:107AC00029D1576809589368202B40F2A180B3F15F
:107AD000004F00F29F80013BB3FA83F3C3F11F0311
:107AE0005B0003F03E0343F088730097019102931B
:107AF00007E0082343F0885343F4302300970191B3
:107B0000029369462878FAF7B3FF0028C0F2BA80DA
:107B10002B7801332B700134B44280F0B680200101
:107B2000039901EB0412D3686FF31303B3F5000F4D
:107B300054D0BBD8B3F5001F18D0B3F5800F31D0A7
:107B4000B3F5801FE7D1576809589368202BD0D927
:107B5000B3F1004F08D8013BB3FA83F3C3F11F031D
:107B60005B0003F03E03C5E73E23C3E757680958AF
:107B70009368202B12D9B3F1004F11D8013BB3FA0F
:107B800083F3C3F11F035B0003F03E0343F088530C
:107B900043F40023009701910293B2E70823F5E72D
:107BA0003E23F3E7576809589368202B12D9B3F1A5
:107BB000004F11D8013BB3FA83F3C3F11F035B00FD
:107BC00003F03E0343F0C06343F400330097019198
:107BD000029396E70823F5E73E23F3E75768095831
:107BE0009368202B10D9B3F1004F0FD8013BB3FAA3
:107BF00083F3C3F11F035B0003F03E0343F0827382
:107C00000097019102937CE70823F7E73E23F5E70D
:107C1000082368E73E2366E7576809589368202BD6
:107C200010D9B3F1004F0FD8013BB3FA83F3C3F17E
:107C30001F035B0003F03E0343F480230097019190
:107C400002935EE70823F7E73E23F5E757680958F4
:107C50009368202B12D9B3F1004F11D8013BB3FA2E
:107C600083F3C3F11F035B0003F03E0343F088532B
:107C700043F4003300970191029342E70823F5E7AC
:107C80003E23F3E76FF0150000E0002005B0F0BDE3
:107C900008B5FAF73DFF08BD08B5FAF743FF08BD80
:107CA00008B50B6949699847002008BD08B5FAF77F
:107CB000C9FF002008BD08B5FAF7EAFF08BD08B5FE
:107CC000062201210020FBF733F80022114606208E
:107CD000FFF78CFE072201210846FBF729F8002256
:107CE00011460720FFF782FE082201210220FBF740
:107CF0001FF8002211460820FFF778FE0922012113
:107D00000320FBF715F8002211460920FFF76EFE4D
:107D10000A2201210420FBF70BF8002211460A2059
:107D2000FFF764FE172205210846FBF701F8002241
:107D300011461720FFF75AFE282206210A20FAF7DB
:107D4000F7FF002211462820FFF750FE002008BD53
:107D500001F01F0101208840704708B5024608461F
:107D600002F0030304339B000F21994041EA920182
:107D7000FBF714F808BD08B500F0030304339B00BB
:107D80000F2202FA03F343EA9000FBF723F808BD41
:107D9000836813F0010F03D1836843F0010383600C
:107DA0000020704743681A68936843F080439360EB
:107DB0007047836813F0010F0ED0036813F0100FA3
:107DC00000D059B1836823F001038360836813F006
:107DD000010FFBD100207047002070476FF00F00AB
:107DE000704708B5D0F89430C0F89830D0F89000BB
:107DF000FFF7D8FF08BD19B1D0F89830C0F894301B
:107E00007047FF2380F8A63080F8A730704700B590
:107E10002C3001F4407C4FF4407393FAA3F3ABB1E0
:107E2000B3FA83F32CFA03FC50F82C3001F01F0155
:107E30004FF01F0E0EFA01FE23EA0E0302F01F029E
:107E40008A40134340F82C305DF804FB2023E9E717
:107E500010B50C3001F0007E4FF0007393FAA3F3DD
:107E600023B3B3FA83F32EFA03FE50F82E4001F049
:107E7000F8714FF0F87393FAA3F3CBB1B3FA83F32D
:107E800021FA03F34FF0070C0CFA03F324EA030C76
:107E90004FF0F87393FAA3F363B1B3FA83F3D940C5
:107EA0008A404CEA020240F82E2010BD2023DAE777
:107EB0002023E5E72023F2E738B584460D4600F19C
:107EC000640E0C460FCCAEE80F002368CEF80030ED
:107ED0000023CCF860302B6853B10CF178040FCB41
:107EE00084E80F00CCF864400023ACF8883018B95F
:107EF0006046FFF776FF38BD0023BFF35B8F5CE879
:107F0000002F4CE800310029F9D1BFF35B8F6046A8
:107F1000FBF77EF9EFE710B5044650304FF0FF3223
:107F20004FF0FF33FDF7B6F800B12066206E10BDAC
:107F300008B540304FF0FF324FF0FF33FDF7AAF89D
:107F400008BD70B505460E46046919462046FFF780
:107F5000EFFF31462846FBF795F9054604F140004E
:107F6000FDF762F8284670BD08B500231A46FFF7F2
:107F7000E8FF08BD08B5836C03B108BD4030FDF7CC
:107F800053F8FAE738B504460D46FFF73AFF05B156
:107F9000256604F15000FDF747F838BD00B583B001
:107FA00001AA00F02DFA002805DB019B00221979B7
:107FB000186800F03EFA03B05DF804FB08B5BFF3A3
:107FC0005B8F50E8003F5A1C40E800210029F8D19F
:107FD000BFF35B8F1BB16FF00F03036608BDFFF7A4
:107FE00000FFFBE708B50838FFF7E8FF08BD08B554
:107FF000002211461220FFF7F9FC1220FFF7F1FCD6
:1080000008BD10B50446436E9BB10846E36F43B10B
:10801000B4F8882004F164019847012813D002289D
:1080200005D0B4F88830B4F88420934206D3A36F07
:1080300023BB00212046FFF7A5FF10BD0133A4F8A4
:108040008830002100E001212046FFF7D4FEA36F15
:108050001BB92046FFF7C5FEEFE7BFF35B8F54E87F
:10806000003F5A1E44E800210029F8D1BFF35B8F7E
:10807000012BE2DD2046FFF7B4FEDEE704F1080045
:10808000FDF72EFFD5E7B0FBF1F002FB00F0B0FBEF
:10809000F3F07047B0FBF1F070470B88C3F30B03AC
:1080A00003F57D62C2F30B02782A15D882B003F182
:1080B000804303F50E334A68186802431A600B8840
:1080C000C3F30B0303F1804303F50E331B680193E5
:1080D000019B002002B070476FF0850070470B884D
:1080E000C3F30B0303F57D62C2F30B02782A0AD8AF
:1080F00003F1804303F50E3349681A6822EA01024E
:108100001A60002070476FF08500704770B54C68AA
:10811000C4F304450888C0F30B00FBF7B5FA002848
:1081200015DBA6B2FF2C13D006F1804202F50E3209
:10813000C4F34151013101238B40013BAB40240E7C
:10814000AC40116821EA03031C431460002070BD99
:108150000020FCE708B50888C0F30B0000F57D633C
:10816000C3F30B03782B0BD800F1804000F50E30E1
:1081700002684B68934301D0012008BD0220FCE750
:10818000FBF782FA08B10120F7E70220F5E7704714
:108190004FF4800070470B4639B11168196041688F
:1081A0008A4209D000231360704713680360416856
:1081B0008A42F7D14360F5E74360F3E708B50A4622
:1081C0000368002101E019461B682BB19342FAD1E4
:1081D000FFF7E1FF012000E0002008BD70B5044674
:1081E0000D461646036833B1FFF7E8FF70B91EB9B4
:1081F0006FF0150006E032B123682B6025606368DC
:1082000043B1002070BD6FF01500FBE7002EF3D1E5
:108210000020F7E765600020F4E770B50E461546CC
:10822000016821B10C683CB131B90C4604E00C4640
:1082300002E0234621461C4671B18A682A4002D0DA
:108240004B6830469847002CF3D02368002BF1D0C0
:10825000002CEFD12346EDE770BD08B50246086952
:108260000830FFF7DAFF08BD10F4003F14D010F01B
:10827000020F04D010F0040F34D0502300E010237C
:1082800010F0100F02D043F4007312E010F0200F32
:108290000FD043F480630CE010F4803F08D010F05E
:1082A000100F14D110F0200303D04FF4806300E0CE
:1082B000302300F4C060B0F5806F10D0B0F5C06F0F
:1082C00008D0B0F5007F07D143F0800304E04FF4FD
:1082D0000073EEE743F4C0730B600020704743F473
:1082E0008073F9E76FF08500704743685B681B692E
:1082F0000B600020704743685B68586942400A4041
:1083000042405A610020704743685B6899610020D1
:10831000704743685B6809049961002070474368AF
:108320005B685A69514059610020704708B500697F
:108330000830FFF753FF08BD38B504460D46084620
:10834000FFF719FDA04200D038BD29462046FFF7AF
:10835000FFFC0446FAF76AFD2046FAF7C1FD00214A
:108360002046FAF76BFDEFE72DE9F04383B00546B1
:108370000E461446D0F8108001A91046FFF774FF8E
:10838000074668BB14F4403914D0D8F8043023FAF7
:1083900006F212F0010F04D10122B2401343C8F8D3
:1083A000043014F4003F05D014F4002F1CD114F451
:1083B000802F1FD10023019A31462846FFF7C4F8C9
:1083C000B9F1000F0CD1D8F8043023FA06F212F0FC
:1083D000010F05D00122B24023EA0203C8F804309D
:1083E000384603B0BDE8F0830121B1402846FFF7CD
:1083F0008BFFDFE70121B1402846FFF78AFFD9E76D
:1084000000B50368136001E008331360136890F847
:1084100004C0D0F800E00EEBCC0C634505D293F815
:1084200005C08C45F0D1002001E06FF001005DF83F
:1084300004FB2DE9F84F80468A46002426461AE0C0
:1084400005F01F02102A25D0112A21D0C5F344209F
:10845000F8F728FE814698B3C5F3431B05F01F07C4
:108460003B4632465946FFF76FF8002826DB112FAE
:1084700012D00134E4B254451FD208EBC40358F8BB
:10848000345015F0100FDBD15E6846F02006DDE7B2
:108490005E68DBE73026D9E7D9F804305A6816F46D
:1084A000006F04D0012303FA0BF39361E1E701238A
:1084B00003FA0BF31B049361DBE70020BDE8F88FA0
:1084C0006FF01200FAE74163704781637047C16340
:1084D00070470164704708B58368DB680BB1984743
:1084E00008BD6FF05700FBE710F0010F01D002202C
:1084F000704700207047436823F0700319434160C0
:108500007047036941681B6849680131B3FBF1F3A7
:10851000002013605060704700B583B001AAFFF7D8
:108520006FFF002805DB019B002219791868FFF70F
:1085300080FF03B05DF804FB43681868C1F34B1378
:1085400001F01F01C358012000FA01F10B40003B6C
:1085500018BF012313700020704710B443681C68D3
:10856000C1F34B1001F01F01235801228A4013432D
:108570002350002010BC704710B443681C68C1F33E
:108580004B1001F01F01235801228A4023EA020305
:108590002350002010BC704738B504460D46FFF745
:1085A000DCFF29462046FFF7E7FF002038BD426880
:1085B00022F07F4020F0C000C2F34A331B0603F0D4
:1085C000E063010401F47C110B4302F4F8521343FD
:1085D00043EA1040704708B58368DB680BB19847E1
:1085E00008BD6FF05700FBE703691B681B680B6051
:1085F00043681B68DB6803F4C063B3F5806F04D085
:10860000B3F5C06F11D1012300E002230B71436861
:108610001B681B6903F44053B3F5805F07D0B3F5C3
:10862000405F06D0FBB9012304E00023EEE70023FE
:1086300000E002234B7143681B68DA68DB6803F4CF
:10864000C06312F4805F10D1A3B903238B71436818
:108650001B685B6903F44073B3F5407F0CD00023C3
:10866000CB71002070470323E4E70BB90423EDE747
:108670000323EBE70223E9E70123F1E700B583B029
:1086800043681868036813F0080F05D00368019366
:10869000019B43680193019B036813F0200F04D0F2
:1086A0009047002003B05DF804FB4FF0FF30F9E77E
:1086B00010B543681868036813F0800FFBD0EFF320
:1086C0001184102383F31288BFF36F8F036813F0B4
:1086D000800F04D184F31188BFF36F8FEBE79047CD
:1086E00084F31188BFF36F8F10BD43680B70704720
:1086F000C9B24160704784B043681B68186810F0C5
:10870000080000D001201A6812F0010F01D040F0DB
:1087100002001A6812F0020F01D040F004001A683B
:1087200012F0040F01D040F020001A6812F4807F8C
:108730002AD040F008006FF480721A6010F0010F28
:1087400005D01A680092009A5A680092009A10F0B8
:10875000020F05D01A680192019A5A680192019A93
:1087600010F0040F05D01A680292029A5A68029219
:10877000029A10F0200F05D01A680392039A5B68E2
:108780000393039B04B0704710F0080FD6D0D2E7D4
:10879000F8B50C46476803691D680979012904D0BA
:1087A00002290ED14FF4806301E04FF4C063627977
:1087B000012A08D0022A08D0002A4BD14FF4805257
:1087C00005E00023F3E7002201E04FF44052A679D0
:1087D000042E42D0002943D14FF0000CE179012949
:1087E00041D00021A54241D03F68FE6806F4C06E2A
:1087F000734504D0FE6826F4C0663343FB604368CB
:108800001E68336903F440539A4204D0336923F459
:1088100040531A43326143681E68F36803F480537F
:108820009C4505D0F36823F480534CEA0303F360BE
:1088300043681A68536903F44073994204D053693A
:1088400023F440730B43536121682B68994228D16C
:108850000020F8BD4FF40052B9E74FF4805CBDE74B
:108860004FF4805CBAE74FF44071BBE73E68F568AF
:1088700025F4B05543EA0C032B43F360336923F42A
:1088800040531343336143681A68536923F44073B8
:108890000B4353612168FBF7BFFD0028D9DB0020A3
:1088A000D7E7FBF7B9FD0028D3DB23682B60002056
:1088B000CFE700B583B001AAFFF7A2FD002805DBD2
:1088C000019B002219791868FFF7B3FD03B05DF82A
:1088D00004FB38B504464568FBF786FD00280BDB32
:1088E0000021686AFFF7E5FF002805DB2046FBF75B
:1088F000E9FE002800DB002038BD08B5EFF3118148
:10890000102383F31288BFF36F8FFDF79BF908BD27
:1089100010B50446436993B19847024630B1002828
:108920000BDBFF2A00DDFF22E3681A70E1684B7859
:1089300043F001034B70504210BD4242F1E7002268
:10894000F4E760B1C3685A7812F0010F03D01B78C6
:108950001BB10020704700207047012070470020A5
:108960007047EFF31183102383F31288BFF36F8FE7
:10897000FEE708B5EFF31183102383F31288BFF3EA
:108980006F8FFFF74DF8F5E700BF70473AB18A42A5
:1089900008D38160C26000604060002070476FF0C3
:1089A000150070476FF015007047F8B50546D31DE8
:1089B00023F007037F3323F03F0301F14007A3F1C6
:1089C00040063F2B07D8002282F31188BFF36F8F38
:1089D0000422104602DFCC1821462846F9F772FB24
:1089E000073020F00700C5F89470C5F89860C5F806
:1089F0009C00201AF8BDEFF30580003818BF012055
:108A000070477430704710B400248460838102740E
:108A10008173C4738461C46110BC7047F0B587B0C2
:108A20000446129E139D00270597109F04970F9FE1
:108A300003970E9F02970D9F01970C9F0097FCF7DD
:108A400071FBB5F1FF3F08BFB6F1FF3F02D12046F1
:108A500007B0F0BD32462B462046FCF743FBF6E755
:108A60000020704738B504460D46FCF759FC237CBE
:108A700043F00203237425B3A5602B689D4207D100
:108A8000002305E019466A68934215D01B687BB93C
:108A900093B194F90E1093F90E209142F2D0521A2C
:108AA000002AEFDD5A686260236014605C6008E0B1
:108AB0000029EDD10B46EBE76B68256063601C6015
:108AC0006C6038BD70B50646046884421AD0DCB1CB
:108AD0006268236813605A60002525606560237C06
:108AE00023F002032374A56004F1180000F0E4F8F9
:108AF000C4F8AC502046FCF7BBFB3468A642E6D174
:108B00000024E4E70024E2E770BD70B50446164691
:108B10001D46FFF7A7FF32462B462046FCF7C2FC56
:108B200070BD38B504460023EFF31185102282F39F
:108B30001288BFF36F8F04E085F31188BFF36F8F46
:108B4000012343B92046FFF78BFF0028F4D12046CC
:108B5000FCF78EFBF0E738BD0023EFF31181102204
:108B600082F31288BFF36F8F04E081F31188BFF3A3
:108B70006F8F01237BB98368002BF6D042680368AE
:108B800013605A60002303604360027C22F00202FB
:108B900002748360E9E7704708B5037C13F0280F7F
:108BA00013D183685BB14268036813605A60002385
:108BB00003604360027C22F0020202748360037C43
:108BC00023F004030374FCF753FB08BD38B5A0F190
:108BD00018050023EFF31184102282F31288BFF3EB
:108BE0006F8F07E02846FFF7D7FF84F31188BFF3A4
:108BF0006F8F0123002BF5D038BD01460023EFF322
:108C0000118C102282F31288BFF36F8F184605E093
:108C100000208CF31188BFF36F8F01238BB9086894
:108C20008142F5D00028F4D04268036813605A608E
:108C3000002303604360027C22F00202027483601E
:108C4000E7E7704708B5FCF7F9FA08BD031D436074
:108C50008360704710B50446FCF742FF48B10246F6
:108C60000369416920691B18606941EB00011361C8
:108C700051616268236813605A6000232360636057
:108C800010BD10B50446FCF721FF78B103694269B5
:108C90001B1B62EBE472B3F1004F72F1000108DAC2
:108CA000002A01DB184610BD0023FBE76FF00040EF
:108CB000F9E76FF00040F6E72DE9F04104460025A2
:108CC000EFF31187102383F31288BFF36F8F6FF0D8
:108CD000150014E0FCF710FFFFF7D3FF0021FBF7AE
:108CE000A3FD404606E022696369B3F1004F08BF67
:108CF000012A18D087F31188BFF36F8F0125A8468A
:108D0000BDB92368002BEED0FCF7E0FE06462046F6
:108D1000FFF7A0FF00224FF00043C4E90423A6425E
:108D2000D8D02846E6E700224FF00043C4E90423E8
:108D3000E0E7BDE8F08108B5FCF7E6FF08BD08B53F
:108D4000FCF7E2FF08BD016242620023036300F109
:108D500018028261C261036043604363704700BFD1
:048D60000020704738
:088D64008276FF7F0100000090
:108D6C0000000000248E00082D10000800000000F8
:108D7C0000000000408E000800000000E88E000893
:108D8C0000000000208F0008000000003C8F00084D
:108D9C0000000000048F000800000000CC8E0008CA
:108DAC0000000000B08E000800000000948E000847
:108DBC0000000000788E0008000000005C8E0008A7
:108DCC00BF7C00080000000000000000748F000849
:108DDC0000000000908F000800000000588F000871
:108DEC0001380008000000008D470008000000005A
:108DFC0099130008000000006D2C00080000000012
:108E0C0000000000AC8F000800000000C88F0008B4
:088E1C0000000000E48F0008D3
:108E2400009E000800000000A09200082C01002011
:108E340000000000AD360008000000009C9F000800
:108E4400B8A5000888920008320100200000000044
:108E5400000000000000000070940008E8A1000871
:108E64005C92000818010020B80800209510000842
:108E74000000000080940008FCA100085C92000837
:108E84001A010020C8080020951000080000000006
:108E94009094000810A200085C9200081C010020B5
:108EA400D80800209510000800000000A0940008D5
:108EB40024A200085C9200081E010020E80800209B
:108EC4009510000800000000B094000838A20008C3
:108ED4005C92000820010020F8080020951000088A
:108EE40000000000C09400084CA200085C92000836
:108EF400220100200809002095100008000000004D
:108F0400D094000860A200085C92000824010020AC
:108F1400180900209510000800000000E0940008E3
:108F240074A200085C920008260100202809002091
:108F340095100008000000000C9B000800000000D1
:108F4400000000002801002000000000B77C000899
:108F540000000000F49F0008BCA5000898920008D7
:108F640034010020280A0020794200080000000093
:108F740094A00008D8A50008BC920008360100207F
:108F8400F0000020D388000800000000A4A000081E
:108F940028A60008BC92000838010020FC0000202C
:108FA400D388000800000000E49D0008E0A3000846
:108FB400509200082A01002000000020B533000868
:108FC400000000008C9F0008DCA4000880920008C8
:108FD4002E010020D8000020A13B00080000000062
:108FE4008C9F000824A5000880920008300100200E
:0C8FF400E4000020A13B00080000000089
:1090000000000000F979000800000000F97900086C
:1090100000000000F979000800000000F97900085C
:1090200000000000F979000800000000F97900084C
:10903000DCA30008552D0008D8A30008552D000812
:10904000D4A30008552D0008D0A30008552D000812
:10905000CCA30008552D000800000000F979000895
:1090600000000000F979000800000000F97900080C
:1090700000000000F979000800000000F9790008FC
:1090800000000000F979000800000000F9790008EC
:10909000000000007934000800000000F9790008A1
:1090A00000000000F979000800000000F9790008CC
:1090B00000000000F9790008C8A30008552D000839
:1090C00000000000F979000800000000F9790008AC
:1090D00000000000F979000800000000F97900089C
:1090E00000000000F979000800000000F97900088C
:1090F00000000000F979000800000000F97900087C
:1091000000000000F979000800000000F97900086B
:1091100000000000F979000800000000F97900085B
:1091200000000000F979000800000000F97900084B
:1091300000000000F979000800000000F97900083B
:10914000C4A30008552D000800000000F9790008AC
:1091500000000000F979000800000000F97900081B
:1091600000000000F979000800000000F97900080B
:1091700000000000F979000800000000F9790008FB
:1091800000000000F979000800000000F9790008EB
:1091900000000000F979000800000000F9790008DB
:1091A00000000000F979000800000000F9790008CB
:1091B00000000000F979000800000000F9790008BB
:1091C00000000000F979000800000000F9790008AB
:1091D00000000000F979000800000000F97900089B
:1091E00000000000F979000800000000F97900088B
:1091F00000000000F979000800000000F97900087B
:1092000000000000F979000800000000F97900086A
:1092100000000000F979000800000000F97900085A
:1092200000000000F979000800000000F97900084A
:1092300000000000F979000800000000F97900083A
:1092400000000000F979000800000000F97900082A
:0C92500089310008697F0008E40C000070
:10925C0069830008EB820008F78200080983000884
:10926C00138300081F8300081D3800082D83000895
:04927C0000000000EE
:08928000613A000803850008B3
:10928800398500085B8500087985000899850008FC
:08929800A1400008013F00089D
:1092A0009B800008DF80000800000000F9340008FF
:0C92B00055810008000000000D8100083E
:1092BC00C9430008D9430008F78600089545000803
:0492CC00E985000828
:1092D000F49D000803000000509400080300000003
:1092E0002C9B0008030000003895000803000000D4
:1092F0003C9500080300000064960008030000008D
:10930000909A000803000000ACA1000803000000D0
:10931000A493000803000000909F000803000000D1
:1093200004A0000803000000F89D000803000000EE
:109330001C9500080300000064940008030000006E
:08934000B4A0000803000000C6
:109348007CA30008B000002050960008010000002F
:10935800040000000F0000000100000008000000E9
:1093680020000000600000007000000010000000F5
:109378000C0000000E000000500000007400000007
:10938800A8000000FFFFFFFFFFFFFFFFFFFFFFFF39
:04939800FFFFFFFFD5
:10939C0044000000004000006F735F68656170005E
:1093AC0028756E7369676E65642920636861722025
:1093BC002A207573656420666F72202525702061E4
:1093CC007267756D656E742E2049742773207265F3
:1093DC00636F6D6D656E64656420746F206361737B
:1093EC007420697420746F20766F6964202A20625F
:1093FC00656361757365206974206D6179206361A3
:10940C00757365206D69736265686176696F72202A
:10941C00696E206365727461696E20636F6E666934
:10942C006775726174696F6E732E20537472696EF6
:10943C00673A2225732220617267756D656E743AE6
:10944C002564000063627072696E74665F7061639C
:10945C006B616765000000007379735F6765746FFB
:10946C00707400006770696F403430303231633093
:10947C00300000006770696F403430303231383062
:10948C00300000006770696F403430303231343056
:10949C00300000006770696F40343030323130304A
:1094AC00300000006770696F403430303230633008
:1094BC00300000006770696F403430303230383023
:1094CC00300000006770696F403430303230343017
:1094DC00300000006770696F40343030323030300B
:1094EC0030000000556E62616C616E6365642062D1
:1094FC0061636B757020646F6D61696E206163636D
:10950C0065737320726566636F756E74000000007E
:10951C0073746D33325F6261636B75705F646F6D12
:10952C0061696E006C6F6767696E67006C6F6700CE
:10953C006C6F675F6D676D74000000004D65737331
:10954C00616765202822257322292064726F707050
:10955C006564206265636175736520697420657844
:10956C0063656564732073697A65206C696D6974D1
:10957C006174696F6E202825752900004D65737321
:10958C006167652064726F707065642062656361E9
:10959C0075736520697420657863656564732073E1
:1095AC00697A65206C696D69746174696F6E2028C5
:1095BC00257529005B2530386C755D200000000096
:1095CC005B253032753A253032753A253032752E9E
:1095DC00253033752C253033755D20001B5B306DC9
:1095EC00000000002573000025732E0025733A201F
:1095FC00000000003C25733E2000000025732F0066
:10960C00257320000A0000000D0A00002000000055
:10961C002530327820000000202020007C00000043
:10962C00256300001B5B313B33316D001B5B313B11
:10963C0033336D006572720077726E00696E66006E
:10964C00646267006C6F675F6261636B656E645F19
:10965C0075617274000000006C6F675F75617274E5
:10966C000000000072302F61313A20203078253014
:10967C003878202072312F61323A20203078253012
:10968C003878202072322F61333A20203078253000
:10969C003878000072332F61343A2020307825302E
:1096AC003878207231322F69703A2020307825308A
:1096BC003878207231342F6C723A20203078253073
:1096CC003878000020787073723A2020307825307A
:1096DC00387800004661756C74696E6720696E732A
:1096EC007472756374696F6E2061646472657373F0
:1096FC0020287231352F7063293A20307825303884
:10970C0078000000556E68616E646C656420495287
:10971C00516E3A2025640000535053454C20696E1D
:10972C0020746872656164206D6F646520646F6578
:10973C0073206E6F7420696E646963617465205068
:10974C00535000002A2A2A2A2A20555341474520E3
:10975C004641554C54202A2A2A2A2A0020204469A2
:10976C00766973696F6E206279207A65726F00007A
:10977C002020556E616C69676E6564206D656D6F38
:10978C0072792061636365737300000020204E6F53
:10979C0020636F70726F636573736F7220696E7381
:1097AC007472756374696F6E730000002020496CCD
:1097BC006C6567616C206C6F6164206F6620455826
:1097CC00435F52455455524E20696E746F2050437E
:1097DC00000000002020496C6C6567616C2075737B
:1097EC0065206F6620746865204550535200000058
:1097FC002020417474656D707420746F20657865D9
:10980C006375746520756E646566696E6564206940
:10981C006E737472756374696F6E00002A2A2A2A3B
:10982C002A204465627567206D6F6E69746F7220B3
:10983C00657863657074696F6E202A2A2A2A2A005B
:10984C0052657365727665642045786365707469DA
:10985C006F6E20280000000053707572696F75736D
:10986C0020696E746572727570742028495251208B
:10987C00000000002A2A2A2A2A2025732025642980
:10988C00202A2A2A2A2A00002A2A2A2A2A20425551
:10989C0053204641554C54202A2A2A2A2A000000DB
:1098AC002020537461636B696E67206572726F72EE
:1098BC00000000002020556E737461636B696E6745
:1098CC00206572726F72000020205072656369739C
:1098DC0065206461746120627573206572726F72A9
:1098EC000000000020204246415220416464726511
:1098FC0073733A2030782578000000002020496DE1
:10990C00707265636973652064617461206275733C
:10991C00206572726F7200002020496E737472752C
:10992C006374696F6E20627573206572726F72005A
:10993C002020466C6F6174696E672D706F696E7450
:10994C00206C617A79207374617465207072657310
:10995C006572766174696F6E206572726F72000049
:10996C002A2A2A2A2A204D5055204641554C54204B
:10997C002A2A2A2A2A0000002020537461636B696A
:10998C006E67206572726F722028636F6E746578D3
:10999C00742061726561206D69676874206265204E
:1099AC006E6F742076616C6964290000202044611C
:1099BC007461204163636573732056696F6C6174C5
:1099CC00696F6E0020204D4D4641522041646472F7
:1099DC006573733A20307825780000002020496E9A
:1099EC00737472756374696F6E204163636573730E
:1099FC002056696F6C6174696F6E00002A2A2A2ADE
:109A0C002A2048415244204641554C54202A2A2AA7
:109A1C002A2A00002020427573206661756C742020
:109A2C006F6E20766563746F72207461626C652052
:109A3C007265616400000000202044656275672037
:109A4C006576656E7400000020204661756C74208C
:109A5C00657363616C6174696F6E20287365652032
:109A6C0062656C6F77290000415243485F4558434B
:109A7C00455054207769746820726561736F6E204D
:109A8C0025780A006D7075004661696C65642074F8
:109A9C006F20616C6C6F63617465206E6577204D0F
:109AAC00505520726567696F6E2025750A0000009D
:109ABC00506172746974696F6E2025753A20636FFA
:109ACC00686572656E636520636865636B206661AB
:109ADC00696C65642E000000464C4153485F3000B1
:109AEC005352414D5F300000496E76616C696420C1
:109AFC006C696E65206E756D62657220257500004F
:109B0C00696E746572727570742D636F6E74726F9A
:109B1C006C6C65724034303031336330300000008F
:109B2C00657874695F73746D3332000050726F76B0
:109B3C006964656420627566666572206973207459
:109B4C006F6F20736D616C6C202825752F2575291E
:109B5C0000000000496E76616C6964207265736F59
:109B6C006C7574696F6E000041637175697369740B
:109B7C00696F6E2074696D652065787065637465B6
:109B8C006420696E207469636B73206F6E6C79004E
:109B9C0053616D706C696E672074696D65207661B8
:109BAC006C7565206E6F7420737570706F72746550
:109BBC00642E00004E756D626572206F6620636FB7
:109BCC006D6D6F6E2073616D706C696E672074695A
:109BDC006D65206368616E6E656C73206E6F7420AA
:109BEC00737570706F72746564000000446966660A
:109BFC006572656E7469616C206368616E6E656C0C
:109C0C0073206E6F7420737570706F72746564203E
:109C1C006F6E20746869732041444300496E76610D
:109C2C006C6964206368616E6E656C206761696E37
:109C3C0000000000496E76616C6964206368616E97
:109C4C006E656C207265666572656E6365000000FA
:109C5C00496E76616C69642073616D706C696E67B6
:109C6C002074696D650000004E6F206368616E6E34
:109C7C00656C732073656C6563746564000000002B
:109C8C00546F6F206D616E79206368616E6E656CC8
:109C9C007320666F722073657175656E6365722EC5
:109CAC00204D61783A202564000000004572726FE7
:109CBC00722073657474696E672074686520414402
:109CCC0043207265736F6C7574696F6E00000000D1
:109CDC004572726F722073657474696E6720746854
:109CEC0065204144432073657175656E6365720030
:109CFC0041444320627566666572206572726F72AC
:109D0C00000000004F76657273616D706C696E6750
:109D1C00206E6F7420737570706F727465640000C0
:109D2C0043616C6962726174696F6E206E6F74202E
:109D3C00737570706F727465640000004144432049
:109D4C0070696E6374726C207365747570206661D3
:109D5C00696C656420282564290000004144432077
:109D6C006F76657272756E206572726F72206F639A
:109D7C006375727265642E2055736520444D412CB9
:109D8C002072656475636520636C6F636B20736F01
:109D9C0075726365206672657175656E63792C20CA
:109DAC00696E637265617365207072657363616C53
:109DBC0065722076616C7565206F7220696E6372B6
:109DCC00656173652073616D706C696E6720746971
:109DDC006D65732E000000006164634034303031D7
:109DEC0032303030000000006164635F73746D3397
:109DFC00320000007263634034303032333830301C
:109E0C0000000000496E76616C6964206368616EC5
:109E1C006E656C20282564290000000043616E6E7D
:109E2C006F74207365742050574D206F7574707566
:109E3C00742C20706572696F64206379636C657330
:109E4C0020257520657863656564732031362D6235
:109E5C0069742074696D6572206C696D69742E006B
:109E6C004368616E6E656C20256420686173204EBA
:109E7C004F20636F6D706C656D656E7461727920C7
:109E8C006F75747075740000436F756C64206E6F21
:109E9C007420696E697469616C697A6520636C6F92
:109EAC00636B202825642900436F756C64206E6FEA
:109EBC007420636F6E66696775726520636C6F637F
:109ECC006B2028256429000054696D657220636C31
:109EDC006F636B20726174652067657420657272A4
:109EEC006F7220282564290054696D657220636C9B
:109EFC006F636B20736F75726365206973206E6F6F
:109F0C0074207370656369666965640050574D20F1
:109F1C0070696E6374726C20736574757020666101
:109F2C00696C6564202825642900000025733A209B
:109F3C0054696D657220646F6573206E6F74207345
:109F4C007570706F7274206D61737465726D6F646F
:109F5C006500000053657474696E67206465616404
:109F6C0074696D65202564206F6E2061206E6F6EA4
:109F7C002D627265616B2074696D657220257300AA
:109F8C0070776D0070776D5F73746D333200000005
:109F9C0072657365742D636F6E74726F6C6C657221
:109FAC00000000004E554C4C207274635F74696D58
:109FBC006520706F696E746572000000636C6F636E
:109FCC006B206F70206661696C65640A000000008C
:109FDC00636C6F636B20636F6E6669677572652067
:109FEC006661696C65640A007274634034303030A9
:109FFC0032383030000000007274635F73746D335C
:10A00C0032000000436F756C64206E6F7420656EB7
:10A01C0061626C6520284C50295541525420636C68
:10A02C006F636B004661696C65642063616C6C20C6
:10A03C00636C6F636B5F636F6E74726F6C5F67657D
:10A04C00745F726174652870636C6B656E5B305DF8
:10A05C0029000000556E61626C6520746F20736579
:10A06C007420257320746F2025640000726573655D
:10A07C007420636F6E74726F6C6C6572206E6F748B
:10A08C00207265616479000073657269616C40349B
:10A09C00303030343430300073657269616C403468
:10A0AC003030313130303000756172745F73746DE3
:10A0BC003332000043505520657863657074696FC6
:10A0CC006E000000556E68616E646C656420696E8C
:10A0DC007465727275707400537461636B206F7663
:10A0EC006572666C6F7700004B65726E656C206FE5
:10A0FC006F7073004B65726E656C2070616E696376
:10A10C0000000000556E6B6E6F776E206572726F7B
:10A11C0072000000756E6B6E6F776E0048616C7428
:10A12C00696E672073797374656D00003E3E3E2046
:10A13C005A455048595220464154414C20455252A0
:10A14C004F522025643A202573206F6E20435055C2
:10A15C00202564004661756C7420647572696E67A5
:10A16C0020696E746572727570742068616E646CAF
:10A17C00696E670A0000000043757272656E742088
:10A18C007468726561643A20257020282573290053
:10A19C0069646C65000000006D61696E0000000070
:10A1AC006F7300002A2A2A20426F6F74696E672031
:10A1BC005A6570687972204F53206275696C6420FF
:10A1CC0076342E342E32202A2A2A0A00286E756CF8
:10A1DC006C2900002A666C6F61742A00FFFF000076
:10A1EC00001C02400700000030000000800000004E
:10A1FC00FFFF0000001802400600000030000000C5
:10A20C0040000000FFFF00000014024005000000A9
:10A21C003000000020000000FFFF00000010024092
:10A22C00040000003000000010000000FFFF0000E0
:10A23C00000C024003000000300000000800000089
:10A24C00FFFF000000080240020000003000000088
:10A25C0004000000FFFF00000004024001000000A9
:10A26C003000000002000000FFFF00000000024070
:10A27C00000000003000000001000000208F0008EA
:10A28C00048F0008E88E0008CC8E0008B08E000801
:10A29C00948E0008788E00085C8E00080000000088
:10A2AC0000000000000000000000000000000000A2
:10A2BC000000000000000000000000000000000092
:10A2CC000000000000000000000000000000000082
:10A2DC000000000000000000000000000000000072
:10A2EC000000000038020020000100005176000838
:10A2FC00BB75000802000000817800080000000017
:10A30C000000000000000000206D6573736167653C
:10A31C00732064726F70706564202D2D2D0D0A1BD7
:10A32C005B306D001B5B313B33316D2D2D2D2000CF
:10A33C00000000003096000838960008000000006D
:10A34C000000000000000000409600084496000841
:10A35C00489600084C9600086CA300086009002081
:10A36C00811E0008780900208409002001000000EB
:10A37C0051790008437900082F79000823790008E7
:10A38C000000000017790008000000000000002009
:10A39C000000000000000B0602000000ACA3000847
:10A3AC0000000008E49A00082400020600000020C7
:10A3BC00EC9A000820000B110A06000005050000AD
:10A3CC000401000003010000020100000101000073
:10A3DC000001000000200140EF7F00084400000055
:10A3EC000001000000000000000000000000000060
:10A3FC0000000000000000003CA4000838A4000885
:10A40C0028A4000803000F001C0038005400700042
:10A41C009000E0010400010000400000000000007A
:10A42C000000000100000002000000030C0A0806F6
:10A43C0044A40008010000004CA400080200000025
:10A44C0010000000000000003000000000000000C0
:10A45C000000000000001000000020000000300090
:10A46C000000400000005000000060000000700080
:10A47C0000008000000090000000A0000000B00070
:10A48C000000C0000000D0000000E0000000F00060
:10A49C0000020000050200000A0200000F0200008A
:10A4AC001402000019020000000100000501000068
:10A4BC000A0100000F010000140100001901000046
:10A4CC0000000000050000000A0000000F00000062
:10A4DC000000004000000000000000000000000030
:10A4EC0000000000FCA40008020000000CA50008FD
:10A4FC00400000000100000015000000FF000000FB
:10A50C0014A50008010000001CA5000801000000B3
:10A51C00A1000000000000000000014053000000FA
:10A52C0000000000000000000000000044A500082E
:10A53C000200000054A500084400000001000000C7
:10A54C0016000000FF0000005CA5000801000000E0
:10A55C0064A50008010000000101000000000000DB
:10A56C00C7840008CB840008CF840008D38400087B
:10A57C000400000040000000000400000100000086
:10A58C001000000000010000001000000001020398
:10A59C000405060000020406080A0C00000008006E
:10A5AC000000080000000000040404000038024011
:10A5BC007F000000F9000000C8A500084000000062
:10A5CC00000000100300000070002802004400404E
:10A5DC00248E0008408E00081104000000A600081C
:10A5EC00010000000000000000000000000000005E
:10A5FC0008A60008400000000000020010A6000899
:10A60C000100000018A6000802000000470000002E
:10A61C000002000067000000000000000010014074
:10A62C00248E0008408E00088404000050A6000808
:10A63C00010000000000000000000000000000000D
:10A64C0058A60008440000001000000060A6000896
:10A65C000100000068A6000802000000C70200000C
:10A66C0000020000E70200000000000000000000F3
:10A67C000000000001020304060708096C8D0008A5
:10A68C006C8D0008F48D0008FC8D0008248E0008E9
:10A69C00248E0008000000000000000000000000F4
:10A6AC00000000000000000000000000000000009E
:10A6BC00000000000000000000000000000000008E
:10A6CC00000000000000000000000000000000007E
:10A6DC00000000000000000000000000000000006E
:10A6EC00000000000000000000000000000000005E
:10A6FC00000000000000000000000000000000004E
:10A70C00000000000000000000000000000000003D
:10A71C000000000020202020202020202028282895
:10A72C00282820202020202020202020202020200D
:10A73C002020202088101010101010101010101055
:10A74C001010101004040404040404040404101075
:10A75C001010101010414141414141010101010112
:10A76C0001010101010101010101010101010110BE
:10A77C0010101010104242424242420202020202E7
:10A78C00020202020202020202020202020202108F
:10A79C00101010200000000000000000000000005D
:10A7AC00000000000000000000000000000000009D
:10A7BC00000000000000000000000000000000008D
:10A7CC00000000000000000000000000000000007D
:10A7DC00000000000000000000000000000000006D
:10A7EC00000000000000000000000000000000005D
:10A7FC00000000000000000000000000000000004D
:10A80C00000000000000000000000000000000003C
:04A81C000000000038
:10A820000000000000000000000000000000000028
:10A83000495D00080000000000000000000000006A
:10A840002000002020000020E57F0008000000001C
:10A8500000000000000000000000000000000000F8
:10A860004000002040000020000000000100000027
:10A8700050000020500000200000000001000000F7
:10A8800000000000000000000000000000000000C8
:10A8900000000000000000000000000000000000B8
:10A8A00000000000000000000000000000000000A8
:10A8B0000000000000000000000000000000000098
:10A8C0000000000000000000C36D0008EF750008E4
:10A8D00064A300080000000000000000AD7C000838
:10A8E0000000000000000000FFFFFFFFFFFFFFFF70
:10A8F000FFFFFFFFFFFFFFFF00000000408E00088A
:10A900000004000000000000408E000880040000E9
:10A91000F400002000C2010000010300000100203B
:10A9200080250000000103000024F400C80000009E
:08A930001001002010010020BD
:10A93800000000000000000000000000000000000F
:10A9480000000000000000000000000000000000FF
:04A9580000000000FB
:10A95C0000000000000000000000000000000000EB
:10A96C0000000000000000000000000000000000DB
:10A97C0000000000000000000000000000000000CB
:08A98C000000000000000000C3
:04A9940000000000BF
:10A99800780100207801002000000000010000007C
:04A9A80015E015E0C1
:040000050800271DAB
:00000001FF
