
zephyr.elf:     file format elf32-littlearm


Disassembly of section rom_start:

08000000 <_vector_table>:
 8000000:	80 1b 00 20 1d 27 00 08 91 7a 00 08 09 27 00 08     ... .'...z...'..
 8000010:	09 27 00 08 09 27 00 08 09 27 00 08 00 00 00 00     .'...'...'......
	...
 800002c:	5d 27 00 08 09 27 00 08 00 00 00 00 45 29 00 08     ]'...'......E)..
 800003c:	c9 48 00 08                                         .H..

08000040 <_irq_vector_table>:
 8000040:	dd 29 00 08 dd 29 00 08 dd 29 00 08 dd 29 00 08     .)...)...)...)..
 8000050:	dd 29 00 08 dd 29 00 08 dd 29 00 08 dd 29 00 08     .)...)...)...)..
 8000060:	dd 29 00 08 dd 29 00 08 dd 29 00 08 dd 29 00 08     .)...)...)...)..
 8000070:	dd 29 00 08 dd 29 00 08 dd 29 00 08 dd 29 00 08     .)...)...)...)..
 8000080:	dd 29 00 08 dd 29 00 08 dd 29 00 08 dd 29 00 08     .)...)...)...)..
 8000090:	dd 29 00 08 dd 29 00 08 dd 29 00 08 dd 29 00 08     .)...)...)...)..
 80000a0:	dd 29 00 08 dd 29 00 08 dd 29 00 08 dd 29 00 08     .)...)...)...)..
 80000b0:	dd 29 00 08 dd 29 00 08 dd 29 00 08 dd 29 00 08     .)...)...)...)..
 80000c0:	dd 29 00 08 dd 29 00 08 dd 29 00 08 dd 29 00 08     .)...)...)...)..
 80000d0:	dd 29 00 08 dd 29 00 08 dd 29 00 08 dd 29 00 08     .)...)...)...)..
 80000e0:	dd 29 00 08 dd 29 00 08 dd 29 00 08 dd 29 00 08     .)...)...)...)..
 80000f0:	dd 29 00 08 dd 29 00 08 dd 29 00 08 dd 29 00 08     .)...)...)...)..
 8000100:	dd 29 00 08 dd 29 00 08 dd 29 00 08 dd 29 00 08     .)...)...)...)..
 8000110:	dd 29 00 08 dd 29 00 08 dd 29 00 08 dd 29 00 08     .)...)...)...)..
 8000120:	dd 29 00 08 dd 29 00 08 dd 29 00 08 dd 29 00 08     .)...)...)...)..
 8000130:	dd 29 00 08 dd 29 00 08 dd 29 00 08 dd 29 00 08     .)...)...)...)..
 8000140:	dd 29 00 08 dd 29 00 08 dd 29 00 08 dd 29 00 08     .)...)...)...)..
 8000150:	dd 29 00 08 dd 29 00 08 dd 29 00 08 dd 29 00 08     .)...)...)...)..
 8000160:	dd 29 00 08 dd 29 00 08                             .)...)..

Disassembly of section text:

08000180 <strlen>:
 8000180:	b430      	push	{r4, r5}
 8000182:	f890 f000 	pld	[r0]
 8000186:	f020 0107 	bic.w	r1, r0, #7
 800018a:	f06f 0c00 	mvn.w	ip, #0
 800018e:	f010 0407 	ands.w	r4, r0, #7
 8000192:	f891 f020 	pld	[r1, #32]
 8000196:	f040 8048 	bne.w	800022a <strlen+0xaa>
 800019a:	f04f 0400 	mov.w	r4, #0
 800019e:	f06f 0007 	mvn.w	r0, #7
 80001a2:	e9d1 2300 	ldrd	r2, r3, [r1]
 80001a6:	f891 f040 	pld	[r1, #64]	@ 0x40
 80001aa:	f100 0008 	add.w	r0, r0, #8
 80001ae:	fa82 f24c 	uadd8	r2, r2, ip
 80001b2:	faa4 f28c 	sel	r2, r4, ip
 80001b6:	fa83 f34c 	uadd8	r3, r3, ip
 80001ba:	faa2 f38c 	sel	r3, r2, ip
 80001be:	bb4b      	cbnz	r3, 8000214 <strlen+0x94>
 80001c0:	e9d1 2302 	ldrd	r2, r3, [r1, #8]
 80001c4:	fa82 f24c 	uadd8	r2, r2, ip
 80001c8:	f100 0008 	add.w	r0, r0, #8
 80001cc:	faa4 f28c 	sel	r2, r4, ip
 80001d0:	fa83 f34c 	uadd8	r3, r3, ip
 80001d4:	faa2 f38c 	sel	r3, r2, ip
 80001d8:	b9e3      	cbnz	r3, 8000214 <strlen+0x94>
 80001da:	e9d1 2304 	ldrd	r2, r3, [r1, #16]
 80001de:	fa82 f24c 	uadd8	r2, r2, ip
 80001e2:	f100 0008 	add.w	r0, r0, #8
 80001e6:	faa4 f28c 	sel	r2, r4, ip
 80001ea:	fa83 f34c 	uadd8	r3, r3, ip
 80001ee:	faa2 f38c 	sel	r3, r2, ip
 80001f2:	b97b      	cbnz	r3, 8000214 <strlen+0x94>
 80001f4:	e9d1 2306 	ldrd	r2, r3, [r1, #24]
 80001f8:	f101 0120 	add.w	r1, r1, #32
 80001fc:	fa82 f24c 	uadd8	r2, r2, ip
 8000200:	f100 0008 	add.w	r0, r0, #8
 8000204:	faa4 f28c 	sel	r2, r4, ip
 8000208:	fa83 f34c 	uadd8	r3, r3, ip
 800020c:	faa2 f38c 	sel	r3, r2, ip
 8000210:	2b00      	cmp	r3, #0
 8000212:	d0c6      	beq.n	80001a2 <strlen+0x22>
 8000214:	2a00      	cmp	r2, #0
 8000216:	bf04      	itt	eq
 8000218:	3004      	addeq	r0, #4
 800021a:	461a      	moveq	r2, r3
 800021c:	ba12      	rev	r2, r2
 800021e:	fab2 f282 	clz	r2, r2
 8000222:	eb00 00d2 	add.w	r0, r0, r2, lsr #3
 8000226:	bc30      	pop	{r4, r5}
 8000228:	4770      	bx	lr
 800022a:	e9d1 2300 	ldrd	r2, r3, [r1]
 800022e:	f004 0503 	and.w	r5, r4, #3
 8000232:	f1c4 0000 	rsb	r0, r4, #0
 8000236:	ea4f 05c5 	mov.w	r5, r5, lsl #3
 800023a:	f014 0f04 	tst.w	r4, #4
 800023e:	f891 f040 	pld	[r1, #64]	@ 0x40
 8000242:	fa0c f505 	lsl.w	r5, ip, r5
 8000246:	ea62 0205 	orn	r2, r2, r5
 800024a:	bf1c      	itt	ne
 800024c:	ea63 0305 	ornne	r3, r3, r5
 8000250:	4662      	movne	r2, ip
 8000252:	f04f 0400 	mov.w	r4, #0
 8000256:	e7aa      	b.n	80001ae <strlen+0x2e>

08000258 <__aeabi_memcpy>:
 8000258:	4684      	mov	ip, r0
 800025a:	ea41 0300 	orr.w	r3, r1, r0
 800025e:	f013 0303 	ands.w	r3, r3, #3
 8000262:	d16d      	bne.n	8000340 <__aeabi_memcpy+0xe8>
 8000264:	3a40      	subs	r2, #64	@ 0x40
 8000266:	d341      	bcc.n	80002ec <__aeabi_memcpy+0x94>
 8000268:	f851 3b04 	ldr.w	r3, [r1], #4
 800026c:	f840 3b04 	str.w	r3, [r0], #4
 8000270:	f851 3b04 	ldr.w	r3, [r1], #4
 8000274:	f840 3b04 	str.w	r3, [r0], #4
 8000278:	f851 3b04 	ldr.w	r3, [r1], #4
 800027c:	f840 3b04 	str.w	r3, [r0], #4
 8000280:	f851 3b04 	ldr.w	r3, [r1], #4
 8000284:	f840 3b04 	str.w	r3, [r0], #4
 8000288:	f851 3b04 	ldr.w	r3, [r1], #4
 800028c:	f840 3b04 	str.w	r3, [r0], #4
 8000290:	f851 3b04 	ldr.w	r3, [r1], #4
 8000294:	f840 3b04 	str.w	r3, [r0], #4
 8000298:	f851 3b04 	ldr.w	r3, [r1], #4
 800029c:	f840 3b04 	str.w	r3, [r0], #4
 80002a0:	f851 3b04 	ldr.w	r3, [r1], #4
 80002a4:	f840 3b04 	str.w	r3, [r0], #4
 80002a8:	f851 3b04 	ldr.w	r3, [r1], #4
 80002ac:	f840 3b04 	str.w	r3, [r0], #4
 80002b0:	f851 3b04 	ldr.w	r3, [r1], #4
 80002b4:	f840 3b04 	str.w	r3, [r0], #4
 80002b8:	f851 3b04 	ldr.w	r3, [r1], #4
 80002bc:	f840 3b04 	str.w	r3, [r0], #4
 80002c0:	f851 3b04 	ldr.w	r3, [r1], #4
 80002c4:	f840 3b04 	str.w	r3, [r0], #4
 80002c8:	f851 3b04 	ldr.w	r3, [r1], #4
 80002cc:	f840 3b04 	str.w	r3, [r0], #4
 80002d0:	f851 3b04 	ldr.w	r3, [r1], #4
 80002d4:	f840 3b04 	str.w	r3, [r0], #4
 80002d8:	f851 3b04 	ldr.w	r3, [r1], #4
 80002dc:	f840 3b04 	str.w	r3, [r0], #4
 80002e0:	f851 3b04 	ldr.w	r3, [r1], #4
 80002e4:	f840 3b04 	str.w	r3, [r0], #4
 80002e8:	3a40      	subs	r2, #64	@ 0x40
 80002ea:	d2bd      	bcs.n	8000268 <__aeabi_memcpy+0x10>
 80002ec:	3230      	adds	r2, #48	@ 0x30
 80002ee:	d311      	bcc.n	8000314 <__aeabi_memcpy+0xbc>
 80002f0:	f851 3b04 	ldr.w	r3, [r1], #4
 80002f4:	f840 3b04 	str.w	r3, [r0], #4
 80002f8:	f851 3b04 	ldr.w	r3, [r1], #4
 80002fc:	f840 3b04 	str.w	r3, [r0], #4
 8000300:	f851 3b04 	ldr.w	r3, [r1], #4
 8000304:	f840 3b04 	str.w	r3, [r0], #4
 8000308:	f851 3b04 	ldr.w	r3, [r1], #4
 800030c:	f840 3b04 	str.w	r3, [r0], #4
 8000310:	3a10      	subs	r2, #16
 8000312:	d2ed      	bcs.n	80002f0 <__aeabi_memcpy+0x98>
 8000314:	320c      	adds	r2, #12
 8000316:	d305      	bcc.n	8000324 <__aeabi_memcpy+0xcc>
 8000318:	f851 3b04 	ldr.w	r3, [r1], #4
 800031c:	f840 3b04 	str.w	r3, [r0], #4
 8000320:	3a04      	subs	r2, #4
 8000322:	d2f9      	bcs.n	8000318 <__aeabi_memcpy+0xc0>
 8000324:	3204      	adds	r2, #4
 8000326:	d008      	beq.n	800033a <__aeabi_memcpy+0xe2>
 8000328:	07d2      	lsls	r2, r2, #31
 800032a:	bf1c      	itt	ne
 800032c:	f811 3b01 	ldrbne.w	r3, [r1], #1
 8000330:	f800 3b01 	strbne.w	r3, [r0], #1
 8000334:	d301      	bcc.n	800033a <__aeabi_memcpy+0xe2>
 8000336:	880b      	ldrh	r3, [r1, #0]
 8000338:	8003      	strh	r3, [r0, #0]
 800033a:	4660      	mov	r0, ip
 800033c:	4770      	bx	lr
 800033e:	bf00      	nop
 8000340:	2a08      	cmp	r2, #8
 8000342:	d313      	bcc.n	800036c <__aeabi_memcpy+0x114>
 8000344:	078b      	lsls	r3, r1, #30
 8000346:	d08d      	beq.n	8000264 <__aeabi_memcpy+0xc>
 8000348:	f010 0303 	ands.w	r3, r0, #3
 800034c:	d08a      	beq.n	8000264 <__aeabi_memcpy+0xc>
 800034e:	f1c3 0304 	rsb	r3, r3, #4
 8000352:	1ad2      	subs	r2, r2, r3
 8000354:	07db      	lsls	r3, r3, #31
 8000356:	bf1c      	itt	ne
 8000358:	f811 3b01 	ldrbne.w	r3, [r1], #1
 800035c:	f800 3b01 	strbne.w	r3, [r0], #1
 8000360:	d380      	bcc.n	8000264 <__aeabi_memcpy+0xc>
 8000362:	f831 3b02 	ldrh.w	r3, [r1], #2
 8000366:	f820 3b02 	strh.w	r3, [r0], #2
 800036a:	e77b      	b.n	8000264 <__aeabi_memcpy+0xc>
 800036c:	3a04      	subs	r2, #4
 800036e:	d3d9      	bcc.n	8000324 <__aeabi_memcpy+0xcc>
 8000370:	3a01      	subs	r2, #1
 8000372:	f811 3b01 	ldrb.w	r3, [r1], #1
 8000376:	f800 3b01 	strb.w	r3, [r0], #1
 800037a:	d2f9      	bcs.n	8000370 <__aeabi_memcpy+0x118>
 800037c:	780b      	ldrb	r3, [r1, #0]
 800037e:	7003      	strb	r3, [r0, #0]
 8000380:	784b      	ldrb	r3, [r1, #1]
 8000382:	7043      	strb	r3, [r0, #1]
 8000384:	788b      	ldrb	r3, [r1, #2]
 8000386:	7083      	strb	r3, [r0, #2]
 8000388:	4660      	mov	r0, ip
 800038a:	4770      	bx	lr

0800038c <__aeabi_uldivmod>:
 800038c:	b953      	cbnz	r3, 80003a4 <__aeabi_uldivmod+0x18>
 800038e:	b94a      	cbnz	r2, 80003a4 <__aeabi_uldivmod+0x18>
 8000390:	2900      	cmp	r1, #0
 8000392:	bf08      	it	eq
 8000394:	2800      	cmpeq	r0, #0
 8000396:	bf1c      	itt	ne
 8000398:	f04f 31ff 	movne.w	r1, #4294967295
 800039c:	f04f 30ff 	movne.w	r0, #4294967295
 80003a0:	f000 b80c 	b.w	80003bc <__aeabi_idiv0>
 80003a4:	f1ad 0c08 	sub.w	ip, sp, #8
 80003a8:	e96d ce04 	strd	ip, lr, [sp, #-16]!
 80003ac:	f000 f81b 	bl	80003e6 <__udivmoddi4>
 80003b0:	f8dd e004 	ldr.w	lr, [sp, #4]
 80003b4:	e9dd 2302 	ldrd	r2, r3, [sp, #8]
 80003b8:	b004      	add	sp, #16
 80003ba:	4770      	bx	lr

080003bc <__aeabi_idiv0>:
 80003bc:	4770      	bx	lr
 80003be:	bf00      	nop

080003c0 <__popcountsi2>:
 80003c0:	0843      	lsrs	r3, r0, #1
 80003c2:	f003 3355 	and.w	r3, r3, #1431655765	@ 0x55555555
 80003c6:	1ac0      	subs	r0, r0, r3
 80003c8:	f000 3333 	and.w	r3, r0, #858993459	@ 0x33333333
 80003cc:	0880      	lsrs	r0, r0, #2
 80003ce:	f000 3033 	and.w	r0, r0, #858993459	@ 0x33333333
 80003d2:	4418      	add	r0, r3
 80003d4:	eb00 1010 	add.w	r0, r0, r0, lsr #4
 80003d8:	f04f 3301 	mov.w	r3, #16843009	@ 0x1010101
 80003dc:	f000 300f 	and.w	r0, r0, #252645135	@ 0xf0f0f0f
 80003e0:	4358      	muls	r0, r3
 80003e2:	0e00      	lsrs	r0, r0, #24
 80003e4:	4770      	bx	lr

080003e6 <__udivmoddi4>:
 80003e6:	e92d 47f0 	stmdb	sp!, {r4, r5, r6, r7, r8, r9, sl, lr}
 80003ea:	468c      	mov	ip, r1
 80003ec:	468e      	mov	lr, r1
 80003ee:	9e08      	ldr	r6, [sp, #32]
 80003f0:	4615      	mov	r5, r2
 80003f2:	4604      	mov	r4, r0
 80003f4:	4619      	mov	r1, r3
 80003f6:	2b00      	cmp	r3, #0
 80003f8:	f040 80d0 	bne.w	800059c <__udivmoddi4+0x1b6>
 80003fc:	4572      	cmp	r2, lr
 80003fe:	d947      	bls.n	8000490 <__udivmoddi4+0xaa>
 8000400:	fab2 f782 	clz	r7, r2
 8000404:	b14f      	cbz	r7, 800041a <__udivmoddi4+0x34>
 8000406:	f1c7 0320 	rsb	r3, r7, #32
 800040a:	fa0e fc07 	lsl.w	ip, lr, r7
 800040e:	fa20 f303 	lsr.w	r3, r0, r3
 8000412:	40bd      	lsls	r5, r7
 8000414:	ea43 0c0c 	orr.w	ip, r3, ip
 8000418:	40bc      	lsls	r4, r7
 800041a:	ea4f 4e15 	mov.w	lr, r5, lsr #16
 800041e:	b2a8      	uxth	r0, r5
 8000420:	fbbc f8fe 	udiv	r8, ip, lr
 8000424:	0c23      	lsrs	r3, r4, #16
 8000426:	fb0e cc18 	mls	ip, lr, r8, ip
 800042a:	fb08 f900 	mul.w	r9, r8, r0
 800042e:	ea43 430c 	orr.w	r3, r3, ip, lsl #16
 8000432:	4599      	cmp	r9, r3
 8000434:	d928      	bls.n	8000488 <__udivmoddi4+0xa2>
 8000436:	18eb      	adds	r3, r5, r3
 8000438:	f108 32ff 	add.w	r2, r8, #4294967295
 800043c:	d204      	bcs.n	8000448 <__udivmoddi4+0x62>
 800043e:	4599      	cmp	r9, r3
 8000440:	d902      	bls.n	8000448 <__udivmoddi4+0x62>
 8000442:	f1a8 0202 	sub.w	r2, r8, #2
 8000446:	442b      	add	r3, r5
 8000448:	eba3 0309 	sub.w	r3, r3, r9
 800044c:	b2a4      	uxth	r4, r4
 800044e:	fbb3 fcfe 	udiv	ip, r3, lr
 8000452:	fb0e 331c 	mls	r3, lr, ip, r3
 8000456:	fb0c f000 	mul.w	r0, ip, r0
 800045a:	ea44 4403 	orr.w	r4, r4, r3, lsl #16
 800045e:	42a0      	cmp	r0, r4
 8000460:	d914      	bls.n	800048c <__udivmoddi4+0xa6>
 8000462:	192c      	adds	r4, r5, r4
 8000464:	f10c 33ff 	add.w	r3, ip, #4294967295
 8000468:	d204      	bcs.n	8000474 <__udivmoddi4+0x8e>
 800046a:	42a0      	cmp	r0, r4
 800046c:	d902      	bls.n	8000474 <__udivmoddi4+0x8e>
 800046e:	f1ac 0302 	sub.w	r3, ip, #2
 8000472:	442c      	add	r4, r5
 8000474:	1a24      	subs	r4, r4, r0
 8000476:	ea43 4002 	orr.w	r0, r3, r2, lsl #16
 800047a:	b11e      	cbz	r6, 8000484 <__udivmoddi4+0x9e>
 800047c:	40fc      	lsrs	r4, r7
 800047e:	2300      	movs	r3, #0
 8000480:	6034      	str	r4, [r6, #0]
 8000482:	6073      	str	r3, [r6, #4]
 8000484:	e8bd 87f0 	ldmia.w	sp!, {r4, r5, r6, r7, r8, r9, sl, pc}
 8000488:	4642      	mov	r2, r8
 800048a:	e7dd      	b.n	8000448 <__udivmoddi4+0x62>
 800048c:	4663      	mov	r3, ip
 800048e:	e7f1      	b.n	8000474 <__udivmoddi4+0x8e>
 8000490:	2a00      	cmp	r2, #0
 8000492:	d079      	beq.n	8000588 <__udivmoddi4+0x1a2>
 8000494:	fab2 f382 	clz	r3, r2
 8000498:	2b00      	cmp	r3, #0
 800049a:	d03f      	beq.n	800051c <__udivmoddi4+0x136>
 800049c:	4619      	mov	r1, r3
 800049e:	f1c1 0320 	rsb	r3, r1, #32
 80004a2:	fa02 f501 	lsl.w	r5, r2, r1
 80004a6:	fa2e f203 	lsr.w	r2, lr, r3
 80004aa:	fa0e fe01 	lsl.w	lr, lr, r1
 80004ae:	fa20 f303 	lsr.w	r3, r0, r3
 80004b2:	ea43 030e 	orr.w	r3, r3, lr
 80004b6:	ea4f 4e15 	mov.w	lr, r5, lsr #16
 80004ba:	fa00 f401 	lsl.w	r4, r0, r1
 80004be:	fbb2 fcfe 	udiv	ip, r2, lr
 80004c2:	b2af      	uxth	r7, r5
 80004c4:	fb0e 201c 	mls	r0, lr, ip, r2
 80004c8:	0c1a      	lsrs	r2, r3, #16
 80004ca:	fb0c f807 	mul.w	r8, ip, r7
 80004ce:	ea42 4200 	orr.w	r2, r2, r0, lsl #16
 80004d2:	4590      	cmp	r8, r2
 80004d4:	d95a      	bls.n	800058c <__udivmoddi4+0x1a6>
 80004d6:	18aa      	adds	r2, r5, r2
 80004d8:	f10c 30ff 	add.w	r0, ip, #4294967295
 80004dc:	d204      	bcs.n	80004e8 <__udivmoddi4+0x102>
 80004de:	4590      	cmp	r8, r2
 80004e0:	d902      	bls.n	80004e8 <__udivmoddi4+0x102>
 80004e2:	f1ac 0002 	sub.w	r0, ip, #2
 80004e6:	442a      	add	r2, r5
 80004e8:	eba2 0208 	sub.w	r2, r2, r8
 80004ec:	b29b      	uxth	r3, r3
 80004ee:	fbb2 fcfe 	udiv	ip, r2, lr
 80004f2:	fb0e 221c 	mls	r2, lr, ip, r2
 80004f6:	fb0c f707 	mul.w	r7, ip, r7
 80004fa:	ea43 4302 	orr.w	r3, r3, r2, lsl #16
 80004fe:	429f      	cmp	r7, r3
 8000500:	d946      	bls.n	8000590 <__udivmoddi4+0x1aa>
 8000502:	18eb      	adds	r3, r5, r3
 8000504:	f10c 32ff 	add.w	r2, ip, #4294967295
 8000508:	d204      	bcs.n	8000514 <__udivmoddi4+0x12e>
 800050a:	429f      	cmp	r7, r3
 800050c:	d902      	bls.n	8000514 <__udivmoddi4+0x12e>
 800050e:	f1ac 0202 	sub.w	r2, ip, #2
 8000512:	442b      	add	r3, r5
 8000514:	1bdb      	subs	r3, r3, r7
 8000516:	ea42 4200 	orr.w	r2, r2, r0, lsl #16
 800051a:	e002      	b.n	8000522 <__udivmoddi4+0x13c>
 800051c:	ebae 0302 	sub.w	r3, lr, r2
 8000520:	2201      	movs	r2, #1
 8000522:	ea4f 4e15 	mov.w	lr, r5, lsr #16
 8000526:	b2af      	uxth	r7, r5
 8000528:	fbb3 fcfe 	udiv	ip, r3, lr
 800052c:	0c20      	lsrs	r0, r4, #16
 800052e:	fb0e 331c 	mls	r3, lr, ip, r3
 8000532:	fb0c f807 	mul.w	r8, ip, r7
 8000536:	ea40 4303 	orr.w	r3, r0, r3, lsl #16
 800053a:	4598      	cmp	r8, r3
 800053c:	d92a      	bls.n	8000594 <__udivmoddi4+0x1ae>
 800053e:	18eb      	adds	r3, r5, r3
 8000540:	f10c 30ff 	add.w	r0, ip, #4294967295
 8000544:	d204      	bcs.n	8000550 <__udivmoddi4+0x16a>
 8000546:	4598      	cmp	r8, r3
 8000548:	d902      	bls.n	8000550 <__udivmoddi4+0x16a>
 800054a:	f1ac 0002 	sub.w	r0, ip, #2
 800054e:	442b      	add	r3, r5
 8000550:	eba3 0308 	sub.w	r3, r3, r8
 8000554:	b2a4      	uxth	r4, r4
 8000556:	fbb3 fcfe 	udiv	ip, r3, lr
 800055a:	fb0e 331c 	mls	r3, lr, ip, r3
 800055e:	fb0c f707 	mul.w	r7, ip, r7
 8000562:	ea44 4403 	orr.w	r4, r4, r3, lsl #16
 8000566:	42a7      	cmp	r7, r4
 8000568:	d916      	bls.n	8000598 <__udivmoddi4+0x1b2>
 800056a:	192c      	adds	r4, r5, r4
 800056c:	f10c 33ff 	add.w	r3, ip, #4294967295
 8000570:	d204      	bcs.n	800057c <__udivmoddi4+0x196>
 8000572:	42a7      	cmp	r7, r4
 8000574:	d902      	bls.n	800057c <__udivmoddi4+0x196>
 8000576:	f1ac 0302 	sub.w	r3, ip, #2
 800057a:	442c      	add	r4, r5
 800057c:	1be4      	subs	r4, r4, r7
 800057e:	ea43 4000 	orr.w	r0, r3, r0, lsl #16
 8000582:	460f      	mov	r7, r1
 8000584:	4611      	mov	r1, r2
 8000586:	e778      	b.n	800047a <__udivmoddi4+0x94>
 8000588:	211f      	movs	r1, #31
 800058a:	e788      	b.n	800049e <__udivmoddi4+0xb8>
 800058c:	4660      	mov	r0, ip
 800058e:	e7ab      	b.n	80004e8 <__udivmoddi4+0x102>
 8000590:	4662      	mov	r2, ip
 8000592:	e7bf      	b.n	8000514 <__udivmoddi4+0x12e>
 8000594:	4660      	mov	r0, ip
 8000596:	e7db      	b.n	8000550 <__udivmoddi4+0x16a>
 8000598:	4663      	mov	r3, ip
 800059a:	e7ef      	b.n	800057c <__udivmoddi4+0x196>
 800059c:	4573      	cmp	r3, lr
 800059e:	d906      	bls.n	80005ae <__udivmoddi4+0x1c8>
 80005a0:	b916      	cbnz	r6, 80005a8 <__udivmoddi4+0x1c2>
 80005a2:	2100      	movs	r1, #0
 80005a4:	4608      	mov	r0, r1
 80005a6:	e76d      	b.n	8000484 <__udivmoddi4+0x9e>
 80005a8:	e9c6 0e00 	strd	r0, lr, [r6]
 80005ac:	e7f9      	b.n	80005a2 <__udivmoddi4+0x1bc>
 80005ae:	fab3 f783 	clz	r7, r3
 80005b2:	b987      	cbnz	r7, 80005d6 <__udivmoddi4+0x1f0>
 80005b4:	4573      	cmp	r3, lr
 80005b6:	d301      	bcc.n	80005bc <__udivmoddi4+0x1d6>
 80005b8:	4282      	cmp	r2, r0
 80005ba:	d807      	bhi.n	80005cc <__udivmoddi4+0x1e6>
 80005bc:	1a84      	subs	r4, r0, r2
 80005be:	eb6e 0303 	sbc.w	r3, lr, r3
 80005c2:	2001      	movs	r0, #1
 80005c4:	469c      	mov	ip, r3
 80005c6:	b91e      	cbnz	r6, 80005d0 <__udivmoddi4+0x1ea>
 80005c8:	2100      	movs	r1, #0
 80005ca:	e75b      	b.n	8000484 <__udivmoddi4+0x9e>
 80005cc:	4638      	mov	r0, r7
 80005ce:	e7fa      	b.n	80005c6 <__udivmoddi4+0x1e0>
 80005d0:	e9c6 4c00 	strd	r4, ip, [r6]
 80005d4:	e7f8      	b.n	80005c8 <__udivmoddi4+0x1e2>
 80005d6:	f1c7 0c20 	rsb	ip, r7, #32
 80005da:	40bb      	lsls	r3, r7
 80005dc:	fa22 f50c 	lsr.w	r5, r2, ip
 80005e0:	431d      	orrs	r5, r3
 80005e2:	fa20 f10c 	lsr.w	r1, r0, ip
 80005e6:	fa2e f30c 	lsr.w	r3, lr, ip
 80005ea:	fa0e fe07 	lsl.w	lr, lr, r7
 80005ee:	ea41 010e 	orr.w	r1, r1, lr
 80005f2:	ea4f 4915 	mov.w	r9, r5, lsr #16
 80005f6:	fa00 f407 	lsl.w	r4, r0, r7
 80005fa:	fbb3 f8f9 	udiv	r8, r3, r9
 80005fe:	fa1f fe85 	uxth.w	lr, r5
 8000602:	fb09 3018 	mls	r0, r9, r8, r3
 8000606:	0c0b      	lsrs	r3, r1, #16
 8000608:	fb08 fa0e 	mul.w	sl, r8, lr
 800060c:	ea43 4300 	orr.w	r3, r3, r0, lsl #16
 8000610:	459a      	cmp	sl, r3
 8000612:	fa02 f207 	lsl.w	r2, r2, r7
 8000616:	d940      	bls.n	800069a <__udivmoddi4+0x2b4>
 8000618:	18eb      	adds	r3, r5, r3
 800061a:	f108 30ff 	add.w	r0, r8, #4294967295
 800061e:	d204      	bcs.n	800062a <__udivmoddi4+0x244>
 8000620:	459a      	cmp	sl, r3
 8000622:	d902      	bls.n	800062a <__udivmoddi4+0x244>
 8000624:	f1a8 0002 	sub.w	r0, r8, #2
 8000628:	442b      	add	r3, r5
 800062a:	eba3 030a 	sub.w	r3, r3, sl
 800062e:	b289      	uxth	r1, r1
 8000630:	fbb3 f8f9 	udiv	r8, r3, r9
 8000634:	fb09 3318 	mls	r3, r9, r8, r3
 8000638:	fb08 fe0e 	mul.w	lr, r8, lr
 800063c:	ea41 4103 	orr.w	r1, r1, r3, lsl #16
 8000640:	458e      	cmp	lr, r1
 8000642:	d92c      	bls.n	800069e <__udivmoddi4+0x2b8>
 8000644:	1869      	adds	r1, r5, r1
 8000646:	f108 33ff 	add.w	r3, r8, #4294967295
 800064a:	d204      	bcs.n	8000656 <__udivmoddi4+0x270>
 800064c:	458e      	cmp	lr, r1
 800064e:	d902      	bls.n	8000656 <__udivmoddi4+0x270>
 8000650:	f1a8 0302 	sub.w	r3, r8, #2
 8000654:	4429      	add	r1, r5
 8000656:	ea43 4000 	orr.w	r0, r3, r0, lsl #16
 800065a:	fba0 9802 	umull	r9, r8, r0, r2
 800065e:	eba1 010e 	sub.w	r1, r1, lr
 8000662:	4541      	cmp	r1, r8
 8000664:	46ce      	mov	lr, r9
 8000666:	4643      	mov	r3, r8
 8000668:	d302      	bcc.n	8000670 <__udivmoddi4+0x28a>
 800066a:	d106      	bne.n	800067a <__udivmoddi4+0x294>
 800066c:	454c      	cmp	r4, r9
 800066e:	d204      	bcs.n	800067a <__udivmoddi4+0x294>
 8000670:	ebb9 0e02 	subs.w	lr, r9, r2
 8000674:	eb68 0305 	sbc.w	r3, r8, r5
 8000678:	3801      	subs	r0, #1
 800067a:	2e00      	cmp	r6, #0
 800067c:	d0a4      	beq.n	80005c8 <__udivmoddi4+0x1e2>
 800067e:	ebb4 020e 	subs.w	r2, r4, lr
 8000682:	eb61 0103 	sbc.w	r1, r1, r3
 8000686:	fa01 fc0c 	lsl.w	ip, r1, ip
 800068a:	fa22 f307 	lsr.w	r3, r2, r7
 800068e:	ea4c 0303 	orr.w	r3, ip, r3
 8000692:	40f9      	lsrs	r1, r7
 8000694:	e9c6 3100 	strd	r3, r1, [r6]
 8000698:	e796      	b.n	80005c8 <__udivmoddi4+0x1e2>
 800069a:	4640      	mov	r0, r8
 800069c:	e7c5      	b.n	800062a <__udivmoddi4+0x244>
 800069e:	4643      	mov	r3, r8
 80006a0:	e7d9      	b.n	8000656 <__udivmoddi4+0x270>
	...

080006a4 <cbvprintf_package>:
	return cb(str, strl, ctx);
}

int cbvprintf_package(void *packaged, size_t len, uint32_t flags,
		      const char *fmt, va_list ap)
{
 80006a4:	e92d 4ff0 	stmdb	sp!, {r4, r5, r6, r7, r8, r9, sl, fp, lr}
 80006a8:	b091      	sub	sp, #68	@ 0x44
 80006aa:	9205      	str	r2, [sp, #20]
 80006ac:	9303      	str	r3, [sp, #12]
	const char *s;
	bool parsing = false;
	/* Flag indicates that rw strings are stored as array with positions,
	 * instead of appending them to the package.
	 */
	bool rws_pos_en = !!(flags & CBPRINTF_PACKAGE_ADD_RW_STR_POS);
 80006ae:	4613      	mov	r3, r2
 80006b0:	f002 0204 	and.w	r2, r2, #4
 80006b4:	9200      	str	r2, [sp, #0]
	/* Get number of first read only strings present in the string.
	 * There is always at least 1 (fmt) but flags can indicate more, e.g
	 * fixed prefix appended to all strings.
	 */
	int fros_cnt = 1 + Z_CBPRINTF_PACKAGE_FIRST_RO_STR_CNT_GET(flags);
 80006b6:	f3c3 02c2 	ubfx	r2, r3, #3, #3
	bool is_str_arg = false;
	union cbprintf_package_hdr *pkg_hdr = packaged;

	/* Buffer must be aligned at least to size of a pointer. */
	if ((uintptr_t)packaged % sizeof(void *)) {
 80006ba:	f010 0303 	ands.w	r3, r0, #3
 80006be:	9301      	str	r3, [sp, #4]
 80006c0:	f040 821b 	bne.w	8000afa <cbvprintf_package+0x456>
 80006c4:	4607      	mov	r7, r0
 80006c6:	4689      	mov	r9, r1
 80006c8:	3201      	adds	r2, #1
	 * which is guaranteed to be at least 4 bytes, we just reserve
	 * multiple of pointer size for the above to preserve alignment.
	 *
	 * Refer to union cbprintf_package_hdr for more details.
	 */
	buf += sizeof(*pkg_hdr);
 80006ca:	1d04      	adds	r4, r0, #4
	 * When buf0 is NULL we don't store anything.
	 * Instead we count the needed space to store the data.
	 * In this case, incoming len argument indicates the anticipated
	 * buffer "misalignment" offset.
	 */
	if (buf0 == NULL) {
 80006cc:	2800      	cmp	r0, #0
 80006ce:	d048      	beq.n	8000762 <cbvprintf_package+0xbe>

	/*
	 * Otherwise we must ensure we can store at least
	 * the pointer to the format string itself.
	 */
	if ((buf0 != NULL) && (BUF_OFFSET + sizeof(char *)) > len) {
 80006d0:	2907      	cmp	r1, #7
 80006d2:	f240 8215 	bls.w	8000b00 <cbvprintf_package+0x45c>
	 * which is in the middle of the following while() loop. That's the
	 * reason for the post-decrement on fmt as it will be incremented
	 * prior to the next (actually first) round of that loop.
	 */
	s = fmt;
	--fmt;
 80006d6:	9b03      	ldr	r3, [sp, #12]
 80006d8:	1e5d      	subs	r5, r3, #1
	unsigned int s_ro_cnt = 0; /* number of ro strings */
 80006da:	f8dd b004 	ldr.w	fp, [sp, #4]
 80006de:	f8cd b010 	str.w	fp, [sp, #16]
	unsigned int s_rw_cnt = 0; /* number of rw strings */
 80006e2:	f8cd b018 	str.w	fp, [sp, #24]
	bool parsing = false;
 80006e6:	2600      	movs	r6, #0
	int arg_idx	      = -1; /* Argument index. Preincremented thus starting from -1.*/
 80006e8:	f04f 3aff 	mov.w	sl, #4294967295
	align = VA_STACK_ALIGN(char *);
 80006ec:	f04f 0804 	mov.w	r8, #4
 80006f0:	f8cd b008 	str.w	fp, [sp, #8]
 80006f4:	46c3      	mov	fp, r8

		/* copy va_list data over to our buffer */
		if (is_str_arg) {
			s = va_arg(ap, char *);
process_string:
			if (buf0 != NULL) {
 80006f6:	b10f      	cbz	r7, 80006fc <cbvprintf_package+0x58>
				*(const char **)buf = s;
 80006f8:	9b03      	ldr	r3, [sp, #12]
 80006fa:	6023      	str	r3, [r4, #0]
			}

			bool is_ro = (fros_cnt-- > 0) ? true : ptr_in_rodata(s);
 80006fc:	1e53      	subs	r3, r2, #1
 80006fe:	9307      	str	r3, [sp, #28]
 8000700:	2a00      	cmp	r2, #0
 8000702:	f340 815d 	ble.w	80009c0 <cbvprintf_package+0x31c>
			bool do_ro = !!(flags & CBPRINTF_PACKAGE_ADD_RO_STR_POS);

			if (is_ro && !do_ro) {
 8000706:	9b05      	ldr	r3, [sp, #20]
 8000708:	f013 0202 	ands.w	r2, r3, #2
 800070c:	d026      	beq.n	800075c <cbvprintf_package+0xb8>
			bool is_ro = (fros_cnt-- > 0) ? true : ptr_in_rodata(s);
 800070e:	2001      	movs	r0, #1
				/* nothing to do */
			} else {
				uint32_t s_ptr_idx = BUF_OFFSET / sizeof(int);
 8000710:	1be1      	subs	r1, r4, r7
 8000712:	088b      	lsrs	r3, r1, #2
				 * In the do_ro case we must consider
				 * room for possible STR_POS_RO_FLAG.
				 * Otherwise the index range is 8 bits
				 * and any overflow is caught later.
				 */
				if (do_ro && s_ptr_idx > STR_POS_MASK) {
 8000714:	b11a      	cbz	r2, 800071e <cbvprintf_package+0x7a>
 8000716:	f5b1 7f00 	cmp.w	r1, #512	@ 0x200
 800071a:	f080 81f7 	bcs.w	8000b0c <cbvprintf_package+0x468>
					__ASSERT(false, "String with too many arguments");
					return -EINVAL;
				}

				if (s_idx >= ARRAY_SIZE(str_ptr_pos)) {
 800071e:	9902      	ldr	r1, [sp, #8]
 8000720:	290f      	cmp	r1, #15
 8000722:	f200 81f6 	bhi.w	8000b12 <cbvprintf_package+0x46e>
					__ASSERT(false, "str_ptr_pos[] too small");
					return -EINVAL;
				}

				if (buf0 != NULL) {
 8000726:	2f00      	cmp	r7, #0
 8000728:	f000 815b 	beq.w	80009e2 <cbvprintf_package+0x33e>
					/*
					 * Remember string pointer location.
					 * We will append non-ro strings later.
					 */
					str_ptr_pos[s_idx] = s_ptr_idx;
 800072c:	b2db      	uxtb	r3, r3
 800072e:	f101 0240 	add.w	r2, r1, #64	@ 0x40
 8000732:	446a      	add	r2, sp
 8000734:	f802 3c10 	strb.w	r3, [r2, #-16]
					str_ptr_arg[s_idx] = arg_idx;
 8000738:	f802 ac20 	strb.w	sl, [r2, #-32]
					if (is_ro) {
 800073c:	2800      	cmp	r0, #0
 800073e:	f000 814c 	beq.w	80009da <cbvprintf_package+0x336>
						/* flag read-only string. */
						str_ptr_pos[s_idx] |= STR_POS_RO_FLAG;
 8000742:	f063 037f 	orn	r3, r3, #127	@ 0x7f
 8000746:	f101 0240 	add.w	r2, r1, #64	@ 0x40
 800074a:	446a      	add	r2, sp
 800074c:	f802 3c10 	strb.w	r3, [r2, #-16]
						s_ro_cnt++;
 8000750:	9b04      	ldr	r3, [sp, #16]
 8000752:	3301      	adds	r3, #1
 8000754:	9304      	str	r3, [sp, #16]
					 * and size of the pointer position prefix.
					 */
					len += strlen(s) + 1 + 1;
				}

				s_idx++;
 8000756:	9b02      	ldr	r3, [sp, #8]
 8000758:	3301      	adds	r3, #1
 800075a:	9302      	str	r3, [sp, #8]
			}
			buf += sizeof(char *);
 800075c:	3404      	adds	r4, #4

			is_str_arg = false;
 800075e:	2200      	movs	r2, #0
 8000760:	e03e      	b.n	80007e0 <cbvprintf_package+0x13c>
		buf += len % CBPRINTF_PACKAGE_ALIGNMENT;
 8000762:	f001 0307 	and.w	r3, r1, #7
 8000766:	441c      	add	r4, r3
		len = CBPRINTF_PACKAGE_ALIGNMENT - (len % CBPRINTF_PACKAGE_ALIGNMENT);
 8000768:	f1c3 0908 	rsb	r9, r3, #8
	if ((buf0 != NULL) && (BUF_OFFSET + sizeof(char *)) > len) {
 800076c:	e7b3      	b.n	80006d6 <cbvprintf_package+0x32>
				parsing = false;
 800076e:	2600      	movs	r6, #0
 8000770:	e035      	b.n	80007de <cbvprintf_package+0x13a>
 8000772:	2600      	movs	r6, #0
 8000774:	e033      	b.n	80007de <cbvprintf_package+0x13a>
 8000776:	2600      	movs	r6, #0
 8000778:	e031      	b.n	80007de <cbvprintf_package+0x13a>
				align = VA_STACK_ALIGN(intmax_t);
 800077a:	f04f 0808 	mov.w	r8, #8
				size = sizeof(intmax_t);
 800077e:	46c3      	mov	fp, r8
 8000780:	e02d      	b.n	80007de <cbvprintf_package+0x13a>
				if (*fmt == '%') {
 8000782:	2925      	cmp	r1, #37	@ 0x25
 8000784:	d12b      	bne.n	80007de <cbvprintf_package+0x13a>
					arg_idx++;
 8000786:	f10a 0a01 	add.w	sl, sl, #1
					parsing = true;
 800078a:	2601      	movs	r6, #1
					align = VA_STACK_ALIGN(int);
 800078c:	f04f 0804 	mov.w	r8, #4
					size = sizeof(int);
 8000790:	46c3      	mov	fp, r8
				continue;
 8000792:	e024      	b.n	80007de <cbvprintf_package+0x13a>
			switch (*fmt) {
 8000794:	2947      	cmp	r1, #71	@ 0x47
 8000796:	d8ec      	bhi.n	8000772 <cbvprintf_package+0xce>
 8000798:	292a      	cmp	r1, #42	@ 0x2a
 800079a:	d312      	bcc.n	80007c2 <cbvprintf_package+0x11e>
 800079c:	392a      	subs	r1, #42	@ 0x2a
 800079e:	b2c9      	uxtb	r1, r1
 80007a0:	2001      	movs	r0, #1
 80007a2:	fa00 f101 	lsl.w	r1, r0, r1
 80007a6:	f64f 70da 	movw	r0, #65498	@ 0xffda
 80007aa:	4201      	tst	r1, r0
 80007ac:	d117      	bne.n	80007de <cbvprintf_package+0x13a>
 80007ae:	f011 5f62 	tst.w	r1, #947912704	@ 0x38800000
 80007b2:	f040 80c3 	bne.w	800093c <cbvprintf_package+0x298>
 80007b6:	f011 0f01 	tst.w	r1, #1
 80007ba:	f040 808d 	bne.w	80008d8 <cbvprintf_package+0x234>
				parsing = false;
 80007be:	2600      	movs	r6, #0
 80007c0:	e00d      	b.n	80007de <cbvprintf_package+0x13a>
			switch (*fmt) {
 80007c2:	2925      	cmp	r1, #37	@ 0x25
 80007c4:	d103      	bne.n	80007ce <cbvprintf_package+0x12a>
				arg_idx--;
 80007c6:	f10a 3aff 	add.w	sl, sl, #4294967295
				parsing = false;
 80007ca:	2600      	movs	r6, #0
				continue;
 80007cc:	e007      	b.n	80007de <cbvprintf_package+0x13a>
			switch (*fmt) {
 80007ce:	d8d2      	bhi.n	8000776 <cbvprintf_package+0xd2>
 80007d0:	2920      	cmp	r1, #32
 80007d2:	d004      	beq.n	80007de <cbvprintf_package+0x13a>
 80007d4:	2923      	cmp	r1, #35	@ 0x23
 80007d6:	d002      	beq.n	80007de <cbvprintf_package+0x13a>
				parsing = false;
 80007d8:	2600      	movs	r6, #0
 80007da:	e000      	b.n	80007de <cbvprintf_package+0x13a>
 80007dc:	2600      	movs	r6, #0
 80007de:	461d      	mov	r5, r3
			if (*++fmt == '\0') {
 80007e0:	1c6b      	adds	r3, r5, #1
 80007e2:	7869      	ldrb	r1, [r5, #1]
 80007e4:	2900      	cmp	r1, #0
 80007e6:	f000 8115 	beq.w	8000a14 <cbvprintf_package+0x370>
			if (!parsing) {
 80007ea:	2e00      	cmp	r6, #0
 80007ec:	d0c9      	beq.n	8000782 <cbvprintf_package+0xde>
			switch (*fmt) {
 80007ee:	297a      	cmp	r1, #122	@ 0x7a
 80007f0:	d8bd      	bhi.n	800076e <cbvprintf_package+0xca>
 80007f2:	294c      	cmp	r1, #76	@ 0x4c
 80007f4:	d3ce      	bcc.n	8000794 <cbvprintf_package+0xf0>
 80007f6:	394c      	subs	r1, #76	@ 0x4c
 80007f8:	292e      	cmp	r1, #46	@ 0x2e
 80007fa:	d8ef      	bhi.n	80007dc <cbvprintf_package+0x138>
 80007fc:	a001      	add	r0, pc, #4	@ (adr r0, 8000804 <cbvprintf_package+0x160>)
 80007fe:	f850 f021 	ldr.w	pc, [r0, r1, lsl #2]
 8000802:	bf00      	nop
 8000804:	080007df 	.word	0x080007df
 8000808:	080007dd 	.word	0x080007dd
 800080c:	080007dd 	.word	0x080007dd
 8000810:	080007dd 	.word	0x080007dd
 8000814:	080007dd 	.word	0x080007dd
 8000818:	080007dd 	.word	0x080007dd
 800081c:	080007dd 	.word	0x080007dd
 8000820:	080007dd 	.word	0x080007dd
 8000824:	080007dd 	.word	0x080007dd
 8000828:	080007dd 	.word	0x080007dd
 800082c:	080007dd 	.word	0x080007dd
 8000830:	080007dd 	.word	0x080007dd
 8000834:	080008d1 	.word	0x080008d1
 8000838:	080007dd 	.word	0x080007dd
 800083c:	080007dd 	.word	0x080007dd
 8000840:	080007dd 	.word	0x080007dd
 8000844:	080007dd 	.word	0x080007dd
 8000848:	080007dd 	.word	0x080007dd
 800084c:	080007dd 	.word	0x080007dd
 8000850:	080007dd 	.word	0x080007dd
 8000854:	080007dd 	.word	0x080007dd
 8000858:	0800093d 	.word	0x0800093d
 800085c:	080007dd 	.word	0x080007dd
 8000860:	080008d1 	.word	0x080008d1
 8000864:	080008d1 	.word	0x080008d1
 8000868:	0800093d 	.word	0x0800093d
 800086c:	0800093d 	.word	0x0800093d
 8000870:	0800093d 	.word	0x0800093d
 8000874:	080007df 	.word	0x080007df
 8000878:	080008d1 	.word	0x080008d1
 800087c:	0800077b 	.word	0x0800077b
 8000880:	080007dd 	.word	0x080007dd
 8000884:	080007df 	.word	0x080007df
 8000888:	080007dd 	.word	0x080007dd
 800088c:	0800099b 	.word	0x0800099b
 8000890:	080008d1 	.word	0x080008d1
 8000894:	0800099b 	.word	0x0800099b
 8000898:	080007dd 	.word	0x080007dd
 800089c:	080007dd 	.word	0x080007dd
 80008a0:	080009a5 	.word	0x080009a5
 80008a4:	080008c9 	.word	0x080008c9
 80008a8:	080008d1 	.word	0x080008d1
 80008ac:	080007dd 	.word	0x080007dd
 80008b0:	080007dd 	.word	0x080007dd
 80008b4:	080008d1 	.word	0x080008d1
 80008b8:	080007dd 	.word	0x080007dd
 80008bc:	080008c1 	.word	0x080008c1
				align = VA_STACK_ALIGN(size_t);
 80008c0:	f04f 0804 	mov.w	r8, #4
				size = sizeof(size_t);
 80008c4:	46c3      	mov	fp, r8
				continue;
 80008c6:	e78a      	b.n	80007de <cbvprintf_package+0x13a>
				align = VA_STACK_ALIGN(ptrdiff_t);
 80008c8:	f04f 0804 	mov.w	r8, #4
				size = sizeof(ptrdiff_t);
 80008cc:	46c3      	mov	fp, r8
				continue;
 80008ce:	e786      	b.n	80007de <cbvprintf_package+0x13a>
				if (fmt[-1] == 'l') {
 80008d0:	7829      	ldrb	r1, [r5, #0]
 80008d2:	296c      	cmp	r1, #108	@ 0x6c
 80008d4:	d024      	beq.n	8000920 <cbvprintf_package+0x27c>
				parsing = false;
 80008d6:	2600      	movs	r6, #0
		buf = ROUND_UP(buf, align);
 80008d8:	4444      	add	r4, r8
 80008da:	3c01      	subs	r4, #1
 80008dc:	fbb4 f4f8 	udiv	r4, r4, r8
 80008e0:	fb08 f404 	mul.w	r4, r8, r4
		if ((buf0 != NULL) && (BUF_OFFSET + size) > len) {
 80008e4:	b127      	cbz	r7, 80008f0 <cbvprintf_package+0x24c>
 80008e6:	1be1      	subs	r1, r4, r7
 80008e8:	4459      	add	r1, fp
 80008ea:	4549      	cmp	r1, r9
 80008ec:	f200 810b 	bhi.w	8000b06 <cbvprintf_package+0x462>
		if (is_str_arg) {
 80008f0:	2a00      	cmp	r2, #0
 80008f2:	d15d      	bne.n	80009b0 <cbvprintf_package+0x30c>
		} else if (size == sizeof(int)) {
 80008f4:	f1bb 0f04 	cmp.w	fp, #4
 80008f8:	f000 8084 	beq.w	8000a04 <cbvprintf_package+0x360>

			if (buf0 != NULL) {
				*(long *)buf = v;
			}
			buf += sizeof(long);
		} else if (size == sizeof(long long)) {
 80008fc:	f1bb 0f08 	cmp.w	fp, #8
 8000900:	f040 810a 	bne.w	8000b18 <cbvprintf_package+0x474>
			long long v = va_arg(ap, long long);
 8000904:	991a      	ldr	r1, [sp, #104]	@ 0x68
 8000906:	3107      	adds	r1, #7
 8000908:	f021 0107 	bic.w	r1, r1, #7
 800090c:	f101 0008 	add.w	r0, r1, #8
 8000910:	901a      	str	r0, [sp, #104]	@ 0x68
 8000912:	e9d1 0100 	ldrd	r0, r1, [r1]

			if (buf0 != NULL) {
 8000916:	b10f      	cbz	r7, 800091c <cbvprintf_package+0x278>
				if (Z_CBPRINTF_VA_STACK_LL_DBL_MEMCPY) {
					memcpy((void *)buf, (uint8_t *)&v, sizeof(long long));
				} else {
					*(long long *)buf = v;
 8000918:	e9c4 0100 	strd	r0, r1, [r4]
				}
			}
			buf += sizeof(long long);
 800091c:	3408      	adds	r4, #8
 800091e:	e75e      	b.n	80007de <cbvprintf_package+0x13a>
					if (fmt[-2] == 'l') {
 8000920:	f813 1c02 	ldrb.w	r1, [r3, #-2]
 8000924:	296c      	cmp	r1, #108	@ 0x6c
 8000926:	d004      	beq.n	8000932 <cbvprintf_package+0x28e>
				parsing = false;
 8000928:	2600      	movs	r6, #0
						align = VA_STACK_ALIGN(long);
 800092a:	f04f 0804 	mov.w	r8, #4
						size = sizeof(long);
 800092e:	46c3      	mov	fp, r8
 8000930:	e7d2      	b.n	80008d8 <cbvprintf_package+0x234>
				parsing = false;
 8000932:	2600      	movs	r6, #0
						align = VA_STACK_ALIGN(long long);
 8000934:	f04f 0808 	mov.w	r8, #8
						size = sizeof(long long);
 8000938:	46c3      	mov	fp, r8
 800093a:	e7cd      	b.n	80008d8 <cbvprintf_package+0x234>
				if (fmt[-1] == 'L') {
 800093c:	7829      	ldrb	r1, [r5, #0]
 800093e:	294c      	cmp	r1, #76	@ 0x4c
 8000940:	d01b      	beq.n	800097a <cbvprintf_package+0x2d6>
					v.d = va_arg(ap, double);
 8000942:	991a      	ldr	r1, [sp, #104]	@ 0x68
 8000944:	3107      	adds	r1, #7
 8000946:	f021 0107 	bic.w	r1, r1, #7
 800094a:	f101 0008 	add.w	r0, r1, #8
 800094e:	901a      	str	r0, [sp, #104]	@ 0x68
 8000950:	e9d1 0100 	ldrd	r0, r1, [r1]
				buf = ROUND_UP(buf, align);
 8000954:	3407      	adds	r4, #7
 8000956:	f024 0407 	bic.w	r4, r4, #7
				if (buf0 != NULL) {
 800095a:	b147      	cbz	r7, 800096e <cbvprintf_package+0x2ca>
					if (BUF_OFFSET + size > len) {
 800095c:	1be6      	subs	r6, r4, r7
 800095e:	3608      	adds	r6, #8
 8000960:	454e      	cmp	r6, r9
 8000962:	d814      	bhi.n	800098e <cbvprintf_package+0x2ea>
					} else if (fmt[-1] == 'L') {
 8000964:	782d      	ldrb	r5, [r5, #0]
 8000966:	2d4c      	cmp	r5, #76	@ 0x4c
 8000968:	d014      	beq.n	8000994 <cbvprintf_package+0x2f0>
						*(double *)buf = v.d;
 800096a:	e9c4 0100 	strd	r0, r1, [r4]
				buf += size;
 800096e:	3408      	adds	r4, #8
				parsing = false;
 8000970:	2600      	movs	r6, #0
				continue;
 8000972:	f04f 0808 	mov.w	r8, #8
 8000976:	46c3      	mov	fp, r8
 8000978:	e731      	b.n	80007de <cbvprintf_package+0x13a>
					v.ld = va_arg(ap, long double);
 800097a:	991a      	ldr	r1, [sp, #104]	@ 0x68
 800097c:	3107      	adds	r1, #7
 800097e:	f021 0107 	bic.w	r1, r1, #7
 8000982:	f101 0008 	add.w	r0, r1, #8
 8000986:	901a      	str	r0, [sp, #104]	@ 0x68
 8000988:	e9d1 0100 	ldrd	r0, r1, [r1]
					size = sizeof(long double);
 800098c:	e7e2      	b.n	8000954 <cbvprintf_package+0x2b0>
						return -ENOSPC;
 800098e:	f06f 001b 	mvn.w	r0, #27
 8000992:	e0af      	b.n	8000af4 <cbvprintf_package+0x450>
						*(long double *)buf = v.ld;
 8000994:	e9c4 0100 	strd	r0, r1, [r4]
 8000998:	e7e9      	b.n	800096e <cbvprintf_package+0x2ca>
				parsing = false;
 800099a:	2600      	movs	r6, #0
				align = VA_STACK_ALIGN(void *);
 800099c:	f04f 0804 	mov.w	r8, #4
				size = sizeof(void *);
 80009a0:	46c3      	mov	fp, r8
 80009a2:	e799      	b.n	80008d8 <cbvprintf_package+0x234>
				is_str_arg = true;
 80009a4:	4632      	mov	r2, r6
				parsing = false;
 80009a6:	2600      	movs	r6, #0
				align = VA_STACK_ALIGN(void *);
 80009a8:	f04f 0804 	mov.w	r8, #4
				size = sizeof(void *);
 80009ac:	46c3      	mov	fp, r8
 80009ae:	e793      	b.n	80008d8 <cbvprintf_package+0x234>
			s = va_arg(ap, char *);
 80009b0:	9a1a      	ldr	r2, [sp, #104]	@ 0x68
 80009b2:	1d11      	adds	r1, r2, #4
 80009b4:	911a      	str	r1, [sp, #104]	@ 0x68
 80009b6:	6812      	ldr	r2, [r2, #0]
 80009b8:	9203      	str	r2, [sp, #12]
			bool is_ro = (fros_cnt-- > 0) ? true : ptr_in_rodata(s);
 80009ba:	9a07      	ldr	r2, [sp, #28]
			if (*++fmt == '\0') {
 80009bc:	461d      	mov	r5, r3
 80009be:	e69a      	b.n	80006f6 <cbvprintf_package+0x52>
#else
#define RO_START 0
#define RO_END   0
#endif

	return (((const char *)addr >= (const char *)RO_START) &&
 80009c0:	4b5b      	ldr	r3, [pc, #364]	@ (8000b30 <cbvprintf_package+0x48c>)
 80009c2:	9a03      	ldr	r2, [sp, #12]
 80009c4:	429a      	cmp	r2, r3
 80009c6:	d303      	bcc.n	80009d0 <cbvprintf_package+0x32c>
 80009c8:	4b5a      	ldr	r3, [pc, #360]	@ (8000b34 <cbvprintf_package+0x490>)
 80009ca:	429a      	cmp	r2, r3
 80009cc:	f4ff ae9b 	bcc.w	8000706 <cbvprintf_package+0x62>
			bool do_ro = !!(flags & CBPRINTF_PACKAGE_ADD_RO_STR_POS);
 80009d0:	9b05      	ldr	r3, [sp, #20]
 80009d2:	f003 0202 	and.w	r2, r3, #2
			bool is_ro = (fros_cnt-- > 0) ? true : ptr_in_rodata(s);
 80009d6:	2000      	movs	r0, #0
 80009d8:	e69a      	b.n	8000710 <cbvprintf_package+0x6c>
						s_rw_cnt++;
 80009da:	9b06      	ldr	r3, [sp, #24]
 80009dc:	3301      	adds	r3, #1
 80009de:	9306      	str	r3, [sp, #24]
 80009e0:	e6b9      	b.n	8000756 <cbvprintf_package+0xb2>
				} else if (is_ro) {
 80009e2:	b110      	cbz	r0, 80009ea <cbvprintf_package+0x346>
					len += 1;
 80009e4:	f109 0901 	add.w	r9, r9, #1
 80009e8:	e6b5      	b.n	8000756 <cbvprintf_package+0xb2>
				} else if (rws_pos_en) {
 80009ea:	9b00      	ldr	r3, [sp, #0]
 80009ec:	b113      	cbz	r3, 80009f4 <cbvprintf_package+0x350>
					len += 2;
 80009ee:	f109 0902 	add.w	r9, r9, #2
 80009f2:	e6b0      	b.n	8000756 <cbvprintf_package+0xb2>
					len += strlen(s) + 1 + 1;
 80009f4:	9803      	ldr	r0, [sp, #12]
 80009f6:	f7ff fbc3 	bl	8000180 <strlen>
 80009fa:	eb09 0300 	add.w	r3, r9, r0
 80009fe:	f103 0902 	add.w	r9, r3, #2
 8000a02:	e6a8      	b.n	8000756 <cbvprintf_package+0xb2>
			int v = va_arg(ap, int);
 8000a04:	991a      	ldr	r1, [sp, #104]	@ 0x68
 8000a06:	1d08      	adds	r0, r1, #4
 8000a08:	901a      	str	r0, [sp, #104]	@ 0x68
 8000a0a:	6809      	ldr	r1, [r1, #0]
			if (buf0 != NULL) {
 8000a0c:	b107      	cbz	r7, 8000a10 <cbvprintf_package+0x36c>
				*(int *)buf = v;
 8000a0e:	6021      	str	r1, [r4, #0]
			buf += sizeof(int);
 8000a10:	3404      	adds	r4, #4
 8000a12:	e6e4      	b.n	80007de <cbvprintf_package+0x13a>
	 * We remember the size of the argument list as a multiple of
	 * sizeof(int) and limit it to a 8-bit field. That means 1020 bytes
	 * worth of va_list, or about 127 arguments on a 64-bit system
	 * (twice that on 32-bit systems). That ought to be good enough.
	 */
	if ((BUF_OFFSET / sizeof(int)) > 255) {
 8000a14:	f8dd b008 	ldr.w	fp, [sp, #8]
 8000a18:	1be3      	subs	r3, r4, r7
 8000a1a:	f5b3 6f80 	cmp.w	r3, #1024	@ 0x400
 8000a1e:	d27e      	bcs.n	8000b1e <cbvprintf_package+0x47a>

	/*
	 * If all we wanted was to count required buffer size
	 * then we have it now.
	 */
	if (buf0 == NULL) {
 8000a20:	b187      	cbz	r7, 8000a44 <cbvprintf_package+0x3a0>
		return BUF_OFFSET + len - CBPRINTF_PACKAGE_ALIGNMENT;
	}

	/* Clear our buffer header. We made room for it initially. */
	*(char **)buf0 = NULL;
 8000a22:	2200      	movs	r2, #0
 8000a24:	603a      	str	r2, [r7, #0]

	/* Record end of argument list. */
	pkg_hdr->desc.len = BUF_OFFSET / sizeof(int);
 8000a26:	089b      	lsrs	r3, r3, #2
 8000a28:	703b      	strb	r3, [r7, #0]

	if (rws_pos_en) {
 8000a2a:	9b00      	ldr	r3, [sp, #0]
 8000a2c:	b173      	cbz	r3, 8000a4c <cbvprintf_package+0x3a8>
		/* Strings are appended, update location counter. */
		pkg_hdr->desc.str_cnt = 0;
		pkg_hdr->desc.rw_str_cnt = s_rw_cnt;
 8000a2e:	9b06      	ldr	r3, [sp, #24]
 8000a30:	70fb      	strb	r3, [r7, #3]
		/* Strings are appended, update append counter. */
		pkg_hdr->desc.str_cnt = s_rw_cnt;
		pkg_hdr->desc.rw_str_cnt = 0;
	}

	pkg_hdr->desc.ro_str_cnt = s_ro_cnt;
 8000a32:	9b04      	ldr	r3, [sp, #16]
 8000a34:	70bb      	strb	r3, [r7, #2]
#ifdef CONFIG_CBPRINTF_PACKAGE_HEADER_STORE_CREATION_FLAGS
	pkg_hdr->desc.pkg_flags = flags;
#endif

	/* Store strings pointer locations of read only strings. */
	if (s_ro_cnt != 0U) {
 8000a36:	bb0b      	cbnz	r3, 8000a7c <cbvprintf_package+0x3d8>
		if (s_ro_cnt && str_ptr_pos[i] & STR_POS_RO_FLAG) {
			continue;
		}

		if (rws_pos_en) {
			size = 0;
 8000a38:	9d01      	ldr	r5, [sp, #4]
 8000a3a:	f8dd a010 	ldr.w	sl, [sp, #16]
 8000a3e:	f8dd 800c 	ldr.w	r8, [sp, #12]
 8000a42:	e03a      	b.n	8000aba <cbvprintf_package+0x416>
		return BUF_OFFSET + len - CBPRINTF_PACKAGE_ALIGNMENT;
 8000a44:	444b      	add	r3, r9
 8000a46:	f1a3 0008 	sub.w	r0, r3, #8
 8000a4a:	e053      	b.n	8000af4 <cbvprintf_package+0x450>
		pkg_hdr->desc.str_cnt = s_rw_cnt;
 8000a4c:	9b06      	ldr	r3, [sp, #24]
 8000a4e:	707b      	strb	r3, [r7, #1]
		pkg_hdr->desc.rw_str_cnt = 0;
 8000a50:	e7ef      	b.n	8000a32 <cbvprintf_package+0x38e>
		for (i = 0; i < s_idx; i++) {
 8000a52:	3301      	adds	r3, #1
 8000a54:	459b      	cmp	fp, r3
 8000a56:	d9ef      	bls.n	8000a38 <cbvprintf_package+0x394>
			if (!(str_ptr_pos[i] & STR_POS_RO_FLAG)) {
 8000a58:	f103 0240 	add.w	r2, r3, #64	@ 0x40
 8000a5c:	446a      	add	r2, sp
 8000a5e:	f812 1c10 	ldrb.w	r1, [r2, #-16]
 8000a62:	f912 2c10 	ldrsb.w	r2, [r2, #-16]
 8000a66:	2a00      	cmp	r2, #0
 8000a68:	daf3      	bge.n	8000a52 <cbvprintf_package+0x3ae>
			uint8_t pos = str_ptr_pos[i] & STR_POS_MASK;
 8000a6a:	f001 017f 	and.w	r1, r1, #127	@ 0x7f
			if ((BUF_OFFSET + 1) > len) {
 8000a6e:	1be2      	subs	r2, r4, r7
 8000a70:	3201      	adds	r2, #1
 8000a72:	454a      	cmp	r2, r9
 8000a74:	d856      	bhi.n	8000b24 <cbvprintf_package+0x480>
			*(uint8_t *)buf = pos;
 8000a76:	f804 1b01 	strb.w	r1, [r4], #1
			++buf;
 8000a7a:	e7ea      	b.n	8000a52 <cbvprintf_package+0x3ae>
		for (i = 0; i < s_idx; i++) {
 8000a7c:	9b01      	ldr	r3, [sp, #4]
 8000a7e:	e7e9      	b.n	8000a54 <cbvprintf_package+0x3b0>
		if (rws_pos_en) {
 8000a80:	9b00      	ldr	r3, [sp, #0]
 8000a82:	b33b      	cbz	r3, 8000ad4 <cbvprintf_package+0x430>
			*(uint8_t *)buf = str_ptr_arg[i];
 8000a84:	f105 0340 	add.w	r3, r5, #64	@ 0x40
 8000a88:	446b      	add	r3, sp
 8000a8a:	f813 3c20 	ldrb.w	r3, [r3, #-32]
 8000a8e:	f804 3b01 	strb.w	r3, [r4], #1
			size = 0;
 8000a92:	9e01      	ldr	r6, [sp, #4]
			/* find the string length including terminating '\0' */
			size = strlen(s) + 1;
		}

		/* make sure it fits */
		if ((BUF_OFFSET + 1 + size) > len) {
 8000a94:	1be3      	subs	r3, r4, r7
 8000a96:	4433      	add	r3, r6
 8000a98:	3301      	adds	r3, #1
 8000a9a:	454b      	cmp	r3, r9
 8000a9c:	d845      	bhi.n	8000b2a <cbvprintf_package+0x486>
			return -ENOSPC;
		}
		/* store the pointer position prefix */
		*(uint8_t *)buf = str_ptr_pos[i];
 8000a9e:	f105 0340 	add.w	r3, r5, #64	@ 0x40
 8000aa2:	446b      	add	r3, sp
 8000aa4:	f813 3c10 	ldrb.w	r3, [r3, #-16]
 8000aa8:	f804 3b01 	strb.w	r3, [r4], #1
		++buf;
		/* copy the string with its terminating '\0' */
		memcpy((void *)buf, (uint8_t *)s, size);
 8000aac:	4632      	mov	r2, r6
 8000aae:	4641      	mov	r1, r8
 8000ab0:	4620      	mov	r0, r4
 8000ab2:	f7ff fbd1 	bl	8000258 <__aeabi_memcpy>
		buf += size;
 8000ab6:	4434      	add	r4, r6
	for (i = 0; i < s_idx; i++) {
 8000ab8:	3501      	adds	r5, #1
 8000aba:	45ab      	cmp	fp, r5
 8000abc:	d919      	bls.n	8000af2 <cbvprintf_package+0x44e>
		if (s_ro_cnt && str_ptr_pos[i] & STR_POS_RO_FLAG) {
 8000abe:	f1ba 0f00 	cmp.w	sl, #0
 8000ac2:	d0dd      	beq.n	8000a80 <cbvprintf_package+0x3dc>
 8000ac4:	f105 0340 	add.w	r3, r5, #64	@ 0x40
 8000ac8:	446b      	add	r3, sp
 8000aca:	f913 3c10 	ldrsb.w	r3, [r3, #-16]
 8000ace:	2b00      	cmp	r3, #0
 8000ad0:	dad6      	bge.n	8000a80 <cbvprintf_package+0x3dc>
 8000ad2:	e7f1      	b.n	8000ab8 <cbvprintf_package+0x414>
			s = *(char **)(buf0 + str_ptr_pos[i] * sizeof(int));
 8000ad4:	f105 0340 	add.w	r3, r5, #64	@ 0x40
 8000ad8:	446b      	add	r3, sp
 8000ada:	f813 3c10 	ldrb.w	r3, [r3, #-16]
 8000ade:	f857 8023 	ldr.w	r8, [r7, r3, lsl #2]
			*(char **)(buf0 + str_ptr_pos[i] * sizeof(int)) = NULL;
 8000ae2:	2200      	movs	r2, #0
 8000ae4:	f847 2023 	str.w	r2, [r7, r3, lsl #2]
			size = strlen(s) + 1;
 8000ae8:	4640      	mov	r0, r8
 8000aea:	f7ff fb49 	bl	8000180 <strlen>
 8000aee:	1c46      	adds	r6, r0, #1
 8000af0:	e7d0      	b.n	8000a94 <cbvprintf_package+0x3f0>
	/*
	 * TODO: remove pointers for appended strings since they're useless.
	 * TODO: explore leveraging same mechanism to remove alignment padding
	 */

	return BUF_OFFSET;
 8000af2:	1be0      	subs	r0, r4, r7

#undef BUF_OFFSET
#undef STR_POS_RO_FLAG
#undef STR_POS_MASK
}
 8000af4:	b011      	add	sp, #68	@ 0x44
 8000af6:	e8bd 8ff0 	ldmia.w	sp!, {r4, r5, r6, r7, r8, r9, sl, fp, pc}
		return -EFAULT;
 8000afa:	f06f 000d 	mvn.w	r0, #13
 8000afe:	e7f9      	b.n	8000af4 <cbvprintf_package+0x450>
		return -ENOSPC;
 8000b00:	f06f 001b 	mvn.w	r0, #27
 8000b04:	e7f6      	b.n	8000af4 <cbvprintf_package+0x450>
			return -ENOSPC;
 8000b06:	f06f 001b 	mvn.w	r0, #27
 8000b0a:	e7f3      	b.n	8000af4 <cbvprintf_package+0x450>
					return -EINVAL;
 8000b0c:	f06f 0015 	mvn.w	r0, #21
 8000b10:	e7f0      	b.n	8000af4 <cbvprintf_package+0x450>
					return -EINVAL;
 8000b12:	f06f 0015 	mvn.w	r0, #21
 8000b16:	e7ed      	b.n	8000af4 <cbvprintf_package+0x450>
			return -EINVAL;
 8000b18:	f06f 0015 	mvn.w	r0, #21
 8000b1c:	e7ea      	b.n	8000af4 <cbvprintf_package+0x450>
		return -EINVAL;
 8000b1e:	f06f 0015 	mvn.w	r0, #21
 8000b22:	e7e7      	b.n	8000af4 <cbvprintf_package+0x450>
				return -ENOSPC;
 8000b24:	f06f 001b 	mvn.w	r0, #27
 8000b28:	e7e4      	b.n	8000af4 <cbvprintf_package+0x450>
			return -ENOSPC;
 8000b2a:	f06f 001b 	mvn.w	r0, #27
 8000b2e:	e7e1      	b.n	8000af4 <cbvprintf_package+0x450>
 8000b30:	08009048 	.word	0x08009048
 8000b34:	0800ab3c 	.word	0x0800ab3c

08000b38 <cbprintf_package_convert>:
			     cbprintf_convert_cb cb,
			     void *ctx,
			     uint32_t flags,
			     uint16_t *strl,
			     size_t strl_len)
{
 8000b38:	e92d 4ff0 	stmdb	sp!, {r4, r5, r6, r7, r8, r9, sl, fp, lr}
 8000b3c:	b097      	sub	sp, #92	@ 0x5c
 8000b3e:	af00      	add	r7, sp, #0
 8000b40:	4683      	mov	fp, r0
 8000b42:	61ba      	str	r2, [r7, #24]
 8000b44:	617b      	str	r3, [r7, #20]
	__ASSERT_NO_MSG(in_packaged != NULL);

	uint8_t *buf = in_packaged;
	uint32_t *buf32 = in_packaged;
	unsigned int args_size, ros_nbr, rws_nbr;
	bool fmt_present = flags & CBPRINTF_PACKAGE_CONVERT_PTR_CHECK ? true : false;
 8000b46:	f8d7 3080 	ldr.w	r3, [r7, #128]	@ 0x80
 8000b4a:	f3c3 03c0 	ubfx	r3, r3, #3, #1
 8000b4e:	623b      	str	r3, [r7, #32]
	bool rw_cpy;
	bool ro_cpy;
	struct cbprintf_package_desc *in_desc = in_packaged;

	in_len = in_len != 0 ? in_len : get_package_len(in_packaged);
 8000b50:	60f9      	str	r1, [r7, #12]
 8000b52:	b911      	cbnz	r1, 8000b5a <cbprintf_package_convert+0x22>
 8000b54:	f006 f937 	bl	8006dc6 <get_package_len>
 8000b58:	60f8      	str	r0, [r7, #12]

	/* Get number of RO string indexes in the package and check if copying
	 * includes appending those strings.
	 */
	ros_nbr = in_desc->ro_str_cnt;
 8000b5a:	f89b 6002 	ldrb.w	r6, [fp, #2]
 8000b5e:	46b1      	mov	r9, r6
	ro_cpy = ros_nbr &&
 8000b60:	b136      	cbz	r6, 8000b70 <cbprintf_package_convert+0x38>
 8000b62:	f8d7 3080 	ldr.w	r3, [r7, #128]	@ 0x80
 8000b66:	f013 0f01 	tst.w	r3, #1
 8000b6a:	d129      	bne.n	8000bc0 <cbprintf_package_convert+0x88>
 8000b6c:	2300      	movs	r3, #0
 8000b6e:	e000      	b.n	8000b72 <cbprintf_package_convert+0x3a>
 8000b70:	2300      	movs	r3, #0
		(flags & CBPRINTF_PACKAGE_CONVERT_RO_STR) == CBPRINTF_PACKAGE_CONVERT_RO_STR;

	/* Get number of RW string indexes in the package and check if copying
	 * includes appending those strings.
	 */
	rws_nbr = in_desc->rw_str_cnt;
 8000b72:	f89b 2003 	ldrb.w	r2, [fp, #3]
 8000b76:	627a      	str	r2, [r7, #36]	@ 0x24
	rw_cpy = rws_nbr > 0 &&
 8000b78:	b122      	cbz	r2, 8000b84 <cbprintf_package_convert+0x4c>
 8000b7a:	f8d7 2080 	ldr.w	r2, [r7, #128]	@ 0x80
 8000b7e:	f012 0f02 	tst.w	r2, #2
 8000b82:	d100      	bne.n	8000b86 <cbprintf_package_convert+0x4e>

	/* If flags are not set or appending request without rw string indexes
	 * present is chosen, just do a simple copy (or length calculation).
	 * Assuming that it is the most common case.
	 */
	if (!rw_cpy && !ro_cpy) {
 8000b84:	b1f3      	cbz	r3, 8000bc4 <cbprintf_package_convert+0x8c>

	/* If we got here, it means that coping will be more complex and will be
	 * done with strings appending.
	 * Retrieve the size of the arg list.
	 */
	args_size = in_desc->len * sizeof(int);
 8000b86:	f89b 5000 	ldrb.w	r5, [fp]
 8000b8a:	00aa      	lsls	r2, r5, #2
 8000b8c:	60ba      	str	r2, [r7, #8]
	int out_len;

	/* Pointer to array with string locations. Array starts with read-only
	 * string locations.
	 */
	const char *fmt = *(const char **)(buf + sizeof(void *));
 8000b8e:	f8db 2004 	ldr.w	r2, [fp, #4]
 8000b92:	613a      	str	r2, [r7, #16]
	uint8_t *str_pos = &buf[args_size];
 8000b94:	eb0b 0585 	add.w	r5, fp, r5, lsl #2
	size_t strl_cnt = 0;

	/* If null destination, just calculate output length. */
	if (cb == NULL) {
 8000b98:	69ba      	ldr	r2, [r7, #24]
 8000b9a:	b1fa      	cbz	r2, 8000bdc <cbprintf_package_convert+0xa4>

	/* If read-only strings shall be appended to the output package copy
	 * their indexes to the local array, otherwise indicate that indexes
	 * shall remain in the output package.
	 */
	if (ro_cpy) {
 8000b9c:	2b00      	cmp	r3, #0
 8000b9e:	f040 8105 	bne.w	8000dac <cbprintf_package_convert+0x274>
		scpy_cnt = ros_nbr;
		keep_cnt = 0;
		dst = cpy_str_pos;
	} else if (ros_nbr && flags & CBPRINTF_PACKAGE_CONVERT_KEEP_RO_STR) {
 8000ba2:	f1b9 0f00 	cmp.w	r9, #0
 8000ba6:	f000 810f 	beq.w	8000dc8 <cbprintf_package_convert+0x290>
 8000baa:	f8d7 3080 	ldr.w	r3, [r7, #128]	@ 0x80
 8000bae:	f013 0f04 	tst.w	r3, #4
 8000bb2:	f000 810c 	beq.w	8000dce <cbprintf_package_convert+0x296>
		scpy_cnt = 0;
		keep_cnt = ros_nbr;
 8000bb6:	61fe      	str	r6, [r7, #28]
		scpy_cnt = 0;
 8000bb8:	2600      	movs	r6, #0
		dst = keep_str_pos;
 8000bba:	f107 0034 	add.w	r0, r7, #52	@ 0x34
 8000bbe:	e0f9      	b.n	8000db4 <cbprintf_package_convert+0x27c>
	ro_cpy = ros_nbr &&
 8000bc0:	2301      	movs	r3, #1
 8000bc2:	e7d6      	b.n	8000b72 <cbprintf_package_convert+0x3a>
		if (cb) {
 8000bc4:	69bb      	ldr	r3, [r7, #24]
 8000bc6:	b11b      	cbz	r3, 8000bd0 <cbprintf_package_convert+0x98>
			cb(in_packaged, in_len, ctx);
 8000bc8:	697a      	ldr	r2, [r7, #20]
 8000bca:	68f9      	ldr	r1, [r7, #12]
 8000bcc:	4658      	mov	r0, fp
 8000bce:	4798      	blx	r3
		return in_len;
 8000bd0:	68fc      	ldr	r4, [r7, #12]

	/* Empty call (can be interpreted as flushing) */
	(void)cb(NULL, 0, ctx);

	return out_len;
}
 8000bd2:	4620      	mov	r0, r4
 8000bd4:	375c      	adds	r7, #92	@ 0x5c
 8000bd6:	46bd      	mov	sp, r7
 8000bd8:	e8bd 8ff0 	ldmia.w	sp!, {r4, r5, r6, r7, r8, r9, sl, fp, pc}
		out_len = (int)in_len;
 8000bdc:	68fc      	ldr	r4, [r7, #12]
		if (ro_cpy) {
 8000bde:	b9e3      	cbnz	r3, 8000c1a <cbprintf_package_convert+0xe2>
			str_pos += ros_nbr;
 8000be0:	444d      	add	r5, r9
	size_t strl_cnt = 0;
 8000be2:	2300      	movs	r3, #0
 8000be4:	617b      	str	r3, [r7, #20]
 8000be6:	e023      	b.n	8000c30 <cbprintf_package_convert+0xf8>
				out_len += len;
 8000be8:	4404      	add	r4, r0
				str_pos++;
 8000bea:	3501      	adds	r5, #1
			for (unsigned int i = 0; i < ros_nbr; i++) {
 8000bec:	3601      	adds	r6, #1
 8000bee:	454e      	cmp	r6, r9
 8000bf0:	d21a      	bcs.n	8000c28 <cbprintf_package_convert+0xf0>
				const char *str = *(const char **)&buf32[*str_pos];
 8000bf2:	782a      	ldrb	r2, [r5, #0]
				int len = append_string(cb, NULL, str, 0);
 8000bf4:	2300      	movs	r3, #0
 8000bf6:	f85b 2022 	ldr.w	r2, [fp, r2, lsl #2]
 8000bfa:	4619      	mov	r1, r3
 8000bfc:	69b8      	ldr	r0, [r7, #24]
 8000bfe:	f006 f8f7 	bl	8006df0 <append_string>
				if (strl && strl_cnt < strl_len) {
 8000c02:	f1ba 0f00 	cmp.w	sl, #0
 8000c06:	d0ef      	beq.n	8000be8 <cbprintf_package_convert+0xb0>
 8000c08:	f8d7 3088 	ldr.w	r3, [r7, #136]	@ 0x88
 8000c0c:	4598      	cmp	r8, r3
 8000c0e:	d2eb      	bcs.n	8000be8 <cbprintf_package_convert+0xb0>
					strl[strl_cnt++] = (uint16_t)len;
 8000c10:	f82a 0018 	strh.w	r0, [sl, r8, lsl #1]
 8000c14:	f108 0801 	add.w	r8, r8, #1
 8000c18:	e7e6      	b.n	8000be8 <cbprintf_package_convert+0xb0>
			for (unsigned int i = 0; i < ros_nbr; i++) {
 8000c1a:	2600      	movs	r6, #0
	size_t strl_cnt = 0;
 8000c1c:	f8c7 801c 	str.w	r8, [r7, #28]
 8000c20:	46b0      	mov	r8, r6
 8000c22:	f8d7 a084 	ldr.w	sl, [r7, #132]	@ 0x84
 8000c26:	e7e2      	b.n	8000bee <cbprintf_package_convert+0xb6>
 8000c28:	f8c7 8014 	str.w	r8, [r7, #20]
 8000c2c:	f8d7 801c 	ldr.w	r8, [r7, #28]
		bool drop_ro_str_pos = !(flags &
 8000c30:	f8d7 3080 	ldr.w	r3, [r7, #128]	@ 0x80
 8000c34:	f003 0305 	and.w	r3, r3, #5
 8000c38:	60fb      	str	r3, [r7, #12]
		for (unsigned int i = 0; i < rws_nbr; i++) {
 8000c3a:	f04f 0a00 	mov.w	sl, #0
 8000c3e:	46a1      	mov	r9, r4
 8000c40:	f8c7 b01c 	str.w	fp, [r7, #28]
 8000c44:	e09c      	b.n	8000d80 <cbprintf_package_convert+0x248>
 8000c46:	2500      	movs	r5, #0
			if (IS_ENABLED(CONFIG_CBPRINTF_CONVERT_CHECK_PTR) &&
 8000c48:	6a3b      	ldr	r3, [r7, #32]
 8000c4a:	b97b      	cbnz	r3, 8000c6c <cbprintf_package_convert+0x134>
			if (is_ro) {
 8000c4c:	2d00      	cmp	r5, #0
 8000c4e:	d079      	beq.n	8000d44 <cbprintf_package_convert+0x20c>
				if (flags & CBPRINTF_PACKAGE_CONVERT_RO_STR) {
 8000c50:	f8d7 3080 	ldr.w	r3, [r7, #128]	@ 0x80
 8000c54:	f013 0f01 	tst.w	r3, #1
 8000c58:	d179      	bne.n	8000d4e <cbprintf_package_convert+0x216>
					out_len -= drop_ro_str_pos ? 2 : 1;
 8000c5a:	68fb      	ldr	r3, [r7, #12]
 8000c5c:	2b00      	cmp	r3, #0
 8000c5e:	d16f      	bne.n	8000d40 <cbprintf_package_convert+0x208>
 8000c60:	2302      	movs	r3, #2
 8000c62:	eba9 0903 	sub.w	r9, r9, r3
 8000c66:	e088      	b.n	8000d7a <cbprintf_package_convert+0x242>
 8000c68:	2501      	movs	r5, #1
 8000c6a:	e7ed      	b.n	8000c48 <cbprintf_package_convert+0x110>
			    fmt_present && is_ptr(fmt, arg_idx)) {
 8000c6c:	4659      	mov	r1, fp
 8000c6e:	6938      	ldr	r0, [r7, #16]
 8000c70:	f006 f904 	bl	8006e7c <is_ptr>
 8000c74:	2800      	cmp	r0, #0
 8000c76:	d0e9      	beq.n	8000c4c <cbprintf_package_convert+0x114>
				LOG_WRN("(unsigned) char * used for %%p argument. "
 8000c78:	466c      	mov	r4, sp
 8000c7a:	2300      	movs	r3, #0
 8000c7c:	f887 302c 	strb.w	r3, [r7, #44]	@ 0x2c
 8000c80:	2302      	movs	r3, #2
 8000c82:	f887 302d 	strb.w	r3, [r7, #45]	@ 0x2d
 8000c86:	b08a      	sub	sp, #40	@ 0x28
 8000c88:	4669      	mov	r1, sp
 8000c8a:	f111 0210 	adds.w	r2, r1, #16
 8000c8e:	d037      	beq.n	8000d00 <cbprintf_package_convert+0x1c8>
 8000c90:	2512      	movs	r5, #18
 8000c92:	b11a      	cbz	r2, 8000c9c <cbprintf_package_convert+0x164>
 8000c94:	2d04      	cmp	r5, #4
 8000c96:	dd01      	ble.n	8000c9c <cbprintf_package_convert+0x164>
 8000c98:	4bb1      	ldr	r3, [pc, #708]	@ (8000f60 <cbprintf_package_convert+0x428>)
 8000c9a:	614b      	str	r3, [r1, #20]
 8000c9c:	2300      	movs	r3, #0
 8000c9e:	f887 3028 	strb.w	r3, [r7, #40]	@ 0x28
 8000ca2:	2302      	movs	r3, #2
 8000ca4:	f887 3029 	strb.w	r3, [r7, #41]	@ 0x29
 8000ca8:	bb6a      	cbnz	r2, 8000d06 <cbprintf_package_convert+0x1ce>
 8000caa:	2d11      	cmp	r5, #17
 8000cac:	dd45      	ble.n	8000d3a <cbprintf_package_convert+0x202>
 8000cae:	2312      	movs	r3, #18
 8000cb0:	b162      	cbz	r2, 8000ccc <cbprintf_package_convert+0x194>
 8000cb2:	2004      	movs	r0, #4
 8000cb4:	f887 002c 	strb.w	r0, [r7, #44]	@ 0x2c
 8000cb8:	2000      	movs	r0, #0
 8000cba:	f887 002d 	strb.w	r0, [r7, #45]	@ 0x2d
 8000cbe:	f887 002e 	strb.w	r0, [r7, #46]	@ 0x2e
 8000cc2:	2001      	movs	r0, #1
 8000cc4:	f887 002f 	strb.w	r0, [r7, #47]	@ 0x2f
 8000cc8:	6af8      	ldr	r0, [r7, #44]	@ 0x2c
 8000cca:	6108      	str	r0, [r1, #16]
 8000ccc:	f028 0801 	bic.w	r8, r8, #1
 8000cd0:	f028 0802 	bic.w	r8, r8, #2
 8000cd4:	f028 0804 	bic.w	r8, r8, #4
 8000cd8:	f028 0838 	bic.w	r8, r8, #56	@ 0x38
 8000cdc:	2102      	movs	r1, #2
 8000cde:	f361 1888 	bfi	r8, r1, #6, #3
 8000ce2:	f3c3 030a 	ubfx	r3, r3, #0, #11
 8000ce6:	f363 2853 	bfi	r8, r3, #9, #11
 8000cea:	f3c8 0813 	ubfx	r8, r8, #0, #20
		(void) arch_syscall_invoke4(parm0.x, parm1.x, parm2.x, parm3.x, K_SYSCALL_Z_LOG_MSG_STATIC_CREATE);
		return;
	}
#endif
	compiler_barrier();
	z_impl_z_log_msg_static_create(source, desc, package, data);
 8000cee:	2300      	movs	r3, #0
 8000cf0:	4641      	mov	r1, r8
 8000cf2:	489c      	ldr	r0, [pc, #624]	@ (8000f64 <cbprintf_package_convert+0x42c>)
 8000cf4:	f000 fdb4 	bl	8001860 <z_impl_z_log_msg_static_create>
 8000cf8:	46a5      	mov	sp, r4
				out_len -= 2;
 8000cfa:	f1a9 0902 	sub.w	r9, r9, #2
				continue;
 8000cfe:	e03c      	b.n	8000d7a <cbprintf_package_convert+0x242>
				LOG_WRN("(unsigned) char * used for %%p argument. "
 8000d00:	f06f 4500 	mvn.w	r5, #2147483648	@ 0x80000000
 8000d04:	e7c5      	b.n	8000c92 <cbprintf_package_convert+0x15a>
 8000d06:	462b      	mov	r3, r5
 8000d08:	2d08      	cmp	r5, #8
 8000d0a:	dd01      	ble.n	8000d10 <cbprintf_package_convert+0x1d8>
 8000d0c:	6938      	ldr	r0, [r7, #16]
 8000d0e:	6188      	str	r0, [r1, #24]
 8000d10:	2b0c      	cmp	r3, #12
 8000d12:	dd01      	ble.n	8000d18 <cbprintf_package_convert+0x1e0>
 8000d14:	f8c1 b01c 	str.w	fp, [r1, #28]
 8000d18:	f101 0320 	add.w	r3, r1, #32
 8000d1c:	2000      	movs	r0, #0
 8000d1e:	e009      	b.n	8000d34 <cbprintf_package_convert+0x1fc>
 8000d20:	f100 0c30 	add.w	ip, r0, #48	@ 0x30
 8000d24:	f107 0e28 	add.w	lr, r7, #40	@ 0x28
 8000d28:	44f4      	add	ip, lr
 8000d2a:	f81c cc30 	ldrb.w	ip, [ip, #-48]
 8000d2e:	f803 cb01 	strb.w	ip, [r3], #1
 8000d32:	3001      	adds	r0, #1
 8000d34:	2801      	cmp	r0, #1
 8000d36:	d9f3      	bls.n	8000d20 <cbprintf_package_convert+0x1e8>
 8000d38:	e7b7      	b.n	8000caa <cbprintf_package_convert+0x172>
 8000d3a:	f06f 031b 	mvn.w	r3, #27
 8000d3e:	e7b7      	b.n	8000cb0 <cbprintf_package_convert+0x178>
					out_len -= drop_ro_str_pos ? 2 : 1;
 8000d40:	2301      	movs	r3, #1
 8000d42:	e78e      	b.n	8000c62 <cbprintf_package_convert+0x12a>
			} else if (flags & CBPRINTF_PACKAGE_CONVERT_RW_STR) {
 8000d44:	f8d7 3080 	ldr.w	r3, [r7, #128]	@ 0x80
 8000d48:	f013 0f02 	tst.w	r3, #2
 8000d4c:	d015      	beq.n	8000d7a <cbprintf_package_convert+0x242>
				len = append_string(cb, NULL, str, 0);
 8000d4e:	2300      	movs	r3, #0
 8000d50:	4622      	mov	r2, r4
 8000d52:	4619      	mov	r1, r3
 8000d54:	69b8      	ldr	r0, [r7, #24]
 8000d56:	f006 f84b 	bl	8006df0 <append_string>
				if (strl && strl_cnt < strl_len) {
 8000d5a:	f8d7 3084 	ldr.w	r3, [r7, #132]	@ 0x84
 8000d5e:	b153      	cbz	r3, 8000d76 <cbprintf_package_convert+0x23e>
 8000d60:	697b      	ldr	r3, [r7, #20]
 8000d62:	f8d7 2088 	ldr.w	r2, [r7, #136]	@ 0x88
 8000d66:	4293      	cmp	r3, r2
 8000d68:	d205      	bcs.n	8000d76 <cbprintf_package_convert+0x23e>
					strl[strl_cnt++] = (uint16_t)len;
 8000d6a:	f8d7 2084 	ldr.w	r2, [r7, #132]	@ 0x84
 8000d6e:	f822 0013 	strh.w	r0, [r2, r3, lsl #1]
 8000d72:	3301      	adds	r3, #1
 8000d74:	617b      	str	r3, [r7, #20]
				out_len += (len - 1);
 8000d76:	3801      	subs	r0, #1
 8000d78:	4481      	add	r9, r0
		for (unsigned int i = 0; i < rws_nbr; i++) {
 8000d7a:	f10a 0a01 	add.w	sl, sl, #1
			uint8_t arg_pos = *str_pos++;
 8000d7e:	4635      	mov	r5, r6
		for (unsigned int i = 0; i < rws_nbr; i++) {
 8000d80:	6a7b      	ldr	r3, [r7, #36]	@ 0x24
 8000d82:	459a      	cmp	sl, r3
 8000d84:	d210      	bcs.n	8000da8 <cbprintf_package_convert+0x270>
			uint8_t arg_idx = *str_pos++;
 8000d86:	462e      	mov	r6, r5
 8000d88:	f816 bb02 	ldrb.w	fp, [r6], #2
			uint8_t arg_pos = *str_pos++;
 8000d8c:	786b      	ldrb	r3, [r5, #1]
			const char *str = *(const char **)&buf32[arg_pos];
 8000d8e:	69fa      	ldr	r2, [r7, #28]
 8000d90:	f852 4023 	ldr.w	r4, [r2, r3, lsl #2]
 8000d94:	4b74      	ldr	r3, [pc, #464]	@ (8000f68 <cbprintf_package_convert+0x430>)
 8000d96:	429c      	cmp	r4, r3
 8000d98:	f4ff af55 	bcc.w	8000c46 <cbprintf_package_convert+0x10e>
 8000d9c:	4b73      	ldr	r3, [pc, #460]	@ (8000f6c <cbprintf_package_convert+0x434>)
 8000d9e:	429c      	cmp	r4, r3
 8000da0:	f4ff af62 	bcc.w	8000c68 <cbprintf_package_convert+0x130>
 8000da4:	2500      	movs	r5, #0
 8000da6:	e74f      	b.n	8000c48 <cbprintf_package_convert+0x110>
 8000da8:	464c      	mov	r4, r9
 8000daa:	e712      	b.n	8000bd2 <cbprintf_package_convert+0x9a>
		dst = cpy_str_pos;
 8000dac:	f107 0044 	add.w	r0, r7, #68	@ 0x44
		keep_cnt = 0;
 8000db0:	2300      	movs	r3, #0
 8000db2:	61fb      	str	r3, [r7, #28]
		memcpy(dst, str_pos, ros_nbr);
 8000db4:	464a      	mov	r2, r9
 8000db6:	4629      	mov	r1, r5
 8000db8:	f7ff fa4e 	bl	8000258 <__aeabi_memcpy>
	str_pos += ros_nbr;
 8000dbc:	444d      	add	r5, r9
	for (unsigned int i = 0; i < rws_nbr; i++) {
 8000dbe:	f04f 0800 	mov.w	r8, #0
 8000dc2:	f8c7 9004 	str.w	r9, [r7, #4]
 8000dc6:	e01b      	b.n	8000e00 <cbprintf_package_convert+0x2c8>
		scpy_cnt = 0;
 8000dc8:	2600      	movs	r6, #0
		keep_cnt = 0;
 8000dca:	61fe      	str	r6, [r7, #28]
 8000dcc:	e7f6      	b.n	8000dbc <cbprintf_package_convert+0x284>
		scpy_cnt = 0;
 8000dce:	2600      	movs	r6, #0
		keep_cnt = 0;
 8000dd0:	61fe      	str	r6, [r7, #28]
 8000dd2:	e7f3      	b.n	8000dbc <cbprintf_package_convert+0x284>
 8000dd4:	2500      	movs	r5, #0
		if (IS_ENABLED(CONFIG_CBPRINTF_CONVERT_CHECK_PTR) &&
 8000dd6:	6a3b      	ldr	r3, [r7, #32]
 8000dd8:	bb33      	cbnz	r3, 8000e28 <cbprintf_package_convert+0x2f0>
		if (is_ro) {
 8000dda:	2d00      	cmp	r5, #0
 8000ddc:	d03b      	beq.n	8000e56 <cbprintf_package_convert+0x31e>
			if (flags & CBPRINTF_PACKAGE_CONVERT_RO_STR) {
 8000dde:	f8d7 3080 	ldr.w	r3, [r7, #128]	@ 0x80
 8000de2:	f013 0f01 	tst.w	r3, #1
 8000de6:	d026      	beq.n	8000e36 <cbprintf_package_convert+0x2fe>
				cpy_str_pos[scpy_cnt++] = arg_pos;
 8000de8:	1c73      	adds	r3, r6, #1
 8000dea:	f106 0230 	add.w	r2, r6, #48	@ 0x30
 8000dee:	f107 0128 	add.w	r1, r7, #40	@ 0x28
 8000df2:	1856      	adds	r6, r2, r1
 8000df4:	f806 9c14 	strb.w	r9, [r6, #-20]
 8000df8:	b2de      	uxtb	r6, r3
	for (unsigned int i = 0; i < rws_nbr; i++) {
 8000dfa:	f108 0801 	add.w	r8, r8, #1
		uint8_t arg_pos = *str_pos++;
 8000dfe:	4625      	mov	r5, r4
	for (unsigned int i = 0; i < rws_nbr; i++) {
 8000e00:	6a7b      	ldr	r3, [r7, #36]	@ 0x24
 8000e02:	4598      	cmp	r8, r3
 8000e04:	d24a      	bcs.n	8000e9c <cbprintf_package_convert+0x364>
		uint8_t arg_idx = *str_pos++;
 8000e06:	462c      	mov	r4, r5
 8000e08:	f814 ab02 	ldrb.w	sl, [r4], #2
		uint8_t arg_pos = *str_pos++;
 8000e0c:	f895 9001 	ldrb.w	r9, [r5, #1]
		const char *str = *(const char **)&buf32[arg_pos];
 8000e10:	f85b 3029 	ldr.w	r3, [fp, r9, lsl #2]
 8000e14:	4a54      	ldr	r2, [pc, #336]	@ (8000f68 <cbprintf_package_convert+0x430>)
 8000e16:	4293      	cmp	r3, r2
 8000e18:	d3dc      	bcc.n	8000dd4 <cbprintf_package_convert+0x29c>
 8000e1a:	4a54      	ldr	r2, [pc, #336]	@ (8000f6c <cbprintf_package_convert+0x434>)
 8000e1c:	4293      	cmp	r3, r2
 8000e1e:	d301      	bcc.n	8000e24 <cbprintf_package_convert+0x2ec>
 8000e20:	2500      	movs	r5, #0
 8000e22:	e7d8      	b.n	8000dd6 <cbprintf_package_convert+0x29e>
 8000e24:	2501      	movs	r5, #1
 8000e26:	e7d6      	b.n	8000dd6 <cbprintf_package_convert+0x29e>
		    fmt_present && is_ptr(fmt, arg_idx)) {
 8000e28:	4651      	mov	r1, sl
 8000e2a:	6938      	ldr	r0, [r7, #16]
 8000e2c:	f006 f826 	bl	8006e7c <is_ptr>
 8000e30:	2800      	cmp	r0, #0
 8000e32:	d0d2      	beq.n	8000dda <cbprintf_package_convert+0x2a2>
 8000e34:	e7e1      	b.n	8000dfa <cbprintf_package_convert+0x2c2>
			} else if (flags & CBPRINTF_PACKAGE_CONVERT_KEEP_RO_STR) {
 8000e36:	f8d7 3080 	ldr.w	r3, [r7, #128]	@ 0x80
 8000e3a:	f013 0f04 	tst.w	r3, #4
 8000e3e:	d0dc      	beq.n	8000dfa <cbprintf_package_convert+0x2c2>
				keep_str_pos[keep_cnt++] = arg_pos;
 8000e40:	69fa      	ldr	r2, [r7, #28]
 8000e42:	1c53      	adds	r3, r2, #1
 8000e44:	3230      	adds	r2, #48	@ 0x30
 8000e46:	f107 0128 	add.w	r1, r7, #40	@ 0x28
 8000e4a:	440a      	add	r2, r1
 8000e4c:	f802 9c24 	strb.w	r9, [r2, #-36]
 8000e50:	b2db      	uxtb	r3, r3
 8000e52:	61fb      	str	r3, [r7, #28]
 8000e54:	e7d1      	b.n	8000dfa <cbprintf_package_convert+0x2c2>
			if (flags & CBPRINTF_PACKAGE_CONVERT_RW_STR) {
 8000e56:	f8d7 3080 	ldr.w	r3, [r7, #128]	@ 0x80
 8000e5a:	f013 0f02 	tst.w	r3, #2
 8000e5e:	d009      	beq.n	8000e74 <cbprintf_package_convert+0x33c>
				cpy_str_pos[scpy_cnt++] = arg_pos;
 8000e60:	1c73      	adds	r3, r6, #1
 8000e62:	f106 0230 	add.w	r2, r6, #48	@ 0x30
 8000e66:	f107 0128 	add.w	r1, r7, #40	@ 0x28
 8000e6a:	1856      	adds	r6, r2, r1
 8000e6c:	f806 9c14 	strb.w	r9, [r6, #-20]
 8000e70:	b2de      	uxtb	r6, r3
 8000e72:	e7c2      	b.n	8000dfa <cbprintf_package_convert+0x2c2>
				keep_str_pos[keep_cnt++] = arg_idx;
 8000e74:	69f8      	ldr	r0, [r7, #28]
 8000e76:	1c43      	adds	r3, r0, #1
 8000e78:	f100 0130 	add.w	r1, r0, #48	@ 0x30
 8000e7c:	f107 0228 	add.w	r2, r7, #40	@ 0x28
 8000e80:	188a      	adds	r2, r1, r2
 8000e82:	f802 ac24 	strb.w	sl, [r2, #-36]
				keep_str_pos[keep_cnt++] = arg_pos;
 8000e86:	4602      	mov	r2, r0
 8000e88:	3202      	adds	r2, #2
 8000e8a:	b2d2      	uxtb	r2, r2
 8000e8c:	61fa      	str	r2, [r7, #28]
 8000e8e:	f107 0258 	add.w	r2, r7, #88	@ 0x58
 8000e92:	fa52 f383 	uxtab	r3, r2, r3
 8000e96:	f803 9c24 	strb.w	r9, [r3, #-36]
 8000e9a:	e7ae      	b.n	8000dfa <cbprintf_package_convert+0x2c2>
	out_desc.len = in_desc->len;
 8000e9c:	f8d7 9004 	ldr.w	r9, [r7, #4]
 8000ea0:	f89b 3000 	ldrb.w	r3, [fp]
 8000ea4:	f887 3054 	strb.w	r3, [r7, #84]	@ 0x54
	out_desc.str_cnt = in_desc->str_cnt + scpy_cnt;
 8000ea8:	f89b 3001 	ldrb.w	r3, [fp, #1]
 8000eac:	4433      	add	r3, r6
 8000eae:	f887 3055 	strb.w	r3, [r7, #85]	@ 0x55
	out_desc.rw_str_cnt = (flags & CBPRINTF_PACKAGE_CONVERT_RW_STR) ? 0 : (keep_cnt / 2);
 8000eb2:	f8d7 3080 	ldr.w	r3, [r7, #128]	@ 0x80
 8000eb6:	f013 0f02 	tst.w	r3, #2
 8000eba:	d10e      	bne.n	8000eda <cbprintf_package_convert+0x3a2>
 8000ebc:	69fb      	ldr	r3, [r7, #28]
 8000ebe:	f3c3 0347 	ubfx	r3, r3, #1, #8
 8000ec2:	f887 3057 	strb.w	r3, [r7, #87]	@ 0x57
	out_desc.ro_str_cnt = (flags & CBPRINTF_PACKAGE_CONVERT_RO_STR) ? 0 :
 8000ec6:	f8d7 3080 	ldr.w	r3, [r7, #128]	@ 0x80
 8000eca:	f013 0f01 	tst.w	r3, #1
 8000ece:	d106      	bne.n	8000ede <cbprintf_package_convert+0x3a6>
 8000ed0:	f013 0f04 	tst.w	r3, #4
 8000ed4:	d13e      	bne.n	8000f54 <cbprintf_package_convert+0x41c>
 8000ed6:	2300      	movs	r3, #0
 8000ed8:	e002      	b.n	8000ee0 <cbprintf_package_convert+0x3a8>
	out_desc.rw_str_cnt = (flags & CBPRINTF_PACKAGE_CONVERT_RW_STR) ? 0 : (keep_cnt / 2);
 8000eda:	2300      	movs	r3, #0
 8000edc:	e7f1      	b.n	8000ec2 <cbprintf_package_convert+0x38a>
	out_desc.ro_str_cnt = (flags & CBPRINTF_PACKAGE_CONVERT_RO_STR) ? 0 :
 8000ede:	2300      	movs	r3, #0
 8000ee0:	f887 3056 	strb.w	r3, [r7, #86]	@ 0x56
	struct cbprintf_package_desc in_desc_backup = *in_desc;
 8000ee4:	f8db 0000 	ldr.w	r0, [fp]
 8000ee8:	6338      	str	r0, [r7, #48]	@ 0x30
	*in_desc = out_desc;
 8000eea:	6d78      	ldr	r0, [r7, #84]	@ 0x54
 8000eec:	f8cb 0000 	str.w	r0, [fp]
	rv = cb(in_packaged, args_size, ctx);
 8000ef0:	f8d7 8014 	ldr.w	r8, [r7, #20]
 8000ef4:	4642      	mov	r2, r8
 8000ef6:	68b9      	ldr	r1, [r7, #8]
 8000ef8:	4658      	mov	r0, fp
 8000efa:	f8d7 a018 	ldr.w	sl, [r7, #24]
 8000efe:	47d0      	blx	sl
	if (rv < 0) {
 8000f00:	1e04      	subs	r4, r0, #0
 8000f02:	f6ff ae66 	blt.w	8000bd2 <cbprintf_package_convert+0x9a>
	*in_desc = in_desc_backup;
 8000f06:	6b38      	ldr	r0, [r7, #48]	@ 0x30
 8000f08:	f8cb 0000 	str.w	r0, [fp]
	rv = cb(keep_str_pos, keep_cnt, ctx);
 8000f0c:	f8c7 8014 	str.w	r8, [r7, #20]
 8000f10:	4642      	mov	r2, r8
 8000f12:	69f9      	ldr	r1, [r7, #28]
 8000f14:	f107 0034 	add.w	r0, r7, #52	@ 0x34
 8000f18:	47d0      	blx	sl
	if (rv < 0) {
 8000f1a:	2800      	cmp	r0, #0
 8000f1c:	db5f      	blt.n	8000fde <cbprintf_package_convert+0x4a6>
	out_len += rv;
 8000f1e:	eb04 0800 	add.w	r8, r4, r0
	size_t strs_len = in_len - (args_size + ros_nbr + 2 * rws_nbr);
 8000f22:	68b9      	ldr	r1, [r7, #8]
 8000f24:	4449      	add	r1, r9
 8000f26:	6a7b      	ldr	r3, [r7, #36]	@ 0x24
 8000f28:	eb01 0143 	add.w	r1, r1, r3, lsl #1
	rv = cb(str_pos, strs_len, ctx);
 8000f2c:	f8d7 9014 	ldr.w	r9, [r7, #20]
 8000f30:	464a      	mov	r2, r9
 8000f32:	68fb      	ldr	r3, [r7, #12]
 8000f34:	1a59      	subs	r1, r3, r1
 8000f36:	4628      	mov	r0, r5
 8000f38:	47d0      	blx	sl
	if (rv < 0) {
 8000f3a:	1e04      	subs	r4, r0, #0
 8000f3c:	f6ff ae49 	blt.w	8000bd2 <cbprintf_package_convert+0x9a>
	out_len += rv;
 8000f40:	eb08 0504 	add.w	r5, r8, r4
	for (unsigned int i = 0; i < scpy_cnt; i++) {
 8000f44:	f04f 0800 	mov.w	r8, #0
 8000f48:	f8c7 b024 	str.w	fp, [r7, #36]	@ 0x24
 8000f4c:	46b3      	mov	fp, r6
 8000f4e:	4654      	mov	r4, sl
 8000f50:	46ca      	mov	sl, r9
 8000f52:	e022      	b.n	8000f9a <cbprintf_package_convert+0x462>
	out_desc.ro_str_cnt = (flags & CBPRINTF_PACKAGE_CONVERT_RO_STR) ? 0 :
 8000f54:	69fb      	ldr	r3, [r7, #28]
 8000f56:	e7c3      	b.n	8000ee0 <cbprintf_package_convert+0x3a8>
		uint16_t str_len = (strl && (i < strl_len)) ? strl[i] : 0;
 8000f58:	f04f 0900 	mov.w	r9, #0
 8000f5c:	e00a      	b.n	8000f74 <cbprintf_package_convert+0x43c>
 8000f5e:	bf00      	nop
 8000f60:	080096c0 	.word	0x080096c0
 8000f64:	080095ec 	.word	0x080095ec
 8000f68:	08009048 	.word	0x08009048
 8000f6c:	0800ab3c 	.word	0x0800ab3c
 8000f70:	f04f 0900 	mov.w	r9, #0
		rv = cb(&loc, 1, ctx);
 8000f74:	4652      	mov	r2, sl
 8000f76:	2101      	movs	r1, #1
 8000f78:	f107 002c 	add.w	r0, r7, #44	@ 0x2c
 8000f7c:	47a0      	blx	r4
		if (rv < 0) {
 8000f7e:	2800      	cmp	r0, #0
 8000f80:	db2f      	blt.n	8000fe2 <cbprintf_package_convert+0x4aa>
		out_len += rv;
 8000f82:	4405      	add	r5, r0
		rv = append_string(cb, ctx, str, str_len);
 8000f84:	464b      	mov	r3, r9
 8000f86:	4632      	mov	r2, r6
 8000f88:	4651      	mov	r1, sl
 8000f8a:	4620      	mov	r0, r4
 8000f8c:	f005 ff30 	bl	8006df0 <append_string>
		if (rv < 0) {
 8000f90:	2800      	cmp	r0, #0
 8000f92:	db28      	blt.n	8000fe6 <cbprintf_package_convert+0x4ae>
		out_len += rv;
 8000f94:	4405      	add	r5, r0
	for (unsigned int i = 0; i < scpy_cnt; i++) {
 8000f96:	f108 0801 	add.w	r8, r8, #1
 8000f9a:	45d8      	cmp	r8, fp
 8000f9c:	d218      	bcs.n	8000fd0 <cbprintf_package_convert+0x498>
		uint8_t loc = cpy_str_pos[i];
 8000f9e:	f108 0330 	add.w	r3, r8, #48	@ 0x30
 8000fa2:	f107 0228 	add.w	r2, r7, #40	@ 0x28
 8000fa6:	4413      	add	r3, r2
 8000fa8:	f813 3c14 	ldrb.w	r3, [r3, #-20]
 8000fac:	f887 302c 	strb.w	r3, [r7, #44]	@ 0x2c
		const char *str = *(const char **)&buf32[loc];
 8000fb0:	6a7a      	ldr	r2, [r7, #36]	@ 0x24
 8000fb2:	f852 6023 	ldr.w	r6, [r2, r3, lsl #2]
		uint16_t str_len = (strl && (i < strl_len)) ? strl[i] : 0;
 8000fb6:	f8d7 3084 	ldr.w	r3, [r7, #132]	@ 0x84
 8000fba:	2b00      	cmp	r3, #0
 8000fbc:	d0cc      	beq.n	8000f58 <cbprintf_package_convert+0x420>
 8000fbe:	f8d7 3088 	ldr.w	r3, [r7, #136]	@ 0x88
 8000fc2:	4598      	cmp	r8, r3
 8000fc4:	d2d4      	bcs.n	8000f70 <cbprintf_package_convert+0x438>
 8000fc6:	f8d7 3084 	ldr.w	r3, [r7, #132]	@ 0x84
 8000fca:	f833 9018 	ldrh.w	r9, [r3, r8, lsl #1]
 8000fce:	e7d1      	b.n	8000f74 <cbprintf_package_convert+0x43c>
	(void)cb(NULL, 0, ctx);
 8000fd0:	697a      	ldr	r2, [r7, #20]
 8000fd2:	2100      	movs	r1, #0
 8000fd4:	4608      	mov	r0, r1
 8000fd6:	69bb      	ldr	r3, [r7, #24]
 8000fd8:	4798      	blx	r3
	return out_len;
 8000fda:	462c      	mov	r4, r5
 8000fdc:	e5f9      	b.n	8000bd2 <cbprintf_package_convert+0x9a>
		return rv;
 8000fde:	4604      	mov	r4, r0
 8000fe0:	e5f7      	b.n	8000bd2 <cbprintf_package_convert+0x9a>
 8000fe2:	4604      	mov	r4, r0
 8000fe4:	e5f5      	b.n	8000bd2 <cbprintf_package_convert+0x9a>
 8000fe6:	4604      	mov	r4, r0
 8000fe8:	e5f3      	b.n	8000bd2 <cbprintf_package_convert+0x9a>
 8000fea:	bf00      	nop

08000fec <__printk_hook_install>:

static printk_hook_fn_t _char_out = arch_printk_char_out;

void __printk_hook_install(printk_hook_fn_t fn)
{
	_char_out = fn;
 8000fec:	4b01      	ldr	r3, [pc, #4]	@ (8000ff4 <__printk_hook_install+0x8>)
 8000fee:	6018      	str	r0, [r3, #0]
}
 8000ff0:	4770      	bx	lr
 8000ff2:	bf00      	nop
 8000ff4:	200000a8 	.word	0x200000a8

08000ff8 <z_thread_entry>:
 * This routine does not return, and is marked as such so the compiler won't
 * generate preamble code that is only used by functions that actually return.
 */
FUNC_NORETURN void z_thread_entry(k_thread_entry_t entry,
				 void *p1, void *p2, void *p3)
{
 8000ff8:	b580      	push	{r7, lr}
 8000ffa:	4605      	mov	r5, r0
 8000ffc:	460e      	mov	r6, r1
 8000ffe:	4617      	mov	r7, r2
 8001000:	4698      	mov	r8, r3
	if (z_syscall_trap()) {
		return (k_tid_t) arch_syscall_invoke0(K_SYSCALL_K_SCHED_CURRENT_THREAD_QUERY);
	}
#endif
	compiler_barrier();
	return z_impl_k_sched_current_thread_query();
 8001002:	f004 fc81 	bl	8005908 <z_impl_k_sched_current_thread_query>
 8001006:	4603      	mov	r3, r0
 * otherwise lead to reading invalid memory and cause faults during
 * unwinding or debugging.
 */
	ARCH_CFI_UNDEFINED_RETURN_ADDRESS();
#ifdef CONFIG_CURRENT_THREAD_USE_TLS
	z_tls_current = k_sched_current_thread_query();
 8001008:	f001 fcf8 	bl	80029fc <__aeabi_read_tp>
 800100c:	4604      	mov	r4, r0
 800100e:	f8df 9018 	ldr.w	r9, [pc, #24]	@ 8001028 <z_thread_entry+0x30>
 8001012:	f849 3000 	str.w	r3, [r9, r0]

	sys_rand_get((uint8_t *)&stack_guard, sizeof(stack_guard));
	__stack_chk_guard = stack_guard;
	__stack_chk_guard <<= 8;
#endif	/* CONFIG_STACK_CANARIES */
	entry(p1, p2, p3);
 8001016:	4642      	mov	r2, r8
 8001018:	4639      	mov	r1, r7
 800101a:	4630      	mov	r0, r6
 800101c:	47a8      	blx	r5
#ifdef CONFIG_CURRENT_THREAD_USE_TLS

	/* Thread-local cache of current thread ID, set in z_thread_entry() */
	extern Z_THREAD_LOCAL k_tid_t z_tls_current;

	return z_tls_current;
 800101e:	f854 0009 	ldr.w	r0, [r4, r9]
		(void) arch_syscall_invoke1(parm0.x, K_SYSCALL_K_THREAD_ABORT);
		return;
	}
#endif
	compiler_barrier();
	z_impl_k_thread_abort(thread);
 8001022:	f001 fc75 	bl	8002910 <z_impl_k_thread_abort>
	/*
	 * Compiler can't tell that k_thread_abort() won't return and issues a
	 * warning unless we tell it that control never gets this far.
	 */

	CODE_UNREACHABLE; /* LCOV_EXCL_LINE */
 8001026:	bf00      	nop
 8001028:	00000008 	.word	0x00000008

0800102c <st_stm32_common_config>:
  * @rmtoll DBGMCU_CR    DBG_STOP      LL_DBGMCU_DisableDBGStopMode
  * @retval None
  */
__STATIC_INLINE void LL_DBGMCU_DisableDBGStopMode(void)
{
  CLEAR_BIT(DBGMCU->CR, DBGMCU_CR_DBG_STOP);
 800102c:	4a03      	ldr	r2, [pc, #12]	@ (800103c <st_stm32_common_config+0x10>)
 800102e:	6853      	ldr	r3, [r2, #4]
 8001030:	f023 0302 	bic.w	r3, r3, #2
 8001034:	6053      	str	r3, [r2, #4]
#elif defined(LL_APB2_GRP1_PERIPH_DBGMCU)
	LL_APB2_GRP1_DisableClock(LL_APB2_GRP1_PERIPH_DBGMCU);
#endif /* LL_APB1_GRP1_PERIPH_DBGMCU */

	return 0;
}
 8001036:	2000      	movs	r0, #0
 8001038:	4770      	bx	lr
 800103a:	bf00      	nop
 800103c:	e0042000 	.word	0xe0042000

08001040 <stm32_gpioport_pm_action>:
	return 0;
}

static int stm32_gpioport_pm_action(const struct device *dev,
				    enum pm_device_action action)
{
 8001040:	b508      	push	{r3, lr}
 8001042:	460b      	mov	r3, r1
	const struct device *const clk = DEVICE_DT_GET(STM32_CLOCK_CONTROL_NODE);
	const struct gpio_stm32_config *cfg = dev->config;
 8001044:	6841      	ldr	r1, [r0, #4]
	clock_control_subsys_t subsys = (void *)&cfg->pclken;
 8001046:	310c      	adds	r1, #12

	switch (action) {
 8001048:	2b01      	cmp	r3, #1
 800104a:	d014      	beq.n	8001076 <stm32_gpioport_pm_action+0x36>
 800104c:	d80a      	bhi.n	8001064 <stm32_gpioport_pm_action+0x24>
 800104e:	b933      	cbnz	r3, 800105e <stm32_gpioport_pm_action+0x1e>
 * @return 0 on success, negative errno on failure.
 */
static inline int clock_control_off(const struct device *dev,
				    clock_control_subsys_t sys)
{
	const struct clock_control_driver_api *api =
 8001050:	4b0f      	ldr	r3, [pc, #60]	@ (8001090 <stm32_gpioport_pm_action+0x50>)
 8001052:	689b      	ldr	r3, [r3, #8]
		(const struct clock_control_driver_api *)dev->api;

	if (api->off == NULL) {
 8001054:	685b      	ldr	r3, [r3, #4]
 8001056:	b1c3      	cbz	r3, 800108a <stm32_gpioport_pm_action+0x4a>
		return -ENOSYS;
	}

	return api->off(dev, sys);
 8001058:	480d      	ldr	r0, [pc, #52]	@ (8001090 <stm32_gpioport_pm_action+0x50>)
 800105a:	4798      	blx	r3
 800105c:	e007      	b.n	800106e <stm32_gpioport_pm_action+0x2e>
 800105e:	f06f 0085 	mvn.w	r0, #133	@ 0x85
 8001062:	e004      	b.n	800106e <stm32_gpioport_pm_action+0x2e>
 8001064:	3b02      	subs	r3, #2
 8001066:	b2db      	uxtb	r3, r3
 8001068:	2b01      	cmp	r3, #1
 800106a:	d801      	bhi.n	8001070 <stm32_gpioport_pm_action+0x30>
		break;
	default:
		return -ENOTSUP;
	}

	return 0;
 800106c:	2000      	movs	r0, #0
}
 800106e:	bd08      	pop	{r3, pc}
	switch (action) {
 8001070:	f06f 0085 	mvn.w	r0, #133	@ 0x85
 8001074:	e7fb      	b.n	800106e <stm32_gpioport_pm_action+0x2e>
	const struct clock_control_driver_api *api =
 8001076:	4b06      	ldr	r3, [pc, #24]	@ (8001090 <stm32_gpioport_pm_action+0x50>)
 8001078:	689b      	ldr	r3, [r3, #8]
	if (api->on == NULL) {
 800107a:	681b      	ldr	r3, [r3, #0]
 800107c:	b113      	cbz	r3, 8001084 <stm32_gpioport_pm_action+0x44>
	return api->on(dev, sys);
 800107e:	4804      	ldr	r0, [pc, #16]	@ (8001090 <stm32_gpioport_pm_action+0x50>)
 8001080:	4798      	blx	r3
 8001082:	e7f4      	b.n	800106e <stm32_gpioport_pm_action+0x2e>
		return -ENOSYS;
 8001084:	f06f 0057 	mvn.w	r0, #87	@ 0x57
 8001088:	e7f1      	b.n	800106e <stm32_gpioport_pm_action+0x2e>
		return -ENOSYS;
 800108a:	f06f 0057 	mvn.w	r0, #87	@ 0x57
 800108e:	e7ee      	b.n	800106e <stm32_gpioport_pm_action+0x2e>
 8001090:	08009100 	.word	0x08009100

08001094 <stm32_gpioport_init>:

__maybe_unused static int stm32_gpioport_init(const struct device *dev)
{
 8001094:	b508      	push	{r3, lr}
	LL_PWR_EnableVddIO2();
#endif
	z_stm32_hsem_unlock(CFG_HW_RCC_SEMID);
#endif

	return pm_device_driver_init(dev, stm32_gpioport_pm_action);
 8001096:	4902      	ldr	r1, [pc, #8]	@ (80010a0 <stm32_gpioport_init+0xc>)
 8001098:	f006 fa32 	bl	8007500 <pm_device_driver_init>
}
 800109c:	bd08      	pop	{r3, pc}
 800109e:	bf00      	nop
 80010a0:	08001041 	.word	0x08001041

080010a4 <stm32_gpioport_get>:
{
 80010a4:	b510      	push	{r4, lr}
	if (port_index >= ARRAY_SIZE(gpio_ports)) {
 80010a6:	2819      	cmp	r0, #25
 80010a8:	d808      	bhi.n	80010bc <stm32_gpioport_get+0x18>
	dev = gpio_ports[port_index];
 80010aa:	4b06      	ldr	r3, [pc, #24]	@ (80010c4 <stm32_gpioport_get+0x20>)
 80010ac:	f853 4020 	ldr.w	r4, [r3, r0, lsl #2]
		union { uintptr_t x; const struct device * val; } parm0 = { .val = dev };
		return (bool) arch_syscall_invoke1(parm0.x, K_SYSCALL_DEVICE_IS_READY);
	}
#endif
	compiler_barrier();
	return z_impl_device_is_ready(dev);
 80010b0:	4620      	mov	r0, r4
 80010b2:	f007 fdb3 	bl	8008c1c <z_impl_device_is_ready>
	return device_is_ready(dev) ? dev : NULL;
 80010b6:	b118      	cbz	r0, 80010c0 <stm32_gpioport_get+0x1c>
}
 80010b8:	4620      	mov	r0, r4
 80010ba:	bd10      	pop	{r4, pc}
		return NULL;
 80010bc:	2400      	movs	r4, #0
 80010be:	e7fb      	b.n	80010b8 <stm32_gpioport_get+0x14>
	return device_is_ready(dev) ? dev : NULL;
 80010c0:	2400      	movs	r4, #0
 80010c2:	e7f9      	b.n	80010b8 <stm32_gpioport_get+0x14>
 80010c4:	0800a59c 	.word	0x0800a59c

080010c8 <stm32_backup_domain_enable_access>:
 */
__STATIC_FORCEINLINE uint32_t __get_BASEPRI(void)
{
  uint32_t result;

  __ASM volatile ("MRS %0, basepri" : "=r" (result) );
 80010c8:	f3ef 8211 	mrs	r2, BASEPRI
           or the new value increases the BASEPRI priority level.
  \param [in]    basePri  Base Priority value to set
 */
__STATIC_FORCEINLINE void __set_BASEPRI_MAX(uint32_t basePri)
{
  __ASM volatile ("MSR basepri_max, %0" : : "r" (basePri) : "memory");
 80010cc:	2310      	movs	r3, #16
 80010ce:	f383 8812 	msr	BASEPRI_MAX, r3
           so that all instructions following the ISB are fetched from cache or memory,
           after the instruction has been completed.
 */
__STATIC_FORCEINLINE void __ISB(void)
{
  __ASM volatile ("isb 0xF":::"memory");
 80010d2:	f3bf 8f6f 	isb	sy

void stm32_backup_domain_enable_access(void)
{
	k_spinlock_key_t key = k_spin_lock(&lock);

	if (refcount == 0U) {
 80010d6:	4b0b      	ldr	r3, [pc, #44]	@ (8001104 <stm32_backup_domain_enable_access+0x3c>)
 80010d8:	681b      	ldr	r3, [r3, #0]
 80010da:	b94b      	cbnz	r3, 80010f0 <stm32_backup_domain_enable_access+0x28>
  * @rmtoll CR    DBP       LL_PWR_EnableBkUpAccess
  * @retval None
  */
__STATIC_INLINE void LL_PWR_EnableBkUpAccess(void)
{
  SET_BIT(PWR->CR, PWR_CR_DBP);
 80010dc:	490a      	ldr	r1, [pc, #40]	@ (8001108 <stm32_backup_domain_enable_access+0x40>)
 80010de:	680b      	ldr	r3, [r1, #0]
 80010e0:	f443 7380 	orr.w	r3, r3, #256	@ 0x100
 80010e4:	600b      	str	r3, [r1, #0]
  * @rmtoll CR    DBP       LL_PWR_IsEnabledBkUpAccess
  * @retval State of bit (1 or 0).
  */
__STATIC_INLINE uint32_t LL_PWR_IsEnabledBkUpAccess(void)
{
  return (READ_BIT(PWR->CR, PWR_CR_DBP) == (PWR_CR_DBP));
 80010e6:	4b08      	ldr	r3, [pc, #32]	@ (8001108 <stm32_backup_domain_enable_access+0x40>)
 80010e8:	681b      	ldr	r3, [r3, #0]
		ENABLE_BKUP_ACCESS();
		while (!IS_ENABLED_BKUP_ACCESS()) {
 80010ea:	f413 7f80 	tst.w	r3, #256	@ 0x100
 80010ee:	d0fa      	beq.n	80010e6 <stm32_backup_domain_enable_access+0x1e>
		}
	}
	refcount++;
 80010f0:	4904      	ldr	r1, [pc, #16]	@ (8001104 <stm32_backup_domain_enable_access+0x3c>)
 80010f2:	680b      	ldr	r3, [r1, #0]
 80010f4:	3301      	adds	r3, #1
 80010f6:	600b      	str	r3, [r1, #0]
  __ASM volatile ("MSR basepri, %0" : : "r" (basePri) : "memory");
 80010f8:	f382 8811 	msr	BASEPRI, r2
 80010fc:	f3bf 8f6f 	isb	sy

	k_spin_unlock(&lock, key);
}
 8001100:	4770      	bx	lr
 8001102:	bf00      	nop
 8001104:	2000094c 	.word	0x2000094c
 8001108:	40007000 	.word	0x40007000

0800110c <stm32_backup_domain_disable_access>:

void stm32_backup_domain_disable_access(void)
{
 800110c:	b510      	push	{r4, lr}
  __ASM volatile ("MRS %0, basepri" : "=r" (result) );
 800110e:	f3ef 8411 	mrs	r4, BASEPRI
  __ASM volatile ("MSR basepri_max, %0" : : "r" (basePri) : "memory");
 8001112:	2310      	movs	r3, #16
 8001114:	f383 8812 	msr	BASEPRI_MAX, r3
 8001118:	f3bf 8f6f 	isb	sy
	k_spinlock_key_t key = k_spin_lock(&lock);

	if (refcount == 0U) {
 800111c:	4b14      	ldr	r3, [pc, #80]	@ (8001170 <stm32_backup_domain_disable_access+0x64>)
 800111e:	681b      	ldr	r3, [r3, #0]
 8001120:	b9a3      	cbnz	r3, 800114c <stm32_backup_domain_disable_access+0x40>
/* Included from <atomic.h> */

static inline bool atomic_cas(atomic_t *target, atomic_val_t old_value,
			  atomic_val_t new_value)
{
	return __atomic_compare_exchange_n(target, &old_value, new_value,
 8001122:	4b14      	ldr	r3, [pc, #80]	@ (8001174 <stm32_backup_domain_disable_access+0x68>)
 8001124:	2201      	movs	r2, #1
 8001126:	f3bf 8f5b 	dmb	ish
 800112a:	e853 1f00 	ldrex	r1, [r3]
 800112e:	2900      	cmp	r1, #0
 8001130:	d103      	bne.n	800113a <stm32_backup_domain_disable_access+0x2e>
 8001132:	e843 2000 	strex	r0, r2, [r3]
 8001136:	2800      	cmp	r0, #0
 8001138:	d1f7      	bne.n	800112a <stm32_backup_domain_disable_access+0x1e>
 800113a:	f3bf 8f5b 	dmb	ish
		LOG_WRN_ONCE("Unbalanced backup domain access refcount");
 800113e:	d10b      	bne.n	8001158 <stm32_backup_domain_disable_access+0x4c>
	z_impl_z_log_msg_simple_create_0(source, level, fmt);
 8001140:	4a0d      	ldr	r2, [pc, #52]	@ (8001178 <stm32_backup_domain_disable_access+0x6c>)
 8001142:	2102      	movs	r1, #2
 8001144:	480d      	ldr	r0, [pc, #52]	@ (800117c <stm32_backup_domain_disable_access+0x70>)
 8001146:	f006 fb84 	bl	8007852 <z_impl_z_log_msg_simple_create_0>
 800114a:	e005      	b.n	8001158 <stm32_backup_domain_disable_access+0x4c>
	} else {
		if (refcount == 1U) {
 800114c:	2b01      	cmp	r3, #1
 800114e:	d008      	beq.n	8001162 <stm32_backup_domain_disable_access+0x56>
			DISABLE_BKUP_ACCESS();
		}
		refcount--;
 8001150:	4a07      	ldr	r2, [pc, #28]	@ (8001170 <stm32_backup_domain_disable_access+0x64>)
 8001152:	6813      	ldr	r3, [r2, #0]
 8001154:	3b01      	subs	r3, #1
 8001156:	6013      	str	r3, [r2, #0]
  __ASM volatile ("MSR basepri, %0" : : "r" (basePri) : "memory");
 8001158:	f384 8811 	msr	BASEPRI, r4
 800115c:	f3bf 8f6f 	isb	sy
	}

	k_spin_unlock(&lock, key);
}
 8001160:	bd10      	pop	{r4, pc}
  CLEAR_BIT(PWR->CR, PWR_CR_DBP);
 8001162:	4a07      	ldr	r2, [pc, #28]	@ (8001180 <stm32_backup_domain_disable_access+0x74>)
 8001164:	6813      	ldr	r3, [r2, #0]
 8001166:	f423 7380 	bic.w	r3, r3, #256	@ 0x100
 800116a:	6013      	str	r3, [r2, #0]
}
 800116c:	e7f0      	b.n	8001150 <stm32_backup_domain_disable_access+0x44>
 800116e:	bf00      	nop
 8001170:	2000094c 	.word	0x2000094c
 8001174:	20000948 	.word	0x20000948
 8001178:	08009804 	.word	0x08009804
 800117c:	08009644 	.word	0x08009644
 8001180:	40007000 	.word	0x40007000

08001184 <soc_early_init_hook>:
  * @rmtoll FLASH_ACR    PRFTEN        LL_FLASH_EnablePrefetch
  * @retval None
  */
__STATIC_INLINE void LL_FLASH_EnablePrefetch(void)
{
  SET_BIT(FLASH->ACR, FLASH_ACR_PRFTEN);
 8001184:	4b08      	ldr	r3, [pc, #32]	@ (80011a8 <soc_early_init_hook+0x24>)
 8001186:	681a      	ldr	r2, [r3, #0]
 8001188:	f442 7280 	orr.w	r2, r2, #256	@ 0x100
 800118c:	601a      	str	r2, [r3, #0]
  * @rmtoll FLASH_ACR    ICEN          LL_FLASH_EnableInstCache
  * @retval None
  */
__STATIC_INLINE void LL_FLASH_EnableInstCache(void)
{
  SET_BIT(FLASH->ACR, FLASH_ACR_ICEN);
 800118e:	681a      	ldr	r2, [r3, #0]
 8001190:	f442 7200 	orr.w	r2, r2, #512	@ 0x200
 8001194:	601a      	str	r2, [r3, #0]
  * @rmtoll FLASH_ACR    DCEN          LL_FLASH_EnableDataCache
  * @retval None
  */
__STATIC_INLINE void LL_FLASH_EnableDataCache(void)
{
  SET_BIT(FLASH->ACR, FLASH_ACR_DCEN);
 8001196:	681a      	ldr	r2, [r3, #0]
 8001198:	f442 6280 	orr.w	r2, r2, #1024	@ 0x400
 800119c:	601a      	str	r2, [r3, #0]
	LL_FLASH_EnableInstCache();
	LL_FLASH_EnableDataCache();

	/* Update CMSIS SystemCoreClock variable (HCLK) */
	/* At reset, system core clock is set to 16 MHz from HSI */
	SystemCoreClock = 16000000;
 800119e:	4b03      	ldr	r3, [pc, #12]	@ (80011ac <soc_early_init_hook+0x28>)
 80011a0:	4a03      	ldr	r2, [pc, #12]	@ (80011b0 <soc_early_init_hook+0x2c>)
 80011a2:	601a      	str	r2, [r3, #0]
#if CONFIG_PM
	stm32_power_init();
#endif
}
 80011a4:	4770      	bx	lr
 80011a6:	bf00      	nop
 80011a8:	40023c00 	.word	0x40023c00
 80011ac:	20000118 	.word	0x20000118
 80011b0:	00f42400 	.word	0x00f42400

080011b4 <msg_process>:
		return true;
	}
}

static void msg_process(union log_msg_generic *msg)
{
 80011b4:	b538      	push	{r3, r4, r5, lr}
 80011b6:	4605      	mov	r5, r0
	STRUCT_SECTION_FOREACH(log_backend, backend) {
 80011b8:	4c0b      	ldr	r4, [pc, #44]	@ (80011e8 <msg_process+0x34>)
 80011ba:	e000      	b.n	80011be <msg_process+0xa>
 80011bc:	3410      	adds	r4, #16
 80011be:	4b0b      	ldr	r3, [pc, #44]	@ (80011ec <msg_process+0x38>)
 80011c0:	429c      	cmp	r4, r3
 80011c2:	d20f      	bcs.n	80011e4 <msg_process+0x30>
 */
static inline bool log_backend_is_active(
				const struct log_backend *const backend)
{
	__ASSERT_NO_MSG(backend != NULL);
	return backend->cb->active;
 80011c4:	6863      	ldr	r3, [r4, #4]
 80011c6:	795b      	ldrb	r3, [r3, #5]
		if (log_backend_is_active(backend) &&
 80011c8:	2b00      	cmp	r3, #0
 80011ca:	d0f7      	beq.n	80011bc <msg_process+0x8>
		    msg_filter_check(backend, msg)) {
 80011cc:	4629      	mov	r1, r5
 80011ce:	4620      	mov	r0, r4
 80011d0:	f006 fa93 	bl	80076fa <msg_filter_check>
		if (log_backend_is_active(backend) &&
 80011d4:	2800      	cmp	r0, #0
 80011d6:	d0f1      	beq.n	80011bc <msg_process+0x8>
	backend->api->process(backend, msg);
 80011d8:	6823      	ldr	r3, [r4, #0]
 80011da:	681b      	ldr	r3, [r3, #0]
 80011dc:	4629      	mov	r1, r5
 80011de:	4620      	mov	r0, r4
 80011e0:	4798      	blx	r3
}
 80011e2:	e7eb      	b.n	80011bc <msg_process+0x8>
			log_backend_msg_process(backend, msg);
		}
	}
}
 80011e4:	bd38      	pop	{r3, r4, r5, pc}
 80011e6:	bf00      	nop
 80011e8:	0800965c 	.word	0x0800965c
 80011ec:	0800966c 	.word	0x0800966c

080011f0 <log_backend_notify_all>:
	return mpsc_pbuf_get_max_utilization(&log_buffer, max);
}

static void log_backend_notify_all(enum log_backend_evt event,
				   union log_backend_evt_arg *arg)
{
 80011f0:	b570      	push	{r4, r5, r6, lr}
 80011f2:	4606      	mov	r6, r0
 80011f4:	460d      	mov	r5, r1
	STRUCT_SECTION_FOREACH(log_backend, backend) {
 80011f6:	4c08      	ldr	r4, [pc, #32]	@ (8001218 <log_backend_notify_all+0x28>)
 80011f8:	e000      	b.n	80011fc <log_backend_notify_all+0xc>
 80011fa:	3410      	adds	r4, #16
 80011fc:	4b07      	ldr	r3, [pc, #28]	@ (800121c <log_backend_notify_all+0x2c>)
 80011fe:	429c      	cmp	r4, r3
 8001200:	d208      	bcs.n	8001214 <log_backend_notify_all+0x24>
				      enum log_backend_evt event,
				      union log_backend_evt_arg *arg)
{
	__ASSERT_NO_MSG(backend != NULL);

	if (backend->api->notify) {
 8001202:	6823      	ldr	r3, [r4, #0]
 8001204:	699b      	ldr	r3, [r3, #24]
 8001206:	2b00      	cmp	r3, #0
 8001208:	d0f7      	beq.n	80011fa <log_backend_notify_all+0xa>
		backend->api->notify(backend, event, arg);
 800120a:	462a      	mov	r2, r5
 800120c:	4631      	mov	r1, r6
 800120e:	4620      	mov	r0, r4
 8001210:	4798      	blx	r3
 8001212:	e7f2      	b.n	80011fa <log_backend_notify_all+0xa>
		log_backend_notify(backend, event, arg);
	}
}
 8001214:	bd70      	pop	{r4, r5, r6, pc}
 8001216:	bf00      	nop
 8001218:	0800965c 	.word	0x0800965c
 800121c:	0800966c 	.word	0x0800966c

08001220 <default_lf_get_timestamp>:
{
 8001220:	b508      	push	{r3, lr}
		(void) arch_syscall_invoke1((uintptr_t)&ret64, K_SYSCALL_K_UPTIME_TICKS);
		return (int64_t) ret64;
	}
#endif
	compiler_barrier();
	return z_impl_k_uptime_ticks();
 8001222:	f007 fef9 	bl	8009018 <z_impl_k_uptime_ticks>
 *
 * @return Current uptime in milliseconds.
 */
static inline int64_t k_uptime_get(void)
{
	return k_ticks_to_ms_floor64(k_uptime_ticks());
 8001226:	2200      	movs	r2, #0
 8001228:	1843      	adds	r3, r0, r1
 800122a:	d219      	bcs.n	8001260 <default_lf_get_timestamp+0x40>
 800122c:	4413      	add	r3, r2
 800122e:	4a0d      	ldr	r2, [pc, #52]	@ (8001264 <default_lf_get_timestamp+0x44>)
 8001230:	fba2 ce03 	umull	ip, lr, r2, r3
 8001234:	f02e 0c03 	bic.w	ip, lr, #3
 8001238:	eb0c 0c9e 	add.w	ip, ip, lr, lsr #2
 800123c:	eba3 030c 	sub.w	r3, r3, ip
 8001240:	1ac0      	subs	r0, r0, r3
 8001242:	f161 0100 	sbc.w	r1, r1, #0
 8001246:	f04f 33cc 	mov.w	r3, #3435973836	@ 0xcccccccc
 800124a:	fb00 f303 	mul.w	r3, r0, r3
 800124e:	fb02 3301 	mla	r3, r2, r1, r3
 8001252:	fba0 0202 	umull	r0, r2, r0, r2
 8001256:	4413      	add	r3, r2
 8001258:	0840      	lsrs	r0, r0, #1
}
 800125a:	ea40 70c3 	orr.w	r0, r0, r3, lsl #31
 800125e:	bd08      	pop	{r3, pc}
 8001260:	2201      	movs	r2, #1
 8001262:	e7e3      	b.n	800122c <default_lf_get_timestamp+0xc>
 8001264:	cccccccd 	.word	0xcccccccd

08001268 <activate_foreach_backend>:
{
 8001268:	e92d 41f0 	stmdb	sp!, {r4, r5, r6, r7, r8, lr}
 800126c:	4607      	mov	r7, r0
	uint32_t mask_cpy = mask;
 800126e:	4605      	mov	r5, r0
	while (mask_cpy) {
 8001270:	e00a      	b.n	8001288 <activate_foreach_backend+0x20>
			mask &= ~BIT(i);
 8001272:	ea07 0708 	and.w	r7, r7, r8
			log_backend_enable(backend, backend->cb->ctx, level);
 8001276:	4b14      	ldr	r3, [pc, #80]	@ (80012c8 <activate_foreach_backend+0x60>)
 8001278:	eb03 1306 	add.w	r3, r3, r6, lsl #4
 800127c:	685b      	ldr	r3, [r3, #4]
 800127e:	2204      	movs	r2, #4
 8001280:	6819      	ldr	r1, [r3, #0]
 8001282:	4620      	mov	r0, r4
 8001284:	f006 fa79 	bl	800777a <log_backend_enable>
	while (mask_cpy) {
 8001288:	b1d5      	cbz	r5, 80012c0 <activate_foreach_backend+0x58>
		uint32_t i = __builtin_ctz(mask_cpy);
 800128a:	fa95 f6a5 	rbit	r6, r5
 800128e:	fab6 f686 	clz	r6, r6
	STRUCT_SECTION_GET(log_backend, idx, &backend);
 8001292:	4c0d      	ldr	r4, [pc, #52]	@ (80012c8 <activate_foreach_backend+0x60>)
 8001294:	eb04 1406 	add.w	r4, r4, r6, lsl #4
		mask_cpy &= ~BIT(i);
 8001298:	2301      	movs	r3, #1
 800129a:	40b3      	lsls	r3, r6
 800129c:	ea6f 0803 	mvn.w	r8, r3
 80012a0:	ea25 0503 	bic.w	r5, r5, r3
		if (backend->autostart && (log_backend_is_ready(backend) == 0)) {
 80012a4:	7b23      	ldrb	r3, [r4, #12]
 80012a6:	2b00      	cmp	r3, #0
 80012a8:	d0ee      	beq.n	8001288 <activate_foreach_backend+0x20>
	if (backend->api->is_ready != NULL) {
 80012aa:	0133      	lsls	r3, r6, #4
 80012ac:	4a06      	ldr	r2, [pc, #24]	@ (80012c8 <activate_foreach_backend+0x60>)
 80012ae:	58d3      	ldr	r3, [r2, r3]
 80012b0:	691b      	ldr	r3, [r3, #16]
 80012b2:	2b00      	cmp	r3, #0
 80012b4:	d0dd      	beq.n	8001272 <activate_foreach_backend+0xa>
		return backend->api->is_ready(backend);
 80012b6:	4620      	mov	r0, r4
 80012b8:	4798      	blx	r3
 80012ba:	2800      	cmp	r0, #0
 80012bc:	d1e4      	bne.n	8001288 <activate_foreach_backend+0x20>
 80012be:	e7d8      	b.n	8001272 <activate_foreach_backend+0xa>
}
 80012c0:	4638      	mov	r0, r7
 80012c2:	e8bd 81f0 	ldmia.w	sp!, {r4, r5, r6, r7, r8, pc}
 80012c6:	bf00      	nop
 80012c8:	0800965c 	.word	0x0800965c

080012cc <z_log_init>:
{
 80012cc:	e92d 41f0 	stmdb	sp!, {r4, r5, r6, r7, r8, lr}
 80012d0:	4680      	mov	r8, r0
 80012d2:	460f      	mov	r7, r1
					   __ATOMIC_SEQ_CST);
}

static inline atomic_val_t atomic_add(atomic_t *target, atomic_val_t value)
{
	return __atomic_fetch_add(target, value, __ATOMIC_SEQ_CST);
 80012d4:	4b1f      	ldr	r3, [pc, #124]	@ (8001354 <z_log_init+0x88>)
 80012d6:	f3bf 8f5b 	dmb	ish
 80012da:	e853 5f00 	ldrex	r5, [r3]
 80012de:	1c6a      	adds	r2, r5, #1
 80012e0:	e843 2100 	strex	r1, r2, [r3]
 80012e4:	2900      	cmp	r1, #0
 80012e6:	d1f8      	bne.n	80012da <z_log_init+0xe>
 80012e8:	f3bf 8f5b 	dmb	ish
	if (atomic_inc(&initialized) != 0) {
 80012ec:	bb6d      	cbnz	r5, 800134a <z_log_init+0x7e>
	STRUCT_SECTION_FOREACH(log_backend, backend) {
 80012ee:	4c1a      	ldr	r4, [pc, #104]	@ (8001358 <z_log_init+0x8c>)
	int backend_index = 0;
 80012f0:	2600      	movs	r6, #0
 80012f2:	e007      	b.n	8001304 <z_log_init+0x38>
				log_backend_enable(backend, backend->cb->ctx, level);
 80012f4:	6863      	ldr	r3, [r4, #4]
 80012f6:	2204      	movs	r2, #4
 80012f8:	6819      	ldr	r1, [r3, #0]
 80012fa:	4620      	mov	r0, r4
 80012fc:	f006 fa3d 	bl	800777a <log_backend_enable>
		++backend_index;
 8001300:	3601      	adds	r6, #1
	STRUCT_SECTION_FOREACH(log_backend, backend) {
 8001302:	3410      	adds	r4, #16
 8001304:	4b15      	ldr	r3, [pc, #84]	@ (800135c <z_log_init+0x90>)
 8001306:	429c      	cmp	r4, r3
 8001308:	d211      	bcs.n	800132e <z_log_init+0x62>
		if (backend->autostart) {
 800130a:	7b23      	ldrb	r3, [r4, #12]
 800130c:	2b00      	cmp	r3, #0
 800130e:	d0f7      	beq.n	8001300 <z_log_init+0x34>
			log_backend_init(backend);
 8001310:	4620      	mov	r0, r4
 8001312:	f006 f9e6 	bl	80076e2 <log_backend_init>
	if (backend->api->is_ready != NULL) {
 8001316:	6823      	ldr	r3, [r4, #0]
 8001318:	691b      	ldr	r3, [r3, #16]
 800131a:	2b00      	cmp	r3, #0
 800131c:	d0ea      	beq.n	80012f4 <z_log_init+0x28>
		return backend->api->is_ready(backend);
 800131e:	4620      	mov	r0, r4
 8001320:	4798      	blx	r3
			if (log_backend_is_ready(backend) == 0) {
 8001322:	2800      	cmp	r0, #0
 8001324:	d0e6      	beq.n	80012f4 <z_log_init+0x28>
				mask |= BIT(backend_index);
 8001326:	2301      	movs	r3, #1
 8001328:	40b3      	lsls	r3, r6
 800132a:	431d      	orrs	r5, r3
 800132c:	e7e8      	b.n	8001300 <z_log_init+0x34>
	if (blocking) {
 800132e:	f1b8 0f00 	cmp.w	r8, #0
 8001332:	d00b      	beq.n	800134c <z_log_init+0x80>
		while (mask) {
 8001334:	b155      	cbz	r5, 800134c <z_log_init+0x80>
			mask = activate_foreach_backend(mask);
 8001336:	4628      	mov	r0, r5
 8001338:	f7ff ff96 	bl	8001268 <activate_foreach_backend>
 800133c:	4605      	mov	r5, r0
			if (IS_ENABLED(CONFIG_MULTITHREADING) && can_sleep) {
 800133e:	2f00      	cmp	r7, #0
 8001340:	d0f8      	beq.n	8001334 <z_log_init+0x68>
				k_msleep(10);
 8001342:	200a      	movs	r0, #10
 8001344:	f006 f9db 	bl	80076fe <k_msleep>
 8001348:	e7f4      	b.n	8001334 <z_log_init+0x68>
		return 0;
 800134a:	2500      	movs	r5, #0
}
 800134c:	4628      	mov	r0, r5
 800134e:	e8bd 81f0 	ldmia.w	sp!, {r4, r5, r6, r7, r8, pc}
 8001352:	bf00      	nop
 8001354:	20000964 	.word	0x20000964
 8001358:	0800965c 	.word	0x0800965c
 800135c:	0800966c 	.word	0x0800966c

08001360 <thread_set>:
{
 8001360:	b508      	push	{r3, lr}
	proc_tid = process_tid;
 8001362:	4b06      	ldr	r3, [pc, #24]	@ (800137c <thread_set+0x1c>)
 8001364:	6018      	str	r0, [r3, #0]
	if (CONFIG_LOG_PROCESS_TRIGGER_THRESHOLD &&
 8001366:	b118      	cbz	r0, 8001370 <thread_set+0x10>
	    buffered_cnt >= CONFIG_LOG_PROCESS_TRIGGER_THRESHOLD) {
 8001368:	4b05      	ldr	r3, [pc, #20]	@ (8001380 <thread_set+0x20>)
 800136a:	681b      	ldr	r3, [r3, #0]
	    process_tid &&
 800136c:	2b09      	cmp	r3, #9
 800136e:	dc00      	bgt.n	8001372 <thread_set+0x12>
}
 8001370:	bd08      	pop	{r3, pc}
		(void) arch_syscall_invoke1(parm0.x, K_SYSCALL_K_SEM_GIVE);
		return;
	}
#endif
	compiler_barrier();
	z_impl_k_sem_give(sem);
 8001372:	4804      	ldr	r0, [pc, #16]	@ (8001384 <thread_set+0x24>)
 8001374:	f003 fedc 	bl	8005130 <z_impl_k_sem_give>
}
 8001378:	e7fa      	b.n	8001370 <thread_set+0x10>
 800137a:	bf00      	nop
 800137c:	20000958 	.word	0x20000958
 8001380:	20000960 	.word	0x20000960
 8001384:	20000188 	.word	0x20000188

08001388 <log_process_thread_timer_expiry_fn>:

static void log_process_thread_timer_expiry_fn(struct k_timer *timer)
{
 8001388:	b508      	push	{r3, lr}
	z_impl_k_sem_give(sem);
 800138a:	4802      	ldr	r0, [pc, #8]	@ (8001394 <log_process_thread_timer_expiry_fn+0xc>)
 800138c:	f003 fed0 	bl	8005130 <z_impl_k_sem_give>
	k_sem_give(&log_process_thread_sem);
}
 8001390:	bd08      	pop	{r3, pc}
 8001392:	bf00      	nop
 8001394:	20000188 	.word	0x20000188

08001398 <enable_logger>:

K_KERNEL_STACK_DEFINE(logging_stack, CONFIG_LOG_PROCESS_THREAD_STACK_SIZE);
struct k_thread logging_thread;

static int enable_logger(void)
{
 8001398:	b530      	push	{r4, r5, lr}
 800139a:	b089      	sub	sp, #36	@ 0x24
	if (IS_ENABLED(CONFIG_LOG_PROCESS_THREAD)) {
		k_timer_init(&log_process_thread_timer,
 800139c:	2200      	movs	r2, #0
 800139e:	490f      	ldr	r1, [pc, #60]	@ (80013dc <enable_logger+0x44>)
 80013a0:	480f      	ldr	r0, [pc, #60]	@ (80013e0 <enable_logger+0x48>)
 80013a2:	f007 fe3d 	bl	8009020 <k_timer_init>
	return z_impl_k_thread_create(new_thread, stack, stack_size, entry, p1, p2, p3, prio, options, delay);
 80013a6:	4d0f      	ldr	r5, [pc, #60]	@ (80013e4 <enable_logger+0x4c>)
 80013a8:	2200      	movs	r2, #0
 80013aa:	2300      	movs	r3, #0
 80013ac:	e9cd 2306 	strd	r2, r3, [sp, #24]
 80013b0:	2400      	movs	r4, #0
 80013b2:	9404      	str	r4, [sp, #16]
 80013b4:	230e      	movs	r3, #14
 80013b6:	9303      	str	r3, [sp, #12]
 80013b8:	9402      	str	r4, [sp, #8]
 80013ba:	9401      	str	r4, [sp, #4]
 80013bc:	9400      	str	r4, [sp, #0]
 80013be:	4b0a      	ldr	r3, [pc, #40]	@ (80013e8 <enable_logger+0x50>)
 80013c0:	f44f 7240 	mov.w	r2, #768	@ 0x300
 80013c4:	4909      	ldr	r1, [pc, #36]	@ (80013ec <enable_logger+0x54>)
 80013c6:	4628      	mov	r0, r5
 80013c8:	f007 fc95 	bl	8008cf6 <z_impl_k_thread_create>
	return z_impl_k_thread_name_set(thread, str);
 80013cc:	4908      	ldr	r1, [pc, #32]	@ (80013f0 <enable_logger+0x58>)
 80013ce:	4628      	mov	r0, r5
 80013d0:	f003 ff1a 	bl	8005208 <z_impl_k_thread_name_set>
	} else {
		(void)z_log_init(false, false);
	}

	return 0;
}
 80013d4:	4620      	mov	r0, r4
 80013d6:	b009      	add	sp, #36	@ 0x24
 80013d8:	bd30      	pop	{r4, r5, pc}
 80013da:	bf00      	nop
 80013dc:	08001389 	.word	0x08001389
 80013e0:	20000650 	.word	0x20000650
 80013e4:	20000198 	.word	0x20000198
 80013e8:	08001789 	.word	0x08001789
 80013ec:	20000a80 	.word	0x20000a80
 80013f0:	08009844 	.word	0x08009844

080013f4 <log_format_func_t_get>:
}
 80013f4:	4b01      	ldr	r3, [pc, #4]	@ (80013fc <log_format_func_t_get+0x8>)
 80013f6:	f853 0020 	ldr.w	r0, [r3, r0, lsl #2]
 80013fa:	4770      	bx	lr
 80013fc:	0800a618 	.word	0x0800a618

08001400 <log_set_timestamp_func>:
	if (timestamp_getter == NULL) {
 8001400:	b148      	cbz	r0, 8001416 <log_set_timestamp_func+0x16>
{
 8001402:	b508      	push	{r3, lr}
	timestamp_func = timestamp_getter;
 8001404:	4a05      	ldr	r2, [pc, #20]	@ (800141c <log_set_timestamp_func+0x1c>)
 8001406:	6010      	str	r0, [r2, #0]
	timestamp_freq = freq;
 8001408:	4b05      	ldr	r3, [pc, #20]	@ (8001420 <log_set_timestamp_func+0x20>)
 800140a:	6019      	str	r1, [r3, #0]
		log_output_timestamp_freq_set(freq);
 800140c:	4608      	mov	r0, r1
 800140e:	f000 fd21 	bl	8001e54 <log_output_timestamp_freq_set>
	return 0;
 8001412:	2000      	movs	r0, #0
}
 8001414:	bd08      	pop	{r3, pc}
		return -EINVAL;
 8001416:	f06f 0015 	mvn.w	r0, #21
}
 800141a:	4770      	bx	lr
 800141c:	200000ac 	.word	0x200000ac
 8001420:	20000954 	.word	0x20000954

08001424 <z_log_notify_backend_enabled>:
{
 8001424:	b508      	push	{r3, lr}
	if (IS_ENABLED(CONFIG_LOG_PROCESS_THREAD) && !backend_attached) {
 8001426:	4b05      	ldr	r3, [pc, #20]	@ (800143c <z_log_notify_backend_enabled+0x18>)
 8001428:	781b      	ldrb	r3, [r3, #0]
 800142a:	b11b      	cbz	r3, 8001434 <z_log_notify_backend_enabled+0x10>
	backend_attached = true;
 800142c:	4b03      	ldr	r3, [pc, #12]	@ (800143c <z_log_notify_backend_enabled+0x18>)
 800142e:	2201      	movs	r2, #1
 8001430:	701a      	strb	r2, [r3, #0]
}
 8001432:	bd08      	pop	{r3, pc}
	z_impl_k_sem_give(sem);
 8001434:	4802      	ldr	r0, [pc, #8]	@ (8001440 <z_log_notify_backend_enabled+0x1c>)
 8001436:	f003 fe7b 	bl	8005130 <z_impl_k_sem_give>
}
 800143a:	e7f7      	b.n	800142c <z_log_notify_backend_enabled+0x8>
 800143c:	20000a74 	.word	0x20000a74
 8001440:	20000188 	.word	0x20000188

08001444 <z_log_dropped>:
{
 8001444:	b508      	push	{r3, lr}
 8001446:	4b10      	ldr	r3, [pc, #64]	@ (8001488 <z_log_dropped+0x44>)
 8001448:	f3bf 8f5b 	dmb	ish
 800144c:	e853 1f00 	ldrex	r1, [r3]
 8001450:	3101      	adds	r1, #1
 8001452:	e843 1200 	strex	r2, r1, [r3]
 8001456:	2a00      	cmp	r2, #0
 8001458:	d1f8      	bne.n	800144c <z_log_dropped+0x8>
 800145a:	f3bf 8f5b 	dmb	ish
	if (buffered) {
 800145e:	b930      	cbnz	r0, 800146e <z_log_dropped+0x2a>
	z_impl_k_timer_stop(timer);
 8001460:	480a      	ldr	r0, [pc, #40]	@ (800148c <z_log_dropped+0x48>)
 8001462:	f004 fdc1 	bl	8005fe8 <z_impl_k_timer_stop>
	z_impl_k_sem_give(sem);
 8001466:	480a      	ldr	r0, [pc, #40]	@ (8001490 <z_log_dropped+0x4c>)
 8001468:	f003 fe62 	bl	8005130 <z_impl_k_sem_give>
}
 800146c:	bd08      	pop	{r3, pc}
}

static inline atomic_val_t atomic_sub(atomic_t *target, atomic_val_t value)
{
	return __atomic_fetch_sub(target, value, __ATOMIC_SEQ_CST);
 800146e:	4b09      	ldr	r3, [pc, #36]	@ (8001494 <z_log_dropped+0x50>)
 8001470:	f3bf 8f5b 	dmb	ish
 8001474:	e853 1f00 	ldrex	r1, [r3]
 8001478:	3901      	subs	r1, #1
 800147a:	e843 1200 	strex	r2, r1, [r3]
 800147e:	2a00      	cmp	r2, #0
 8001480:	d1f8      	bne.n	8001474 <z_log_dropped+0x30>
 8001482:	f3bf 8f5b 	dmb	ish
	return atomic_add(target, 1);
}

static inline atomic_val_t atomic_dec(atomic_t *target)
{
	return atomic_sub(target, 1);
 8001486:	e7eb      	b.n	8001460 <z_log_dropped+0x1c>
 8001488:	2000095c 	.word	0x2000095c
 800148c:	20000650 	.word	0x20000650
 8001490:	20000188 	.word	0x20000188
 8001494:	20000960 	.word	0x20000960

08001498 <z_log_dropped_read_and_clear>:
{
	/* This builtin, as described by Intel, is not a traditional
	 * test-and-set operation, but rather an atomic exchange operation. It
	 * writes value into *ptr, and returns the previous contents of *ptr.
	 */
	return __atomic_exchange_n(target, value, __ATOMIC_SEQ_CST);
 8001498:	4b06      	ldr	r3, [pc, #24]	@ (80014b4 <z_log_dropped_read_and_clear+0x1c>)
}
 800149a:	2200      	movs	r2, #0
 800149c:	f3bf 8f5b 	dmb	ish
 80014a0:	e853 0f00 	ldrex	r0, [r3]
 80014a4:	e843 2100 	strex	r1, r2, [r3]
 80014a8:	2900      	cmp	r1, #0
 80014aa:	d1f9      	bne.n	80014a0 <z_log_dropped_read_and_clear+0x8>
 80014ac:	f3bf 8f5b 	dmb	ish
 80014b0:	4770      	bx	lr
 80014b2:	bf00      	nop
 80014b4:	2000095c 	.word	0x2000095c

080014b8 <dropped_notify>:
{
 80014b8:	b538      	push	{r3, r4, r5, lr}
	uint32_t dropped = z_log_dropped_read_and_clear();
 80014ba:	f7ff ffed 	bl	8001498 <z_log_dropped_read_and_clear>
 80014be:	4605      	mov	r5, r0
	STRUCT_SECTION_FOREACH(log_backend, backend) {
 80014c0:	4c09      	ldr	r4, [pc, #36]	@ (80014e8 <dropped_notify+0x30>)
 80014c2:	e000      	b.n	80014c6 <dropped_notify+0xe>
 80014c4:	3410      	adds	r4, #16
 80014c6:	4b09      	ldr	r3, [pc, #36]	@ (80014ec <dropped_notify+0x34>)
 80014c8:	429c      	cmp	r4, r3
 80014ca:	d20b      	bcs.n	80014e4 <dropped_notify+0x2c>
	return backend->cb->active;
 80014cc:	6863      	ldr	r3, [r4, #4]
 80014ce:	795b      	ldrb	r3, [r3, #5]
		if (log_backend_is_active(backend)) {
 80014d0:	2b00      	cmp	r3, #0
 80014d2:	d0f7      	beq.n	80014c4 <dropped_notify+0xc>
	if (backend->api->dropped != NULL) {
 80014d4:	6823      	ldr	r3, [r4, #0]
 80014d6:	685b      	ldr	r3, [r3, #4]
 80014d8:	2b00      	cmp	r3, #0
 80014da:	d0f3      	beq.n	80014c4 <dropped_notify+0xc>
		backend->api->dropped(backend, cnt);
 80014dc:	4629      	mov	r1, r5
 80014de:	4620      	mov	r0, r4
 80014e0:	4798      	blx	r3
 80014e2:	e7ef      	b.n	80014c4 <dropped_notify+0xc>
}
 80014e4:	bd38      	pop	{r3, r4, r5, pc}
 80014e6:	bf00      	nop
 80014e8:	0800965c 	.word	0x0800965c
 80014ec:	0800966c 	.word	0x0800966c

080014f0 <z_log_dropped_pending>:
	return dropped_cnt > 0;
 80014f0:	4b03      	ldr	r3, [pc, #12]	@ (8001500 <z_log_dropped_pending+0x10>)
 80014f2:	6818      	ldr	r0, [r3, #0]
}
 80014f4:	2800      	cmp	r0, #0
 80014f6:	bfd4      	ite	le
 80014f8:	2000      	movle	r0, #0
 80014fa:	2001      	movgt	r0, #1
 80014fc:	4770      	bx	lr
 80014fe:	bf00      	nop
 8001500:	2000095c 	.word	0x2000095c

08001504 <z_log_msg_init>:
{
 8001504:	b510      	push	{r4, lr}
	mpsc_pbuf_init(&log_buffer, &mpsc_config);
 8001506:	4c04      	ldr	r4, [pc, #16]	@ (8001518 <z_log_msg_init+0x14>)
 8001508:	4904      	ldr	r1, [pc, #16]	@ (800151c <z_log_msg_init+0x18>)
 800150a:	4620      	mov	r0, r4
 800150c:	f005 fe46 	bl	800719c <mpsc_pbuf_init>
	curr_log_buffer = &log_buffer;
 8001510:	4b03      	ldr	r3, [pc, #12]	@ (8001520 <z_log_msg_init+0x1c>)
 8001512:	601c      	str	r4, [r3, #0]
}
 8001514:	bd10      	pop	{r4, pc}
 8001516:	bf00      	nop
 8001518:	2000014c 	.word	0x2000014c
 800151c:	0800a604 	.word	0x0800a604
 8001520:	20000950 	.word	0x20000950

08001524 <log_core_init>:
{
 8001524:	b508      	push	{r3, lr}
	panic_mode = false;
 8001526:	2300      	movs	r3, #0
 8001528:	4a0c      	ldr	r2, [pc, #48]	@ (800155c <log_core_init+0x38>)
 800152a:	7013      	strb	r3, [r2, #0]
	dropped_cnt = 0;
 800152c:	4a0c      	ldr	r2, [pc, #48]	@ (8001560 <log_core_init+0x3c>)
 800152e:	6013      	str	r3, [r2, #0]
	buffered_cnt = 0;
 8001530:	4a0c      	ldr	r2, [pc, #48]	@ (8001564 <log_core_init+0x40>)
 8001532:	6013      	str	r3, [r2, #0]
		log_set_timestamp_func(default_lf_get_timestamp, 1000U);
 8001534:	f44f 717a 	mov.w	r1, #1000	@ 0x3e8
 8001538:	480b      	ldr	r0, [pc, #44]	@ (8001568 <log_core_init+0x44>)
 800153a:	f7ff ff61 	bl	8001400 <log_set_timestamp_func>
		z_log_msg_init();
 800153e:	f7ff ffe1 	bl	8001504 <z_log_msg_init>
	STRUCT_SECTION_FOREACH(log_backend, backend) {
 8001542:	4a0a      	ldr	r2, [pc, #40]	@ (800156c <log_core_init+0x48>)
 8001544:	e006      	b.n	8001554 <log_core_init+0x30>
		id += backend - log_backend_get(0);
 8001546:	4b09      	ldr	r3, [pc, #36]	@ (800156c <log_core_init+0x48>)
 8001548:	1ad3      	subs	r3, r2, r3
 800154a:	111b      	asrs	r3, r3, #4
 800154c:	3301      	adds	r3, #1
	backend->cb->id = id;
 800154e:	6851      	ldr	r1, [r2, #4]
 8001550:	710b      	strb	r3, [r1, #4]
	STRUCT_SECTION_FOREACH(log_backend, backend) {
 8001552:	3210      	adds	r2, #16
 8001554:	4b06      	ldr	r3, [pc, #24]	@ (8001570 <log_core_init+0x4c>)
 8001556:	429a      	cmp	r2, r3
 8001558:	d3f5      	bcc.n	8001546 <log_core_init+0x22>
}
 800155a:	bd08      	pop	{r3, pc}
 800155c:	20000a75 	.word	0x20000a75
 8001560:	2000095c 	.word	0x2000095c
 8001564:	20000960 	.word	0x20000960
 8001568:	08001221 	.word	0x08001221
 800156c:	0800965c 	.word	0x0800965c
 8001570:	0800966c 	.word	0x0800966c

08001574 <z_log_msg_alloc>:
{
 8001574:	b508      	push	{r3, lr}
 8001576:	4601      	mov	r1, r0
	return msg_alloc(&log_buffer, wlen);
 8001578:	4801      	ldr	r0, [pc, #4]	@ (8001580 <z_log_msg_alloc+0xc>)
 800157a:	f006 f8d0 	bl	800771e <msg_alloc>
}
 800157e:	bd08      	pop	{r3, pc}
 8001580:	2000014c 	.word	0x2000014c

08001584 <z_log_msg_local_claim>:
{
 8001584:	b508      	push	{r3, lr}
	return (union log_msg_generic *)mpsc_pbuf_claim(&log_buffer);
 8001586:	4802      	ldr	r0, [pc, #8]	@ (8001590 <z_log_msg_local_claim+0xc>)
 8001588:	f005 feeb 	bl	8007362 <mpsc_pbuf_claim>
}
 800158c:	bd08      	pop	{r3, pc}
 800158e:	bf00      	nop
 8001590:	2000014c 	.word	0x2000014c

08001594 <z_log_msg_free>:
{
 8001594:	b508      	push	{r3, lr}
 8001596:	4601      	mov	r1, r0
	msg_free(curr_log_buffer, msg);
 8001598:	4b02      	ldr	r3, [pc, #8]	@ (80015a4 <z_log_msg_free+0x10>)
 800159a:	6818      	ldr	r0, [r3, #0]
 800159c:	f006 f8c5 	bl	800772a <msg_free>
}
 80015a0:	bd08      	pop	{r3, pc}
 80015a2:	bf00      	nop
 80015a4:	20000950 	.word	0x20000950

080015a8 <z_log_msg_pending>:
{
 80015a8:	b508      	push	{r3, lr}
		return msg_pending(&log_buffer);
 80015aa:	4802      	ldr	r0, [pc, #8]	@ (80015b4 <z_log_msg_pending+0xc>)
 80015ac:	f006 f8c1 	bl	8007732 <msg_pending>
}
 80015b0:	bd08      	pop	{r3, pc}
 80015b2:	bf00      	nop
 80015b4:	2000014c 	.word	0x2000014c

080015b8 <z_impl_log_process>:
{
 80015b8:	b510      	push	{r4, lr}
 80015ba:	b082      	sub	sp, #8
	k_timeout_t backoff = K_NO_WAIT;
 80015bc:	2200      	movs	r2, #0
 80015be:	2300      	movs	r3, #0
 80015c0:	e9cd 2300 	strd	r2, r3, [sp]
	if (!backend_attached) {
 80015c4:	4b30      	ldr	r3, [pc, #192]	@ (8001688 <z_impl_log_process+0xd0>)
 80015c6:	7818      	ldrb	r0, [r3, #0]
 80015c8:	b908      	cbnz	r0, 80015ce <z_impl_log_process+0x16>
}
 80015ca:	b002      	add	sp, #8
 80015cc:	bd10      	pop	{r4, pc}
	msg = z_log_msg_claim(&backoff);
 80015ce:	4668      	mov	r0, sp
 80015d0:	f006 f8c7 	bl	8007762 <z_log_msg_claim>
	if (msg) {
 80015d4:	4604      	mov	r4, r0
 80015d6:	b180      	cbz	r0, 80015fa <z_impl_log_process+0x42>
		msg_process(msg);
 80015d8:	f7ff fdec 	bl	80011b4 <msg_process>
		z_log_msg_free(msg);
 80015dc:	4620      	mov	r0, r4
 80015de:	f7ff ffd9 	bl	8001594 <z_log_msg_free>
	return __atomic_fetch_sub(target, value, __ATOMIC_SEQ_CST);
 80015e2:	4b2a      	ldr	r3, [pc, #168]	@ (800168c <z_impl_log_process+0xd4>)
 80015e4:	f3bf 8f5b 	dmb	ish
 80015e8:	e853 1f00 	ldrex	r1, [r3]
 80015ec:	3901      	subs	r1, #1
 80015ee:	e843 1200 	strex	r2, r1, [r3]
 80015f2:	2a00      	cmp	r2, #0
 80015f4:	d1f8      	bne.n	80015e8 <z_impl_log_process+0x30>
 80015f6:	f3bf 8f5b 	dmb	ish
		bool dropped_pend = z_log_dropped_pending();
 80015fa:	f7ff ff79 	bl	80014f0 <z_log_dropped_pending>
		if ((dropped_pend || unordered_pend) &&
 80015fe:	b970      	cbnz	r0, 800161e <z_impl_log_process+0x66>
		last_failure_report += CONFIG_LOG_FAILURE_REPORT_PERIOD;
 8001600:	4a23      	ldr	r2, [pc, #140]	@ (8001690 <z_impl_log_process+0xd8>)
 8001602:	6813      	ldr	r3, [r2, #0]
 8001604:	6851      	ldr	r1, [r2, #4]
 8001606:	f513 737a 	adds.w	r3, r3, #1000	@ 0x3e8
 800160a:	f141 0100 	adc.w	r1, r1, #0
 800160e:	6013      	str	r3, [r2, #0]
 8001610:	6051      	str	r1, [r2, #4]
	return msg != NULL && z_log_msg_pending();
 8001612:	b3a4      	cbz	r4, 800167e <z_impl_log_process+0xc6>
 8001614:	f7ff ffc8 	bl	80015a8 <z_log_msg_pending>
 8001618:	b398      	cbz	r0, 8001682 <z_impl_log_process+0xca>
 800161a:	2001      	movs	r0, #1
 800161c:	e7d5      	b.n	80015ca <z_impl_log_process+0x12>
	return z_impl_k_uptime_ticks();
 800161e:	f007 fcfb 	bl	8009018 <z_impl_k_uptime_ticks>
 8001622:	2200      	movs	r2, #0
 8001624:	1843      	adds	r3, r0, r1
 8001626:	d228      	bcs.n	800167a <z_impl_log_process+0xc2>
 8001628:	4413      	add	r3, r2
 800162a:	4a1a      	ldr	r2, [pc, #104]	@ (8001694 <z_impl_log_process+0xdc>)
 800162c:	fba2 ce03 	umull	ip, lr, r2, r3
 8001630:	f02e 0c03 	bic.w	ip, lr, #3
 8001634:	eb0c 0c9e 	add.w	ip, ip, lr, lsr #2
 8001638:	eba3 030c 	sub.w	r3, r3, ip
 800163c:	1ac0      	subs	r0, r0, r3
 800163e:	f161 0100 	sbc.w	r1, r1, #0
 8001642:	f04f 33cc 	mov.w	r3, #3435973836	@ 0xcccccccc
 8001646:	fb00 f303 	mul.w	r3, r0, r3
 800164a:	fb02 3301 	mla	r3, r2, r1, r3
 800164e:	fba0 0202 	umull	r0, r2, r0, r2
 8001652:	4413      	add	r3, r2
 8001654:	0840      	lsrs	r0, r0, #1
 8001656:	ea40 70c3 	orr.w	r0, r0, r3, lsl #31
 800165a:	085b      	lsrs	r3, r3, #1
		   (k_uptime_get() - last_failure_report) > CONFIG_LOG_FAILURE_REPORT_PERIOD) {
 800165c:	490c      	ldr	r1, [pc, #48]	@ (8001690 <z_impl_log_process+0xd8>)
 800165e:	680a      	ldr	r2, [r1, #0]
 8001660:	6849      	ldr	r1, [r1, #4]
 8001662:	1a80      	subs	r0, r0, r2
 8001664:	eb63 0301 	sbc.w	r3, r3, r1
		if ((dropped_pend || unordered_pend) &&
 8001668:	f240 32e9 	movw	r2, #1001	@ 0x3e9
 800166c:	4290      	cmp	r0, r2
 800166e:	f173 0300 	sbcs.w	r3, r3, #0
 8001672:	d3c5      	bcc.n	8001600 <z_impl_log_process+0x48>
				dropped_notify();
 8001674:	f7ff ff20 	bl	80014b8 <dropped_notify>
			if (unordered_pend) {
 8001678:	e7c2      	b.n	8001600 <z_impl_log_process+0x48>
 800167a:	2201      	movs	r2, #1
 800167c:	e7d4      	b.n	8001628 <z_impl_log_process+0x70>
	return msg != NULL && z_log_msg_pending();
 800167e:	2000      	movs	r0, #0
 8001680:	e7a3      	b.n	80015ca <z_impl_log_process+0x12>
 8001682:	2000      	movs	r0, #0
 8001684:	e7a1      	b.n	80015ca <z_impl_log_process+0x12>
 8001686:	bf00      	nop
 8001688:	20000a74 	.word	0x20000a74
 800168c:	20000960 	.word	0x20000960
 8001690:	20000648 	.word	0x20000648
 8001694:	cccccccd 	.word	0xcccccccd

08001698 <z_impl_log_panic>:
	if (panic_mode) {
 8001698:	4b0f      	ldr	r3, [pc, #60]	@ (80016d8 <z_impl_log_panic+0x40>)
 800169a:	781b      	ldrb	r3, [r3, #0]
 800169c:	b103      	cbz	r3, 80016a0 <z_impl_log_panic+0x8>
 800169e:	4770      	bx	lr
{
 80016a0:	b510      	push	{r4, lr}
	(void)z_log_init(true, false);
 80016a2:	2100      	movs	r1, #0
 80016a4:	2001      	movs	r0, #1
 80016a6:	f7ff fe11 	bl	80012cc <z_log_init>
	STRUCT_SECTION_FOREACH(log_backend, backend) {
 80016aa:	4c0c      	ldr	r4, [pc, #48]	@ (80016dc <z_impl_log_panic+0x44>)
 80016ac:	e000      	b.n	80016b0 <z_impl_log_panic+0x18>
 80016ae:	3410      	adds	r4, #16
 80016b0:	4b0b      	ldr	r3, [pc, #44]	@ (80016e0 <z_impl_log_panic+0x48>)
 80016b2:	429c      	cmp	r4, r3
 80016b4:	d208      	bcs.n	80016c8 <z_impl_log_panic+0x30>
	return backend->cb->active;
 80016b6:	6863      	ldr	r3, [r4, #4]
 80016b8:	795b      	ldrb	r3, [r3, #5]
		if (log_backend_is_active(backend)) {
 80016ba:	2b00      	cmp	r3, #0
 80016bc:	d0f7      	beq.n	80016ae <z_impl_log_panic+0x16>
	backend->api->panic(backend);
 80016be:	6823      	ldr	r3, [r4, #0]
 80016c0:	689b      	ldr	r3, [r3, #8]
 80016c2:	4620      	mov	r0, r4
 80016c4:	4798      	blx	r3
}
 80016c6:	e7f2      	b.n	80016ae <z_impl_log_panic+0x16>
	if (z_syscall_trap()) {
		return (bool) arch_syscall_invoke0(K_SYSCALL_LOG_PROCESS);
	}
#endif
	compiler_barrier();
	return z_impl_log_process();
 80016c8:	f7ff ff76 	bl	80015b8 <z_impl_log_process>
		while (log_process() == true) {
 80016cc:	2800      	cmp	r0, #0
 80016ce:	d1fb      	bne.n	80016c8 <z_impl_log_panic+0x30>
	panic_mode = true;
 80016d0:	4b01      	ldr	r3, [pc, #4]	@ (80016d8 <z_impl_log_panic+0x40>)
 80016d2:	2201      	movs	r2, #1
 80016d4:	701a      	strb	r2, [r3, #0]
}
 80016d6:	bd10      	pop	{r4, pc}
 80016d8:	20000a75 	.word	0x20000a75
 80016dc:	0800965c 	.word	0x0800965c
 80016e0:	0800966c 	.word	0x0800966c

080016e4 <z_log_msg_post_finalize>:
{
 80016e4:	b510      	push	{r4, lr}
 80016e6:	b082      	sub	sp, #8
	return __atomic_fetch_add(target, value, __ATOMIC_SEQ_CST);
 80016e8:	4b1a      	ldr	r3, [pc, #104]	@ (8001754 <z_log_msg_post_finalize+0x70>)
 80016ea:	f3bf 8f5b 	dmb	ish
 80016ee:	e853 2f00 	ldrex	r2, [r3]
 80016f2:	1c51      	adds	r1, r2, #1
 80016f4:	e843 1000 	strex	r0, r1, [r3]
 80016f8:	2800      	cmp	r0, #0
 80016fa:	d1f8      	bne.n	80016ee <z_log_msg_post_finalize+0xa>
 80016fc:	f3bf 8f5b 	dmb	ish
	if (panic_mode) {
 8001700:	4b15      	ldr	r3, [pc, #84]	@ (8001758 <z_log_msg_post_finalize+0x74>)
 8001702:	781b      	ldrb	r3, [r3, #0]
 8001704:	b963      	cbnz	r3, 8001720 <z_log_msg_post_finalize+0x3c>
	} else if (proc_tid != NULL) {
 8001706:	4b15      	ldr	r3, [pc, #84]	@ (800175c <z_log_msg_post_finalize+0x78>)
 8001708:	681b      	ldr	r3, [r3, #0]
 800170a:	b1b3      	cbz	r3, 800173a <z_log_msg_post_finalize+0x56>
			if (cnt == 0) {
 800170c:	b1ba      	cbz	r2, 800173e <z_log_msg_post_finalize+0x5a>
			} else if (CONFIG_LOG_PROCESS_TRIGGER_THRESHOLD &&
 800170e:	2a09      	cmp	r2, #9
 8001710:	d113      	bne.n	800173a <z_log_msg_post_finalize+0x56>
	z_impl_k_timer_stop(timer);
 8001712:	4813      	ldr	r0, [pc, #76]	@ (8001760 <z_log_msg_post_finalize+0x7c>)
 8001714:	f004 fc68 	bl	8005fe8 <z_impl_k_timer_stop>
	z_impl_k_sem_give(sem);
 8001718:	4812      	ldr	r0, [pc, #72]	@ (8001764 <z_log_msg_post_finalize+0x80>)
 800171a:	f003 fd09 	bl	8005130 <z_impl_k_sem_give>
}
 800171e:	e00c      	b.n	800173a <z_log_msg_post_finalize+0x56>
  __ASM volatile ("MRS %0, basepri" : "=r" (result) );
 8001720:	f3ef 8411 	mrs	r4, BASEPRI
  __ASM volatile ("MSR basepri_max, %0" : : "r" (basePri) : "memory");
 8001724:	2310      	movs	r3, #16
 8001726:	f383 8812 	msr	BASEPRI_MAX, r3
 800172a:	f3bf 8f6f 	isb	sy
 800172e:	f7ff ff43 	bl	80015b8 <z_impl_log_process>
  __ASM volatile ("MSR basepri, %0" : : "r" (basePri) : "memory");
 8001732:	f384 8811 	msr	BASEPRI, r4
 8001736:	f3bf 8f6f 	isb	sy
 800173a:	b002      	add	sp, #8
 800173c:	bd10      	pop	{r4, pc}
	z_impl_k_timer_start(timer, duration, period);
 800173e:	2200      	movs	r2, #0
 8001740:	2300      	movs	r3, #0
 8001742:	e9cd 2300 	strd	r2, r3, [sp]
 8001746:	f242 7210 	movw	r2, #10000	@ 0x2710
 800174a:	2300      	movs	r3, #0
 800174c:	4804      	ldr	r0, [pc, #16]	@ (8001760 <z_log_msg_post_finalize+0x7c>)
 800174e:	f004 fc11 	bl	8005f74 <z_impl_k_timer_start>
 8001752:	e7f2      	b.n	800173a <z_log_msg_post_finalize+0x56>
 8001754:	20000960 	.word	0x20000960
 8001758:	20000a75 	.word	0x20000a75
 800175c:	20000958 	.word	0x20000958
 8001760:	20000650 	.word	0x20000650
 8001764:	20000188 	.word	0x20000188

08001768 <z_log_msg_commit>:
{
 8001768:	b510      	push	{r4, lr}
 800176a:	4604      	mov	r4, r0
	msg->hdr.timestamp = timestamp_func();
 800176c:	4b04      	ldr	r3, [pc, #16]	@ (8001780 <z_log_msg_commit+0x18>)
 800176e:	681b      	ldr	r3, [r3, #0]
 8001770:	4798      	blx	r3
 8001772:	60a0      	str	r0, [r4, #8]
	msg_commit(&log_buffer, msg);
 8001774:	4621      	mov	r1, r4
 8001776:	4803      	ldr	r0, [pc, #12]	@ (8001784 <z_log_msg_commit+0x1c>)
 8001778:	f005 fff7 	bl	800776a <msg_commit>
}
 800177c:	bd10      	pop	{r4, pc}
 800177e:	bf00      	nop
 8001780:	200000ac 	.word	0x200000ac
 8001784:	2000014c 	.word	0x2000014c

08001788 <log_process_thread_func>:
{
 8001788:	e92d 41f0 	stmdb	sp!, {r4, r5, r6, r7, r8, lr}
	uint32_t activate_mask = z_log_init(false, false);
 800178c:	2100      	movs	r1, #0
 800178e:	4608      	mov	r0, r1
 8001790:	f7ff fd9c 	bl	80012cc <z_log_init>
	k_timeout_t timeout = (activate_mask != 0) ? K_MSEC(50) : K_FOREVER;
 8001794:	4680      	mov	r8, r0
 8001796:	b150      	cbz	r0, 80017ae <log_process_thread_func+0x26>
 8001798:	f44f 76fa 	mov.w	r6, #500	@ 0x1f4
 800179c:	2700      	movs	r7, #0
	return z_tls_current;
 800179e:	f001 f92d 	bl	80029fc <__aeabi_read_tp>
	thread_set(k_current_get());
 80017a2:	4b15      	ldr	r3, [pc, #84]	@ (80017f8 <log_process_thread_func+0x70>)
 80017a4:	5818      	ldr	r0, [r3, r0]
 80017a6:	f7ff fddb 	bl	8001360 <thread_set>
	bool processed_any = false;
 80017aa:	2500      	movs	r5, #0
 80017ac:	e015      	b.n	80017da <log_process_thread_func+0x52>
	k_timeout_t timeout = (activate_mask != 0) ? K_MSEC(50) : K_FOREVER;
 80017ae:	f04f 36ff 	mov.w	r6, #4294967295
 80017b2:	f04f 37ff 	mov.w	r7, #4294967295
 80017b6:	e7f2      	b.n	800179e <log_process_thread_func+0x16>
			activate_mask = activate_foreach_backend(activate_mask);
 80017b8:	4640      	mov	r0, r8
 80017ba:	f7ff fd55 	bl	8001268 <activate_foreach_backend>
			if (!activate_mask) {
 80017be:	4680      	mov	r8, r0
 80017c0:	b970      	cbnz	r0, 80017e0 <log_process_thread_func+0x58>
				timeout = K_FOREVER;
 80017c2:	f04f 36ff 	mov.w	r6, #4294967295
 80017c6:	f04f 37ff 	mov.w	r7, #4294967295
 80017ca:	e009      	b.n	80017e0 <log_process_thread_func+0x58>
 80017cc:	462c      	mov	r4, r5
	return z_impl_k_sem_take(sem, timeout);
 80017ce:	4632      	mov	r2, r6
 80017d0:	463b      	mov	r3, r7
 80017d2:	480a      	ldr	r0, [pc, #40]	@ (80017fc <log_process_thread_func+0x74>)
 80017d4:	f003 fce2 	bl	800519c <z_impl_k_sem_take>
{
 80017d8:	4625      	mov	r5, r4
		if (activate_mask) {
 80017da:	f1b8 0f00 	cmp.w	r8, #0
 80017de:	d1eb      	bne.n	80017b8 <log_process_thread_func+0x30>
 80017e0:	f7ff feea 	bl	80015b8 <z_impl_log_process>
		if (log_process() == false) {
 80017e4:	4604      	mov	r4, r0
 80017e6:	2800      	cmp	r0, #0
 80017e8:	d1f6      	bne.n	80017d8 <log_process_thread_func+0x50>
			if (processed_any) {
 80017ea:	2d00      	cmp	r5, #0
 80017ec:	d0ee      	beq.n	80017cc <log_process_thread_func+0x44>
				log_backend_notify_all(LOG_BACKEND_EVT_PROCESS_THREAD_DONE, NULL);
 80017ee:	2100      	movs	r1, #0
 80017f0:	4608      	mov	r0, r1
 80017f2:	f7ff fcfd 	bl	80011f0 <log_backend_notify_all>
 80017f6:	e7ea      	b.n	80017ce <log_process_thread_func+0x46>
 80017f8:	00000008 	.word	0x00000008
 80017fc:	20000188 	.word	0x20000188

08001800 <log_src_cnt_get>:
	if (z_log_is_local_domain(domain_id)) {
		return z_log_sources_count();
	}

	return link_source_count(domain_id);
}
 8001800:	4802      	ldr	r0, [pc, #8]	@ (800180c <log_src_cnt_get+0xc>)
 8001802:	4b03      	ldr	r3, [pc, #12]	@ (8001810 <log_src_cnt_get+0x10>)
 8001804:	1ac0      	subs	r0, r0, r3
 8001806:	08c0      	lsrs	r0, r0, #3
 8001808:	4770      	bx	lr
 800180a:	bf00      	nop
 800180c:	0800965c 	.word	0x0800965c
 8001810:	080095e4 	.word	0x080095e4

08001814 <log_source_name_get>:

	return (const char *)cached;
}

const char *log_source_name_get(uint32_t domain_id, uint32_t source_id)
{
 8001814:	b510      	push	{r4, lr}
 8001816:	460c      	mov	r4, r1
	if (z_log_is_local_domain(domain_id)) {
		if (IS_ENABLED(CONFIG_LOG_FMT_SECTION_STRIP)) {
			return "unknown";
		}
		if (source_id < log_src_cnt_get(domain_id)) {
 8001818:	f7ff fff2 	bl	8001800 <log_src_cnt_get>
 800181c:	42a0      	cmp	r0, r4
 800181e:	d903      	bls.n	8001828 <log_source_name_get+0x14>
			return TYPE_SECTION_START(log_const)[source_id].name;
 8001820:	4b02      	ldr	r3, [pc, #8]	@ (800182c <log_source_name_get+0x18>)
 8001822:	f853 0034 	ldr.w	r0, [r3, r4, lsl #3]
			return NULL;
		}
	}

	return link_source_name_get(domain_id, source_id);
}
 8001826:	bd10      	pop	{r4, pc}
			return NULL;
 8001828:	2000      	movs	r0, #0
 800182a:	e7fc      	b.n	8001826 <log_source_name_get+0x12>
 800182c:	080095e4 	.word	0x080095e4

08001830 <cbprintf_package_copy>:
					void *packaged,
					size_t len,
					uint32_t flags,
					uint16_t *strl,
					size_t strl_len)
{
 8001830:	b500      	push	{lr}
 8001832:	b089      	sub	sp, #36	@ 0x24
	struct z_cbprintf_buf_desc buf_desc = {
 8001834:	9205      	str	r2, [sp, #20]
 8001836:	9306      	str	r3, [sp, #24]
 8001838:	2300      	movs	r3, #0
 800183a:	9307      	str	r3, [sp, #28]
		.buf = packaged,
		.size = len,
		.off = 0,
	};

	return cbprintf_package_convert(in_packaged, in_len,
 800183c:	b162      	cbz	r2, 8001858 <cbprintf_package_copy+0x28>
 800183e:	4a07      	ldr	r2, [pc, #28]	@ (800185c <cbprintf_package_copy+0x2c>)
 8001840:	9b0c      	ldr	r3, [sp, #48]	@ 0x30
 8001842:	9302      	str	r3, [sp, #8]
 8001844:	9b0b      	ldr	r3, [sp, #44]	@ 0x2c
 8001846:	9301      	str	r3, [sp, #4]
 8001848:	9b0a      	ldr	r3, [sp, #40]	@ 0x28
 800184a:	9300      	str	r3, [sp, #0]
 800184c:	ab05      	add	r3, sp, #20
 800184e:	f7ff f973 	bl	8000b38 <cbprintf_package_convert>
					packaged ? z_cbprintf_cpy : NULL, &buf_desc,
					flags, strl, strl_len);
}
 8001852:	b009      	add	sp, #36	@ 0x24
 8001854:	f85d fb04 	ldr.w	pc, [sp], #4
	return cbprintf_package_convert(in_packaged, in_len,
 8001858:	2200      	movs	r2, #0
 800185a:	e7f1      	b.n	8001840 <cbprintf_package_copy+0x10>
 800185c:	08007791 	.word	0x08007791

08001860 <z_impl_z_log_msg_static_create>:
}

void z_impl_z_log_msg_static_create(const void *source,
			      const struct log_msg_desc desc,
			      uint8_t *package, const void *data)
{
 8001860:	e92d 4ff0 	stmdb	sp!, {r4, r5, r6, r7, r8, r9, sl, fp, lr}
 8001864:	b08b      	sub	sp, #44	@ 0x2c
 8001866:	af04      	add	r7, sp, #16
 8001868:	4605      	mov	r5, r0
 800186a:	461e      	mov	r6, r3

	if (!BACKENDS_IN_USE()) {
		return;
	}

	struct log_msg_desc out_desc = desc;
 800186c:	4688      	mov	r8, r1
	int inlen = desc.package_len;
 800186e:	f3c1 244a 	ubfx	r4, r1, #9, #11
	struct log_msg *msg;

	if (inlen > 0) {
 8001872:	2c00      	cmp	r4, #0
 8001874:	f000 8089 	beq.w	800198a <z_impl_z_log_msg_static_create+0x12a>
 8001878:	4691      	mov	r9, r2
	struct z_cbprintf_buf_desc buf_desc = {
 800187a:	2200      	movs	r2, #0
 800187c:	60fa      	str	r2, [r7, #12]
 800187e:	613a      	str	r2, [r7, #16]
 8001880:	617a      	str	r2, [r7, #20]
	return cbprintf_package_convert(in_packaged, in_len,
 8001882:	2304      	movs	r3, #4
 8001884:	9302      	str	r3, [sp, #8]
 8001886:	18fb      	adds	r3, r7, r3
 8001888:	9301      	str	r3, [sp, #4]
 800188a:	230a      	movs	r3, #10
 800188c:	9300      	str	r3, [sp, #0]
 800188e:	f107 030c 	add.w	r3, r7, #12
 8001892:	4621      	mov	r1, r4
 8001894:	4648      	mov	r0, r9
 8001896:	f7ff f94f 	bl	8000b38 <cbprintf_package_convert>

		len = cbprintf_package_copy(package, inlen,
					    NULL, 0, flags,
					    strl, ARRAY_SIZE(strl));

		if (len > Z_LOG_MSG_MAX_PACKAGE) {
 800189a:	f5b0 6f00 	cmp.w	r0, #2048	@ 0x800
 800189e:	d358      	bcc.n	8001952 <z_impl_z_log_msg_static_create+0xf2>
			struct cbprintf_package_hdr_ext *pkg =
				(struct cbprintf_package_hdr_ext *)package;

			LOG_WRN("Message (\"%s\") dropped because it exceeds size limitation (%u)",
 80018a0:	f8d9 1004 	ldr.w	r1, [r9, #4]
 80018a4:	466d      	mov	r5, sp
 80018a6:	2300      	movs	r3, #0
 80018a8:	733b      	strb	r3, [r7, #12]
 80018aa:	2302      	movs	r3, #2
 80018ac:	737b      	strb	r3, [r7, #13]
 80018ae:	b08a      	sub	sp, #40	@ 0x28
 80018b0:	ac04      	add	r4, sp, #16
 80018b2:	f114 0210 	adds.w	r2, r4, #16
 80018b6:	d017      	beq.n	80018e8 <z_impl_z_log_msg_static_create+0x88>
 80018b8:	2012      	movs	r0, #18
 80018ba:	b11a      	cbz	r2, 80018c4 <z_impl_z_log_msg_static_create+0x64>
 80018bc:	2804      	cmp	r0, #4
 80018be:	dd01      	ble.n	80018c4 <z_impl_z_log_msg_static_create+0x64>
 80018c0:	4b3b      	ldr	r3, [pc, #236]	@ (80019b0 <z_impl_z_log_msg_static_create+0x150>)
 80018c2:	6163      	str	r3, [r4, #20]
 80018c4:	2300      	movs	r3, #0
 80018c6:	703b      	strb	r3, [r7, #0]
 80018c8:	2302      	movs	r3, #2
 80018ca:	707b      	strb	r3, [r7, #1]
 80018cc:	b1ca      	cbz	r2, 8001902 <z_impl_z_log_msg_static_create+0xa2>
 80018ce:	4603      	mov	r3, r0
 80018d0:	2808      	cmp	r0, #8
 80018d2:	dd00      	ble.n	80018d6 <z_impl_z_log_msg_static_create+0x76>
 80018d4:	61a1      	str	r1, [r4, #24]
 80018d6:	2b0c      	cmp	r3, #12
 80018d8:	dd02      	ble.n	80018e0 <z_impl_z_log_msg_static_create+0x80>
 80018da:	f240 73ff 	movw	r3, #2047	@ 0x7ff
 80018de:	61e3      	str	r3, [r4, #28]
 80018e0:	f104 0320 	add.w	r3, r4, #32
 80018e4:	2100      	movs	r1, #0
 80018e6:	e00a      	b.n	80018fe <z_impl_z_log_msg_static_create+0x9e>
 80018e8:	f06f 4000 	mvn.w	r0, #2147483648	@ 0x80000000
 80018ec:	e7e5      	b.n	80018ba <z_impl_z_log_msg_static_create+0x5a>
 80018ee:	f101 0618 	add.w	r6, r1, #24
 80018f2:	443e      	add	r6, r7
 80018f4:	f816 6c18 	ldrb.w	r6, [r6, #-24]
 80018f8:	f803 6b01 	strb.w	r6, [r3], #1
 80018fc:	3101      	adds	r1, #1
 80018fe:	2901      	cmp	r1, #1
 8001900:	d9f5      	bls.n	80018ee <z_impl_z_log_msg_static_create+0x8e>
 8001902:	2811      	cmp	r0, #17
 8001904:	dd22      	ble.n	800194c <z_impl_z_log_msg_static_create+0xec>
 8001906:	2312      	movs	r3, #18
 8001908:	b142      	cbz	r2, 800191c <z_impl_z_log_msg_static_create+0xbc>
 800190a:	2104      	movs	r1, #4
 800190c:	7339      	strb	r1, [r7, #12]
 800190e:	2100      	movs	r1, #0
 8001910:	7379      	strb	r1, [r7, #13]
 8001912:	73b9      	strb	r1, [r7, #14]
 8001914:	2101      	movs	r1, #1
 8001916:	73f9      	strb	r1, [r7, #15]
 8001918:	68f8      	ldr	r0, [r7, #12]
 800191a:	6120      	str	r0, [r4, #16]
 800191c:	2100      	movs	r1, #0
 800191e:	f021 0101 	bic.w	r1, r1, #1
 8001922:	f021 0102 	bic.w	r1, r1, #2
 8001926:	f021 0104 	bic.w	r1, r1, #4
 800192a:	f021 0138 	bic.w	r1, r1, #56	@ 0x38
 800192e:	2002      	movs	r0, #2
 8001930:	f360 1188 	bfi	r1, r0, #6, #3
 8001934:	f3c3 030a 	ubfx	r3, r3, #0, #11
 8001938:	f363 2153 	bfi	r1, r3, #9, #11
 800193c:	2300      	movs	r3, #0
 800193e:	f3c1 0113 	ubfx	r1, r1, #0, #20
 8001942:	481c      	ldr	r0, [pc, #112]	@ (80019b4 <z_impl_z_log_msg_static_create+0x154>)
 8001944:	f005 ffa7 	bl	8007896 <z_log_msg_static_create>
 8001948:	46ad      	mov	sp, r5
				pkg->fmt, (uint32_t)Z_LOG_MSG_MAX_PACKAGE);
			return;
 800194a:	e02d      	b.n	80019a8 <z_impl_z_log_msg_static_create+0x148>
			LOG_WRN("Message (\"%s\") dropped because it exceeds size limitation (%u)",
 800194c:	f06f 031b 	mvn.w	r3, #27
 8001950:	e7da      	b.n	8001908 <z_impl_z_log_msg_static_create+0xa8>
		}
		/* Update package length with calculated value (which may be extended
		 * when strings are copied into the package.
		 */
		out_desc.package_len = len;
 8001952:	f360 2853 	bfi	r8, r0, #9, #11
 *
 * @return Length.
 */
static inline uint32_t log_msg_get_total_wlen(const struct log_msg_desc desc)
{
	return Z_LOG_MSG_ALIGNED_WLEN(desc.package_len, desc.data_len);
 8001956:	f3c0 0a0a 	ubfx	sl, r0, #0, #11
 800195a:	eb0a 5018 	add.w	r0, sl, r8, lsr #20
 800195e:	3017      	adds	r0, #23
 8001960:	f020 0007 	bic.w	r0, r0, #7
		msg = z_log_msg_alloc(log_msg_get_total_wlen(out_desc));
 8001964:	0880      	lsrs	r0, r0, #2
 8001966:	f7ff fe05 	bl	8001574 <z_log_msg_alloc>
		if (msg) {
 800196a:	4683      	mov	fp, r0
 800196c:	b1b0      	cbz	r0, 800199c <z_impl_z_log_msg_static_create+0x13c>
			len = cbprintf_package_copy(package, inlen,
 800196e:	2304      	movs	r3, #4
 8001970:	9302      	str	r3, [sp, #8]
 8001972:	18fb      	adds	r3, r7, r3
 8001974:	9301      	str	r3, [sp, #4]
 8001976:	230a      	movs	r3, #10
 8001978:	9300      	str	r3, [sp, #0]
 800197a:	4653      	mov	r3, sl
 800197c:	f100 0210 	add.w	r2, r0, #16
 8001980:	4621      	mov	r1, r4
 8001982:	4648      	mov	r0, r9
 8001984:	f7ff ff54 	bl	8001830 <cbprintf_package_copy>
						    msg->data, out_desc.package_len,
						    flags, strl, ARRAY_SIZE(strl));
			__ASSERT_NO_MSG(len >= 0);
 8001988:	e008      	b.n	800199c <z_impl_z_log_msg_static_create+0x13c>
 800198a:	eb04 5411 	add.w	r4, r4, r1, lsr #20
 800198e:	3417      	adds	r4, #23
 8001990:	f024 0407 	bic.w	r4, r4, #7
		}
	} else {
		msg = z_log_msg_alloc(log_msg_get_total_wlen(out_desc));
 8001994:	08a0      	lsrs	r0, r4, #2
 8001996:	f7ff fded 	bl	8001574 <z_log_msg_alloc>
 800199a:	4683      	mov	fp, r0
	}

	z_log_msg_finalize(msg, source, out_desc, data);
 800199c:	4633      	mov	r3, r6
 800199e:	4642      	mov	r2, r8
 80019a0:	4629      	mov	r1, r5
 80019a2:	4658      	mov	r0, fp
 80019a4:	f005 ff0d 	bl	80077c2 <z_log_msg_finalize>
}
 80019a8:	371c      	adds	r7, #28
 80019aa:	46bd      	mov	sp, r7
 80019ac:	e8bd 8ff0 	ldmia.w	sp!, {r4, r5, r6, r7, r8, r9, sl, fp, pc}
 80019b0:	0800985c 	.word	0x0800985c
 80019b4:	080095fc 	.word	0x080095fc

080019b8 <z_log_msg_runtime_vcreate>:
#endif

void z_log_msg_runtime_vcreate(uint8_t domain_id, const void *source,
				uint8_t level, const void *data, size_t dlen,
				uint32_t package_flags, const char *fmt, va_list ap)
{
 80019b8:	e92d 4ff0 	stmdb	sp!, {r4, r5, r6, r7, r8, r9, sl, fp, lr}
 80019bc:	b085      	sub	sp, #20
 80019be:	4681      	mov	r9, r0
 80019c0:	460e      	mov	r6, r1
 80019c2:	4690      	mov	r8, r2
 80019c4:	461f      	mov	r7, r3
 80019c6:	f8dd b038 	ldr.w	fp, [sp, #56]	@ 0x38
 80019ca:	f8dd a040 	ldr.w	sl, [sp, #64]	@ 0x40
	int plen;

	if (fmt) {
 80019ce:	f1ba 0f00 	cmp.w	sl, #0
 80019d2:	d041      	beq.n	8001a58 <z_log_msg_runtime_vcreate+0xa0>
		va_list ap2;

		va_copy(ap2, ap);
 80019d4:	9b11      	ldr	r3, [sp, #68]	@ 0x44
 80019d6:	9303      	str	r3, [sp, #12]
		plen = cbvprintf_package(NULL, Z_LOG_MSG_ALIGN_OFFSET,
 80019d8:	9300      	str	r3, [sp, #0]
 80019da:	4653      	mov	r3, sl
 80019dc:	9a0f      	ldr	r2, [sp, #60]	@ 0x3c
 80019de:	2110      	movs	r1, #16
 80019e0:	2000      	movs	r0, #0
 80019e2:	f7fe fe5f 	bl	80006a4 <cbvprintf_package>
 80019e6:	4605      	mov	r5, r0
		va_end(ap2);
	} else {
		plen = 0;
	}

	if (plen > Z_LOG_MSG_MAX_PACKAGE) {
 80019e8:	f5b0 6f00 	cmp.w	r0, #2048	@ 0x800
 80019ec:	d22c      	bcs.n	8001a48 <z_log_msg_runtime_vcreate+0x90>
		LOG_WRN("Message dropped because it exceeds size limitation (%u)",
			(uint32_t)Z_LOG_MSG_MAX_PACKAGE);
		return;
	}

	size_t msg_wlen = Z_LOG_MSG_ALIGNED_WLEN(plen, dlen);
 80019ee:	eb0b 0005 	add.w	r0, fp, r5
 80019f2:	3017      	adds	r0, #23
 80019f4:	f020 0007 	bic.w	r0, r0, #7
 80019f8:	0880      	lsrs	r0, r0, #2
	struct log_msg *msg;
	uint8_t *pkg;
	struct log_msg_desc desc =
 80019fa:	2400      	movs	r4, #0
 80019fc:	f024 0401 	bic.w	r4, r4, #1
 8001a00:	f024 0402 	bic.w	r4, r4, #2
 8001a04:	f024 0404 	bic.w	r4, r4, #4
 8001a08:	f369 04c5 	bfi	r4, r9, #3, #3
 8001a0c:	f368 1488 	bfi	r4, r8, #6, #3
 8001a10:	f365 2453 	bfi	r4, r5, #9, #11
 8001a14:	f36b 541f 	bfi	r4, fp, #20, #12
	if (k_is_user_context()) {
		pkg = alloca(plen);
		msg = NULL;
	} else if (IS_ENABLED(CONFIG_LOG_MODE_DEFERRED) && BACKENDS_IN_USE()) {
		compiler_barrier();
		msg = z_log_msg_alloc(msg_wlen);
 8001a18:	f7ff fdac 	bl	8001574 <z_log_msg_alloc>
		if (IS_ENABLED(CONFIG_LOG_FRONTEND) && msg == NULL) {
			pkg = alloca(plen);
		} else {
			pkg = msg ? msg->data : NULL;
 8001a1c:	4680      	mov	r8, r0
 8001a1e:	b150      	cbz	r0, 8001a36 <z_log_msg_runtime_vcreate+0x7e>
 8001a20:	3010      	adds	r0, #16
		compiler_barrier();
		msg = alloca(msg_wlen * sizeof(int));
		pkg = msg->data;
	}

	if (pkg && fmt) {
 8001a22:	f1ba 0f00 	cmp.w	sl, #0
 8001a26:	d006      	beq.n	8001a36 <z_log_msg_runtime_vcreate+0x7e>
		plen = cbvprintf_package(pkg, (size_t)plen, package_flags, fmt, ap);
 8001a28:	9b11      	ldr	r3, [sp, #68]	@ 0x44
 8001a2a:	9300      	str	r3, [sp, #0]
 8001a2c:	4653      	mov	r3, sl
 8001a2e:	9a0f      	ldr	r2, [sp, #60]	@ 0x3c
 8001a30:	4629      	mov	r1, r5
 8001a32:	f7fe fe37 	bl	80006a4 <cbvprintf_package>
		    frontend_runtime_filtering(source, desc.level)) {
			log_frontend_msg(source, desc, pkg, data);
		}

		if (BACKENDS_IN_USE()) {
			z_log_msg_finalize(msg, source, desc, data);
 8001a36:	463b      	mov	r3, r7
 8001a38:	4622      	mov	r2, r4
 8001a3a:	4631      	mov	r1, r6
 8001a3c:	4640      	mov	r0, r8
 8001a3e:	f005 fec0 	bl	80077c2 <z_log_msg_finalize>
		}
	}
}
 8001a42:	b005      	add	sp, #20
 8001a44:	e8bd 8ff0 	ldmia.w	sp!, {r4, r5, r6, r7, r8, r9, sl, fp, pc}
	z_impl_z_log_msg_simple_create_1(source, level, fmt, arg);
 8001a48:	f240 73ff 	movw	r3, #2047	@ 0x7ff
 8001a4c:	4a03      	ldr	r2, [pc, #12]	@ (8001a5c <z_log_msg_runtime_vcreate+0xa4>)
 8001a4e:	2102      	movs	r1, #2
 8001a50:	4803      	ldr	r0, [pc, #12]	@ (8001a60 <z_log_msg_runtime_vcreate+0xa8>)
 8001a52:	f005 ff08 	bl	8007866 <z_impl_z_log_msg_simple_create_1>
		return;
 8001a56:	e7f4      	b.n	8001a42 <z_log_msg_runtime_vcreate+0x8a>
		plen = 0;
 8001a58:	2500      	movs	r5, #0
 8001a5a:	e7c8      	b.n	80019ee <z_log_msg_runtime_vcreate+0x36>
 8001a5c:	0800989c 	.word	0x0800989c
 8001a60:	080095fc 	.word	0x080095fc

08001a64 <log_msg_get_source_id>:
 *
 * @return Pointer to the source data.
 */
static inline const void *log_msg_get_source(struct log_msg *msg)
{
	return msg->hdr.source;
 8001a64:	6840      	ldr	r0, [r0, #4]
		return (int16_t)(uintptr_t)log_msg_get_source(msg);
	}

	void *source = (void *)log_msg_get_source(msg);

	if (source != NULL) {
 8001a66:	b120      	cbz	r0, 8001a72 <log_msg_get_source_id+0xe>
 * @return Source ID.
 */
static inline uint32_t log_const_source_id(
				const struct log_source_const_data *data)
{
	return ((const uint8_t *)data - (uint8_t *)TYPE_SECTION_START(log_const))/
 8001a68:	4b03      	ldr	r3, [pc, #12]	@ (8001a78 <log_msg_get_source_id+0x14>)
 8001a6a:	1ac0      	subs	r0, r0, r3
		return log_source_id(source);
 8001a6c:	f340 00cf 	sbfx	r0, r0, #3, #16
 8001a70:	4770      	bx	lr
	}

	return -1;
 8001a72:	f04f 30ff 	mov.w	r0, #4294967295
}
 8001a76:	4770      	bx	lr
 8001a78:	080095e4 	.word	0x080095e4

08001a7c <print_formatted>:
	return 0;
}

static int print_formatted(const struct log_output *output,
			   const char *fmt, ...)
{
 8001a7c:	b40e      	push	{r1, r2, r3}
 8001a7e:	b500      	push	{lr}
 8001a80:	b082      	sub	sp, #8
 8001a82:	4601      	mov	r1, r0
 8001a84:	ab03      	add	r3, sp, #12
 8001a86:	f853 2b04 	ldr.w	r2, [r3], #4
	va_list args;
	int length = 0;

	va_start(args, fmt);
 8001a8a:	9301      	str	r3, [sp, #4]
	length = cbvprintf(out_func, (void *)output, fmt, args);
 8001a8c:	4803      	ldr	r0, [pc, #12]	@ (8001a9c <print_formatted+0x20>)
 8001a8e:	f001 f8bd 	bl	8002c0c <cbvprintf>
	va_end(args);

	return length;
}
 8001a92:	b002      	add	sp, #8
 8001a94:	f85d eb04 	ldr.w	lr, [sp], #4
 8001a98:	b003      	add	sp, #12
 8001a9a:	4770      	bx	lr
 8001a9c:	080078cd 	.word	0x080078cd

08001aa0 <timestamp_print>:

static int timestamp_print(const struct log_output *output,
			   uint32_t flags, log_timestamp_t timestamp)
{
 8001aa0:	b510      	push	{r4, lr}
 8001aa2:	b084      	sub	sp, #16
		(flags & LOG_OUTPUT_FLAG_FORMAT_SYSLOG) |
		IS_ENABLED(CONFIG_LOG_OUTPUT_FORMAT_LINUX_TIMESTAMP) |
		IS_ENABLED(CONFIG_LOG_OUTPUT_FORMAT_CUSTOM_TIMESTAMP);


	if (!format) {
 8001aa4:	f011 0f44 	tst.w	r1, #68	@ 0x44
 8001aa8:	d005      	beq.n	8001ab6 <timestamp_print+0x16>
#ifndef CONFIG_LOG_TIMESTAMP_64BIT
		length = print_formatted(output, "[%08lu] ", timestamp);
#else
		length = print_formatted(output, "[%016llu] ", timestamp);
#endif
	} else if (freq != 0U) {
 8001aaa:	4b1a      	ldr	r3, [pc, #104]	@ (8001b14 <timestamp_print+0x74>)
 8001aac:	681b      	ldr	r3, [r3, #0]
 8001aae:	b933      	cbnz	r3, 8001abe <timestamp_print+0x1e>
							"[%02u:%02u:%02u.%03u,%03u] ",
							hours, mins, seconds, ms, us);
			}
		}
	} else {
		length = 0;
 8001ab0:	2000      	movs	r0, #0
	}

	return length;
}
 8001ab2:	b004      	add	sp, #16
 8001ab4:	bd10      	pop	{r4, pc}
		length = print_formatted(output, "[%08lu] ", timestamp);
 8001ab6:	4918      	ldr	r1, [pc, #96]	@ (8001b18 <timestamp_print+0x78>)
 8001ab8:	f7ff ffe0 	bl	8001a7c <print_formatted>
 8001abc:	e7f9      	b.n	8001ab2 <timestamp_print+0x12>
		timestamp /= timestamp_div;
 8001abe:	4917      	ldr	r1, [pc, #92]	@ (8001b1c <timestamp_print+0x7c>)
 8001ac0:	6809      	ldr	r1, [r1, #0]
 8001ac2:	fbb2 f2f1 	udiv	r2, r2, r1
		total_seconds = timestamp / freq;
 8001ac6:	fbb2 fcf3 	udiv	ip, r2, r3
		remainder = timestamp % freq;
 8001aca:	fb03 221c 	mls	r2, r3, ip, r2
		ms = (remainder * 1000U) / freq;
 8001ace:	f44f 7e7a 	mov.w	lr, #1000	@ 0x3e8
 8001ad2:	fb0e f202 	mul.w	r2, lr, r2
 8001ad6:	fbb2 f4f3 	udiv	r4, r2, r3
		us = (1000 * (remainder * 1000U - (ms * freq))) / freq;
 8001ada:	fb03 2114 	mls	r1, r3, r4, r2
 8001ade:	fb0e f101 	mul.w	r1, lr, r1
 8001ae2:	fbb1 f1f3 	udiv	r1, r1, r3
				hours = seconds / 3600U;
 8001ae6:	4a0e      	ldr	r2, [pc, #56]	@ (8001b20 <timestamp_print+0x80>)
 8001ae8:	fba2 320c 	umull	r3, r2, r2, ip
 8001aec:	0ad2      	lsrs	r2, r2, #11
				seconds -= hours * 3600U;
 8001aee:	f44f 6361 	mov.w	r3, #3600	@ 0xe10
 8001af2:	fb03 cc12 	mls	ip, r3, r2, ip
				mins = seconds / 60U;
 8001af6:	4b0b      	ldr	r3, [pc, #44]	@ (8001b24 <timestamp_print+0x84>)
 8001af8:	fba3 e30c 	umull	lr, r3, r3, ip
 8001afc:	095b      	lsrs	r3, r3, #5
				length = print_formatted(output,
 8001afe:	9102      	str	r1, [sp, #8]
 8001b00:	9401      	str	r4, [sp, #4]
 8001b02:	ebc3 1103 	rsb	r1, r3, r3, lsl #4
 8001b06:	ebac 0181 	sub.w	r1, ip, r1, lsl #2
 8001b0a:	9100      	str	r1, [sp, #0]
 8001b0c:	4906      	ldr	r1, [pc, #24]	@ (8001b28 <timestamp_print+0x88>)
 8001b0e:	f7ff ffb5 	bl	8001a7c <print_formatted>
 8001b12:	e7ce      	b.n	8001ab2 <timestamp_print+0x12>
 8001b14:	2000096c 	.word	0x2000096c
 8001b18:	080098d4 	.word	0x080098d4
 8001b1c:	20000968 	.word	0x20000968
 8001b20:	91a2b3c5 	.word	0x91a2b3c5
 8001b24:	88888889 	.word	0x88888889
 8001b28:	080098e0 	.word	0x080098e0

08001b2c <color_print>:

static void color_print(const struct log_output *output,
			bool color, bool start, uint32_t level)
{
	if (color) {
 8001b2c:	b161      	cbz	r1, 8001b48 <color_print+0x1c>
{
 8001b2e:	b508      	push	{r3, lr}
		const char *log_color = start && (colors[level] != NULL) ?
				colors[level] : LOG_COLOR_CODE_DEFAULT;
 8001b30:	b12a      	cbz	r2, 8001b3e <color_print+0x12>
		const char *log_color = start && (colors[level] != NULL) ?
 8001b32:	4a06      	ldr	r2, [pc, #24]	@ (8001b4c <color_print+0x20>)
 8001b34:	f852 2023 	ldr.w	r2, [r2, r3, lsl #2]
 8001b38:	b912      	cbnz	r2, 8001b40 <color_print+0x14>
				colors[level] : LOG_COLOR_CODE_DEFAULT;
 8001b3a:	4a05      	ldr	r2, [pc, #20]	@ (8001b50 <color_print+0x24>)
 8001b3c:	e000      	b.n	8001b40 <color_print+0x14>
 8001b3e:	4a04      	ldr	r2, [pc, #16]	@ (8001b50 <color_print+0x24>)
		print_formatted(output, "%s", log_color);
 8001b40:	4904      	ldr	r1, [pc, #16]	@ (8001b54 <color_print+0x28>)
 8001b42:	f7ff ff9b 	bl	8001a7c <print_formatted>
	}
}
 8001b46:	bd08      	pop	{r3, pc}
 8001b48:	4770      	bx	lr
 8001b4a:	bf00      	nop
 8001b4c:	0800a650 	.word	0x0800a650
 8001b50:	080098fc 	.word	0x080098fc
 8001b54:	08009904 	.word	0x08009904

08001b58 <ids_print>:
		     const char *domain,
		     const char *source,
		     k_tid_t tid,
		     uint8_t core_id,
		     uint32_t level)
{
 8001b58:	e92d 41f0 	stmdb	sp!, {r4, r5, r6, r7, r8, lr}
 8001b5c:	4605      	mov	r5, r0
 8001b5e:	4617      	mov	r7, r2
 8001b60:	9e07      	ldr	r6, [sp, #28]
 8001b62:	f8dd 8020 	ldr.w	r8, [sp, #32]
	int total = 0;

	if (level_on) {
 8001b66:	b981      	cbnz	r1, 8001b8a <ids_print+0x32>
	int total = 0;
 8001b68:	2400      	movs	r4, #0

	if (IS_ENABLED(CONFIG_LOG_CORE_ID_PREFIX) && core_on) {
		total += print_formatted(output, "[core %d] ", core_id);
	}

	if (domain) {
 8001b6a:	b12e      	cbz	r6, 8001b78 <ids_print+0x20>
		total += print_formatted(output, "%s/", domain);
 8001b6c:	4632      	mov	r2, r6
 8001b6e:	4911      	ldr	r1, [pc, #68]	@ (8001bb4 <ids_print+0x5c>)
 8001b70:	4628      	mov	r0, r5
 8001b72:	f7ff ff83 	bl	8001a7c <print_formatted>
 8001b76:	4404      	add	r4, r0
	}

	if (source) {
 8001b78:	f1b8 0f00 	cmp.w	r8, #0
 8001b7c:	d014      	beq.n	8001ba8 <ids_print+0x50>
		total += print_formatted(output,
 8001b7e:	b16f      	cbz	r7, 8001b9c <ids_print+0x44>
				(func_on &&
 8001b80:	9b0b      	ldr	r3, [sp, #44]	@ 0x2c
 8001b82:	2b04      	cmp	r3, #4
 8001b84:	d013      	beq.n	8001bae <ids_print+0x56>
		total += print_formatted(output,
 8001b86:	490c      	ldr	r1, [pc, #48]	@ (8001bb8 <ids_print+0x60>)
 8001b88:	e009      	b.n	8001b9e <ids_print+0x46>
		total += print_formatted(output, "<%s> ", severity[level]);
 8001b8a:	4b0c      	ldr	r3, [pc, #48]	@ (8001bbc <ids_print+0x64>)
 8001b8c:	9a0b      	ldr	r2, [sp, #44]	@ 0x2c
 8001b8e:	f853 2022 	ldr.w	r2, [r3, r2, lsl #2]
 8001b92:	490b      	ldr	r1, [pc, #44]	@ (8001bc0 <ids_print+0x68>)
 8001b94:	f7ff ff72 	bl	8001a7c <print_formatted>
 8001b98:	4604      	mov	r4, r0
 8001b9a:	e7e6      	b.n	8001b6a <ids_print+0x12>
		total += print_formatted(output,
 8001b9c:	4906      	ldr	r1, [pc, #24]	@ (8001bb8 <ids_print+0x60>)
 8001b9e:	4642      	mov	r2, r8
 8001ba0:	4628      	mov	r0, r5
 8001ba2:	f7ff ff6b 	bl	8001a7c <print_formatted>
 8001ba6:	4404      	add	r4, r0
				"%s." : "%s: ",
				source);
	}

	return total;
}
 8001ba8:	4620      	mov	r0, r4
 8001baa:	e8bd 81f0 	ldmia.w	sp!, {r4, r5, r6, r7, r8, pc}
		total += print_formatted(output,
 8001bae:	4905      	ldr	r1, [pc, #20]	@ (8001bc4 <ids_print+0x6c>)
 8001bb0:	e7f5      	b.n	8001b9e <ids_print+0x46>
 8001bb2:	bf00      	nop
 8001bb4:	0800991c 	.word	0x0800991c
 8001bb8:	0800990c 	.word	0x0800990c
 8001bbc:	0800a664 	.word	0x0800a664
 8001bc0:	08009914 	.word	0x08009914
 8001bc4:	08009908 	.word	0x08009908

08001bc8 <prefix_print>:
			     const char *domain,
			     const char *source,
			     k_tid_t tid,
			     uint8_t core_id,
			     uint8_t level)
{
 8001bc8:	e92d 4ff0 	stmdb	sp!, {r4, r5, r6, r7, r8, r9, sl, fp, lr}
 8001bcc:	b089      	sub	sp, #36	@ 0x24
 8001bce:	4605      	mov	r5, r0
 8001bd0:	460c      	mov	r4, r1
 8001bd2:	9206      	str	r2, [sp, #24]
 8001bd4:	9307      	str	r3, [sp, #28]
 8001bd6:	f89d 7058 	ldrb.w	r7, [sp, #88]	@ 0x58
	__ASSERT_NO_MSG(level <= LOG_LEVEL_DBG);
	uint32_t length = 0U;

	bool stamp = flags & LOG_OUTPUT_FLAG_TIMESTAMP;
 8001bda:	f001 0b02 	and.w	fp, r1, #2
	bool colors_on = flags & LOG_OUTPUT_FLAG_COLORS;
 8001bde:	f001 0a01 	and.w	sl, r1, #1
	bool level_on = flags & LOG_OUTPUT_FLAG_LEVEL;
 8001be2:	f3c1 08c0 	ubfx	r8, r1, #3, #1
	bool thread_on = IS_ENABLED(CONFIG_LOG_THREAD_ID_PREFIX) &&
			 (flags & LOG_OUTPUT_FLAG_THREAD);
	bool core_on = IS_ENABLED(CONFIG_LOG_CORE_ID_PREFIX) &&
			 (flags & LOG_OUTPUT_FLAG_CORE);
	bool source_off = flags & LOG_OUTPUT_FLAG_SKIP_SOURCE;
 8001be6:	f401 7980 	and.w	r9, r1, #256	@ 0x100
	const char *tag = IS_ENABLED(CONFIG_LOG) ? z_log_get_tag() : NULL;
 8001bea:	f005 fdc4 	bl	8007776 <z_log_get_tag>
			"<%d>1 ",
			facility * 8 +
			level_to_rfc5424_severity(level));
	}

	if (tag) {
 8001bee:	b338      	cbz	r0, 8001c40 <prefix_print+0x78>
 8001bf0:	4602      	mov	r2, r0
		length += print_formatted(output, "%s ", tag);
 8001bf2:	4918      	ldr	r1, [pc, #96]	@ (8001c54 <prefix_print+0x8c>)
 8001bf4:	4628      	mov	r0, r5
 8001bf6:	f7ff ff41 	bl	8001a7c <print_formatted>
 8001bfa:	4606      	mov	r6, r0
	}

	if (stamp) {
 8001bfc:	f1bb 0f00 	cmp.w	fp, #0
 8001c00:	d120      	bne.n	8001c44 <prefix_print+0x7c>
	if (IS_ENABLED(CONFIG_LOG_BACKEND_NET) &&
	    flags & LOG_OUTPUT_FLAG_FORMAT_SYSLOG) {
		length += syslog_print(output, level_on, func_on, &thread_on, domain,
				       source_off ? NULL : source, tid, level, length);
	} else {
		color_prefix(output, colors_on, level);
 8001c02:	463a      	mov	r2, r7
 8001c04:	4651      	mov	r1, sl
 8001c06:	4628      	mov	r0, r5
 8001c08:	f005 fe8b 	bl	8007922 <color_prefix>
	}

	length += ids_print(output, level_on, func_on, thread_on, core_on, domain,
 8001c0c:	f1b9 0f00 	cmp.w	r9, #0
 8001c10:	d001      	beq.n	8001c16 <prefix_print+0x4e>
 8001c12:	2300      	movs	r3, #0
 8001c14:	9313      	str	r3, [sp, #76]	@ 0x4c
 8001c16:	9705      	str	r7, [sp, #20]
 8001c18:	f89d 3054 	ldrb.w	r3, [sp, #84]	@ 0x54
 8001c1c:	9304      	str	r3, [sp, #16]
 8001c1e:	9b14      	ldr	r3, [sp, #80]	@ 0x50
 8001c20:	9303      	str	r3, [sp, #12]
 8001c22:	9b13      	ldr	r3, [sp, #76]	@ 0x4c
 8001c24:	9302      	str	r3, [sp, #8]
 8001c26:	9b12      	ldr	r3, [sp, #72]	@ 0x48
 8001c28:	9301      	str	r3, [sp, #4]
 8001c2a:	2300      	movs	r3, #0
 8001c2c:	9300      	str	r3, [sp, #0]
 8001c2e:	9a06      	ldr	r2, [sp, #24]
 8001c30:	4641      	mov	r1, r8
 8001c32:	4628      	mov	r0, r5
 8001c34:	f7ff ff90 	bl	8001b58 <ids_print>
			    source_off ? NULL : source, tid, core_id, level);

	return length;
}
 8001c38:	4430      	add	r0, r6
 8001c3a:	b009      	add	sp, #36	@ 0x24
 8001c3c:	e8bd 8ff0 	ldmia.w	sp!, {r4, r5, r6, r7, r8, r9, sl, fp, pc}
	uint32_t length = 0U;
 8001c40:	2600      	movs	r6, #0
 8001c42:	e7db      	b.n	8001bfc <prefix_print+0x34>
		length += timestamp_print(output, flags, timestamp);
 8001c44:	9a07      	ldr	r2, [sp, #28]
 8001c46:	4621      	mov	r1, r4
 8001c48:	4628      	mov	r0, r5
 8001c4a:	f7ff ff29 	bl	8001aa0 <timestamp_print>
 8001c4e:	4406      	add	r6, r0
 8001c50:	e7d7      	b.n	8001c02 <prefix_print+0x3a>
 8001c52:	bf00      	nop
 8001c54:	08009920 	.word	0x08009920

08001c58 <newline_print>:
	if ((flags & LOG_OUTPUT_FLAG_CRLF_NONE) != 0U) {
 8001c58:	f011 0f10 	tst.w	r1, #16
 8001c5c:	d10b      	bne.n	8001c76 <newline_print+0x1e>
{
 8001c5e:	b508      	push	{r3, lr}
	if ((flags & LOG_OUTPUT_FLAG_CRLF_LFONLY) != 0U) {
 8001c60:	f011 0f20 	tst.w	r1, #32
 8001c64:	d003      	beq.n	8001c6e <newline_print+0x16>
		print_formatted(ctx, "\n");
 8001c66:	4904      	ldr	r1, [pc, #16]	@ (8001c78 <newline_print+0x20>)
 8001c68:	f7ff ff08 	bl	8001a7c <print_formatted>
}
 8001c6c:	bd08      	pop	{r3, pc}
		print_formatted(ctx, "\r\n");
 8001c6e:	4903      	ldr	r1, [pc, #12]	@ (8001c7c <newline_print+0x24>)
 8001c70:	f7ff ff04 	bl	8001a7c <print_formatted>
 8001c74:	e7fa      	b.n	8001c6c <newline_print+0x14>
 8001c76:	4770      	bx	lr
 8001c78:	08009924 	.word	0x08009924
 8001c7c:	08009928 	.word	0x08009928

08001c80 <hexdump_line_print>:
{
 8001c80:	e92d 41f0 	stmdb	sp!, {r4, r5, r6, r7, r8, lr}
 8001c84:	4605      	mov	r5, r0
 8001c86:	460f      	mov	r7, r1
 8001c88:	4616      	mov	r6, r2
 8001c8a:	4698      	mov	r8, r3
	newline_print(output, flags);
 8001c8c:	9906      	ldr	r1, [sp, #24]
 8001c8e:	f7ff ffe3 	bl	8001c58 <newline_print>
	for (int i = 0; i < prefix_offset; i++) {
 8001c92:	2400      	movs	r4, #0
 8001c94:	e004      	b.n	8001ca0 <hexdump_line_print+0x20>
		print_formatted(output, " ");
 8001c96:	4925      	ldr	r1, [pc, #148]	@ (8001d2c <hexdump_line_print+0xac>)
 8001c98:	4628      	mov	r0, r5
 8001c9a:	f7ff feef 	bl	8001a7c <print_formatted>
	for (int i = 0; i < prefix_offset; i++) {
 8001c9e:	3401      	adds	r4, #1
 8001ca0:	4544      	cmp	r4, r8
 8001ca2:	dbf8      	blt.n	8001c96 <hexdump_line_print+0x16>
	for (int i = 0; i < HEXDUMP_BYTES_IN_LINE; i++) {
 8001ca4:	2400      	movs	r4, #0
 8001ca6:	e009      	b.n	8001cbc <hexdump_line_print+0x3c>
			print_formatted(output, " ");
 8001ca8:	4920      	ldr	r1, [pc, #128]	@ (8001d2c <hexdump_line_print+0xac>)
 8001caa:	4628      	mov	r0, r5
 8001cac:	f7ff fee6 	bl	8001a7c <print_formatted>
 8001cb0:	e00b      	b.n	8001cca <hexdump_line_print+0x4a>
			print_formatted(output, "   ");
 8001cb2:	491f      	ldr	r1, [pc, #124]	@ (8001d30 <hexdump_line_print+0xb0>)
 8001cb4:	4628      	mov	r0, r5
 8001cb6:	f7ff fee1 	bl	8001a7c <print_formatted>
	for (int i = 0; i < HEXDUMP_BYTES_IN_LINE; i++) {
 8001cba:	3401      	adds	r4, #1
 8001cbc:	2c0f      	cmp	r4, #15
 8001cbe:	dc0c      	bgt.n	8001cda <hexdump_line_print+0x5a>
		if (i > 0 && !(i % 8)) {
 8001cc0:	2c00      	cmp	r4, #0
 8001cc2:	dd02      	ble.n	8001cca <hexdump_line_print+0x4a>
 8001cc4:	f014 0f07 	tst.w	r4, #7
 8001cc8:	d0ee      	beq.n	8001ca8 <hexdump_line_print+0x28>
		if (i < length) {
 8001cca:	42b4      	cmp	r4, r6
 8001ccc:	d2f1      	bcs.n	8001cb2 <hexdump_line_print+0x32>
			print_formatted(output, "%02x ", data[i]);
 8001cce:	5d3a      	ldrb	r2, [r7, r4]
 8001cd0:	4918      	ldr	r1, [pc, #96]	@ (8001d34 <hexdump_line_print+0xb4>)
 8001cd2:	4628      	mov	r0, r5
 8001cd4:	f7ff fed2 	bl	8001a7c <print_formatted>
 8001cd8:	e7ef      	b.n	8001cba <hexdump_line_print+0x3a>
	print_formatted(output, "|");
 8001cda:	4917      	ldr	r1, [pc, #92]	@ (8001d38 <hexdump_line_print+0xb8>)
 8001cdc:	4628      	mov	r0, r5
 8001cde:	f7ff fecd 	bl	8001a7c <print_formatted>
	for (int i = 0; i < HEXDUMP_BYTES_IN_LINE; i++) {
 8001ce2:	2400      	movs	r4, #0
 8001ce4:	e009      	b.n	8001cfa <hexdump_line_print+0x7a>
			print_formatted(output, " ");
 8001ce6:	4911      	ldr	r1, [pc, #68]	@ (8001d2c <hexdump_line_print+0xac>)
 8001ce8:	4628      	mov	r0, r5
 8001cea:	f7ff fec7 	bl	8001a7c <print_formatted>
 8001cee:	e00b      	b.n	8001d08 <hexdump_line_print+0x88>
			print_formatted(output, "%c",
 8001cf0:	4912      	ldr	r1, [pc, #72]	@ (8001d3c <hexdump_line_print+0xbc>)
 8001cf2:	4628      	mov	r0, r5
 8001cf4:	f7ff fec2 	bl	8001a7c <print_formatted>
	for (int i = 0; i < HEXDUMP_BYTES_IN_LINE; i++) {
 8001cf8:	3401      	adds	r4, #1
 8001cfa:	2c0f      	cmp	r4, #15
 8001cfc:	dc13      	bgt.n	8001d26 <hexdump_line_print+0xa6>
		if (i > 0 && !(i % 8)) {
 8001cfe:	2c00      	cmp	r4, #0
 8001d00:	dd02      	ble.n	8001d08 <hexdump_line_print+0x88>
 8001d02:	f014 0f07 	tst.w	r4, #7
 8001d06:	d0ee      	beq.n	8001ce6 <hexdump_line_print+0x66>
		if (i < length) {
 8001d08:	42b4      	cmp	r4, r6
 8001d0a:	d207      	bcs.n	8001d1c <hexdump_line_print+0x9c>
			unsigned char c = (unsigned char)data[i];
 8001d0c:	5d3a      	ldrb	r2, [r7, r4]
			      isprint((int)c) != 0 ? c : '.');
 8001d0e:	4b0c      	ldr	r3, [pc, #48]	@ (8001d40 <hexdump_line_print+0xc0>)
 8001d10:	5c9b      	ldrb	r3, [r3, r2]
			print_formatted(output, "%c",
 8001d12:	f013 0f97 	tst.w	r3, #151	@ 0x97
 8001d16:	d1eb      	bne.n	8001cf0 <hexdump_line_print+0x70>
 8001d18:	222e      	movs	r2, #46	@ 0x2e
 8001d1a:	e7e9      	b.n	8001cf0 <hexdump_line_print+0x70>
			print_formatted(output, " ");
 8001d1c:	4903      	ldr	r1, [pc, #12]	@ (8001d2c <hexdump_line_print+0xac>)
 8001d1e:	4628      	mov	r0, r5
 8001d20:	f7ff feac 	bl	8001a7c <print_formatted>
 8001d24:	e7e8      	b.n	8001cf8 <hexdump_line_print+0x78>
}
 8001d26:	e8bd 81f0 	ldmia.w	sp!, {r4, r5, r6, r7, r8, pc}
 8001d2a:	bf00      	nop
 8001d2c:	0800992c 	.word	0x0800992c
 8001d30:	08009938 	.word	0x08009938
 8001d34:	08009930 	.word	0x08009930
 8001d38:	0800993c 	.word	0x0800993c
 8001d3c:	08009940 	.word	0x08009940
 8001d40:	0800aa3c 	.word	0x0800aa3c

08001d44 <log_output_process>:
			uint8_t level,
			const uint8_t *package,
			const uint8_t *data,
			size_t data_len,
			uint32_t flags)
{
 8001d44:	e92d 41f0 	stmdb	sp!, {r4, r5, r6, r7, r8, lr}
 8001d48:	b086      	sub	sp, #24
 8001d4a:	4604      	mov	r4, r0
 8001d4c:	f89d 5038 	ldrb.w	r5, [sp, #56]	@ 0x38
 8001d50:	9f0f      	ldr	r7, [sp, #60]	@ 0x3c
 8001d52:	9e11      	ldr	r6, [sp, #68]	@ 0x44
	bool raw_string = (level == LOG_LEVEL_INTERNAL_RAW_STRING);
	uint32_t prefix_offset;
	cbprintf_cb cb;

	if (!raw_string) {
 8001d54:	b995      	cbnz	r5, 8001d7c <log_output_process+0x38>
		prefix_offset = 0;
		/* source set to 1 indicates raw string and contrary to printk
		 * case it should not append anything to the output (printk is
		 * appending <CR> to the new line character).
		 */
		cb = ((uintptr_t)source == 1) ? out_func : cr_out_func;
 8001d56:	2b01      	cmp	r3, #1
 8001d58:	d021      	beq.n	8001d9e <log_output_process+0x5a>
 8001d5a:	481a      	ldr	r0, [pc, #104]	@ (8001dc4 <log_output_process+0x80>)
		prefix_offset = 0;
 8001d5c:	f04f 0800 	mov.w	r8, #0
	}

	if (package) {
 8001d60:	b127      	cbz	r7, 8001d6c <log_output_process+0x28>
		return cbpprintf_external(out, cbvprintf_tagged_args,
					  ctx, packaged);
	}
#endif

	return cbpprintf_external(out, cbvprintf, ctx, packaged);
 8001d62:	463b      	mov	r3, r7
 8001d64:	4622      	mov	r2, r4
 8001d66:	4918      	ldr	r1, [pc, #96]	@ (8001dc8 <log_output_process+0x84>)
 8001d68:	f005 f858 	bl	8006e1c <cbpprintf_external>

		(void)err;
		__ASSERT_NO_MSG(err >= 0);
	}

	if (data_len) {
 8001d6c:	b9de      	cbnz	r6, 8001da6 <log_output_process+0x62>
		log_msg_hexdump(output, (uint8_t *)data, data_len, prefix_offset, flags);
	}

	if (!raw_string) {
 8001d6e:	bb1d      	cbnz	r5, 8001db8 <log_output_process+0x74>
		postfix_print(output, flags, level);
	}

	log_output_flush(output);
 8001d70:	4620      	mov	r0, r4
 8001d72:	f005 fd94 	bl	800789e <log_output_flush>
}
 8001d76:	b006      	add	sp, #24
 8001d78:	e8bd 81f0 	ldmia.w	sp!, {r4, r5, r6, r7, r8, pc}
		prefix_offset = prefix_print(output, flags, 0, timestamp,
 8001d7c:	9504      	str	r5, [sp, #16]
 8001d7e:	f89d 0034 	ldrb.w	r0, [sp, #52]	@ 0x34
 8001d82:	9003      	str	r0, [sp, #12]
 8001d84:	980c      	ldr	r0, [sp, #48]	@ 0x30
 8001d86:	9002      	str	r0, [sp, #8]
 8001d88:	9301      	str	r3, [sp, #4]
 8001d8a:	9200      	str	r2, [sp, #0]
 8001d8c:	460b      	mov	r3, r1
 8001d8e:	2200      	movs	r2, #0
 8001d90:	9912      	ldr	r1, [sp, #72]	@ 0x48
 8001d92:	4620      	mov	r0, r4
 8001d94:	f7ff ff18 	bl	8001bc8 <prefix_print>
 8001d98:	4680      	mov	r8, r0
		cb = out_func;
 8001d9a:	480c      	ldr	r0, [pc, #48]	@ (8001dcc <log_output_process+0x88>)
 8001d9c:	e7e0      	b.n	8001d60 <log_output_process+0x1c>
		cb = ((uintptr_t)source == 1) ? out_func : cr_out_func;
 8001d9e:	480b      	ldr	r0, [pc, #44]	@ (8001dcc <log_output_process+0x88>)
		prefix_offset = 0;
 8001da0:	f04f 0800 	mov.w	r8, #0
 8001da4:	e7dc      	b.n	8001d60 <log_output_process+0x1c>
		log_msg_hexdump(output, (uint8_t *)data, data_len, prefix_offset, flags);
 8001da6:	9b12      	ldr	r3, [sp, #72]	@ 0x48
 8001da8:	9300      	str	r3, [sp, #0]
 8001daa:	4643      	mov	r3, r8
 8001dac:	4632      	mov	r2, r6
 8001dae:	9910      	ldr	r1, [sp, #64]	@ 0x40
 8001db0:	4620      	mov	r0, r4
 8001db2:	f005 fdce 	bl	8007952 <log_msg_hexdump>
 8001db6:	e7da      	b.n	8001d6e <log_output_process+0x2a>
		postfix_print(output, flags, level);
 8001db8:	462a      	mov	r2, r5
 8001dba:	9912      	ldr	r1, [sp, #72]	@ 0x48
 8001dbc:	4620      	mov	r0, r4
 8001dbe:	f005 fdbc 	bl	800793a <postfix_print>
 8001dc2:	e7d5      	b.n	8001d70 <log_output_process+0x2c>
 8001dc4:	08007905 	.word	0x08007905
 8001dc8:	08002c0d 	.word	0x08002c0d
 8001dcc:	080078cd 	.word	0x080078cd

08001dd0 <log_output_dropped_process>:
			   log_msg_get_core_id(msg), level,
			   plen > 0 ? package : NULL, data, dlen, flags);
}

void log_output_dropped_process(const struct log_output *output, uint32_t cnt)
{
 8001dd0:	e92d 43f0 	stmdb	sp!, {r4, r5, r6, r7, r8, r9, lr}
 8001dd4:	b083      	sub	sp, #12
 8001dd6:	4606      	mov	r6, r0
	char buf[5];
	int len;
	static const char prefix[] = DROPPED_COLOR_PREFIX "--- ";
	static const char postfix[] =
			" messages dropped ---\r\n" DROPPED_COLOR_POSTFIX;
	log_output_func_t outf = output->func;
 8001dd8:	6805      	ldr	r5, [r0, #0]

	cnt = MIN(cnt, 9999);
	len = snprintk(buf, sizeof(buf), "%d", cnt);
 8001dda:	f242 730f 	movw	r3, #9999	@ 0x270f
 8001dde:	428b      	cmp	r3, r1
 8001de0:	bf28      	it	cs
 8001de2:	460b      	movcs	r3, r1
 8001de4:	4a18      	ldr	r2, [pc, #96]	@ (8001e48 <log_output_dropped_process+0x78>)
 8001de6:	2105      	movs	r1, #5
 8001de8:	4668      	mov	r0, sp
 8001dea:	f004 f9d1 	bl	8006190 <snprintf>
 8001dee:	4604      	mov	r4, r0

	log_output_write(outf, (uint8_t *)prefix, sizeof(prefix) - 1, output->control_block->ctx);
 8001df0:	6873      	ldr	r3, [r6, #4]
 8001df2:	f8d3 9004 	ldr.w	r9, [r3, #4]
 */
static inline void log_output_write(log_output_func_t outf, uint8_t *buf, size_t len, void *ctx)
{
	int processed;

	while (len != 0) {
 8001df6:	270b      	movs	r7, #11
 8001df8:	f8df 8050 	ldr.w	r8, [pc, #80]	@ 8001e4c <log_output_dropped_process+0x7c>
 8001dfc:	e005      	b.n	8001e0a <log_output_dropped_process+0x3a>
		processed = outf(buf, len, ctx);
 8001dfe:	464a      	mov	r2, r9
 8001e00:	4639      	mov	r1, r7
 8001e02:	4640      	mov	r0, r8
 8001e04:	47a8      	blx	r5
		len -= processed;
 8001e06:	1a3f      	subs	r7, r7, r0
		buf += processed;
 8001e08:	4480      	add	r8, r0
	while (len != 0) {
 8001e0a:	2f00      	cmp	r7, #0
 8001e0c:	d1f7      	bne.n	8001dfe <log_output_dropped_process+0x2e>
	log_output_write(outf, buf, len, output->control_block->ctx);
 8001e0e:	6873      	ldr	r3, [r6, #4]
 8001e10:	f8d3 8004 	ldr.w	r8, [r3, #4]
 8001e14:	466f      	mov	r7, sp
 8001e16:	e005      	b.n	8001e24 <log_output_dropped_process+0x54>
		processed = outf(buf, len, ctx);
 8001e18:	4642      	mov	r2, r8
 8001e1a:	4621      	mov	r1, r4
 8001e1c:	4638      	mov	r0, r7
 8001e1e:	47a8      	blx	r5
		len -= processed;
 8001e20:	1a24      	subs	r4, r4, r0
		buf += processed;
 8001e22:	4407      	add	r7, r0
	while (len != 0) {
 8001e24:	2c00      	cmp	r4, #0
 8001e26:	d1f7      	bne.n	8001e18 <log_output_dropped_process+0x48>
	log_output_write(outf, (uint8_t *)postfix, sizeof(postfix) - 1, output->control_block->ctx);
 8001e28:	6873      	ldr	r3, [r6, #4]
 8001e2a:	685f      	ldr	r7, [r3, #4]
 8001e2c:	241b      	movs	r4, #27
 8001e2e:	4e08      	ldr	r6, [pc, #32]	@ (8001e50 <log_output_dropped_process+0x80>)
 8001e30:	e005      	b.n	8001e3e <log_output_dropped_process+0x6e>
		processed = outf(buf, len, ctx);
 8001e32:	463a      	mov	r2, r7
 8001e34:	4621      	mov	r1, r4
 8001e36:	4630      	mov	r0, r6
 8001e38:	47a8      	blx	r5
		len -= processed;
 8001e3a:	1a24      	subs	r4, r4, r0
		buf += processed;
 8001e3c:	4406      	add	r6, r0
	while (len != 0) {
 8001e3e:	2c00      	cmp	r4, #0
 8001e40:	d1f7      	bne.n	8001e32 <log_output_dropped_process+0x62>
}
 8001e42:	b003      	add	sp, #12
 8001e44:	e8bd 83f0 	ldmia.w	sp!, {r4, r5, r6, r7, r8, r9, pc}
 8001e48:	08009a34 	.word	0x08009a34
 8001e4c:	0800a644 	.word	0x0800a644
 8001e50:	0800a628 	.word	0x0800a628

08001e54 <log_output_timestamp_freq_set>:

void log_output_timestamp_freq_set(uint32_t frequency)
{
	timestamp_div = 1U;
 8001e54:	4b07      	ldr	r3, [pc, #28]	@ (8001e74 <log_output_timestamp_freq_set+0x20>)
 8001e56:	2201      	movs	r2, #1
 8001e58:	601a      	str	r2, [r3, #0]
	/* There is no point to have frequency higher than 1MHz (ns are not
	 * printed) and too high frequency leads to overflows in calculations.
	 */
	while (frequency > 1000000) {
 8001e5a:	e004      	b.n	8001e66 <log_output_timestamp_freq_set+0x12>
		frequency /= 2U;
 8001e5c:	0840      	lsrs	r0, r0, #1
		timestamp_div *= 2U;
 8001e5e:	4a05      	ldr	r2, [pc, #20]	@ (8001e74 <log_output_timestamp_freq_set+0x20>)
 8001e60:	6813      	ldr	r3, [r2, #0]
 8001e62:	005b      	lsls	r3, r3, #1
 8001e64:	6013      	str	r3, [r2, #0]
	while (frequency > 1000000) {
 8001e66:	4b04      	ldr	r3, [pc, #16]	@ (8001e78 <log_output_timestamp_freq_set+0x24>)
 8001e68:	4298      	cmp	r0, r3
 8001e6a:	d8f7      	bhi.n	8001e5c <log_output_timestamp_freq_set+0x8>
	}

	freq = frequency;
 8001e6c:	4b03      	ldr	r3, [pc, #12]	@ (8001e7c <log_output_timestamp_freq_set+0x28>)
 8001e6e:	6018      	str	r0, [r3, #0]
}
 8001e70:	4770      	bx	lr
 8001e72:	bf00      	nop
 8001e74:	20000968 	.word	0x20000968
 8001e78:	000f4240 	.word	0x000f4240
 8001e7c:	2000096c 	.word	0x2000096c

08001e80 <char_out>:
		uart_poll_out(uart_dev, c);
	}
}

static int char_out(uint8_t *data, size_t length, void *ctx)
{
 8001e80:	b570      	push	{r4, r5, r6, lr}
 8001e82:	4606      	mov	r6, r0
 8001e84:	460d      	mov	r5, r1
		goto cleanup;
	}

	if (!IS_ENABLED(CONFIG_LOG_BACKEND_UART_ASYNC) || lb_data->in_panic ||
	    !lb_data->use_async) {
		for (size_t i = 0; i < length; i++) {
 8001e86:	2400      	movs	r4, #0
 8001e88:	e005      	b.n	8001e96 <char_out+0x16>
			uart_poll_out(uart_dev, data[i]);
 8001e8a:	5d31      	ldrb	r1, [r6, r4]
#endif
}

static inline void z_impl_uart_poll_out(const struct device *dev, unsigned char out_char)
{
	const struct uart_driver_api *api = (const struct uart_driver_api *)dev->api;
 8001e8c:	4804      	ldr	r0, [pc, #16]	@ (8001ea0 <char_out+0x20>)
 8001e8e:	6883      	ldr	r3, [r0, #8]

	api->poll_out(dev, out_char);
 8001e90:	685b      	ldr	r3, [r3, #4]
 8001e92:	4798      	blx	r3
		for (size_t i = 0; i < length; i++) {
 8001e94:	3401      	adds	r4, #1
 8001e96:	42ac      	cmp	r4, r5
 8001e98:	d3f7      	bcc.n	8001e8a <char_out+0xa>
	 * As errors cannot be returned, ignore the return value
	 */
	(void)pm_device_runtime_put_async(uart_dev, K_MSEC(1));

	return length;
}
 8001e9a:	4628      	mov	r0, r5
 8001e9c:	bd70      	pop	{r4, r5, r6, pc}
 8001e9e:	bf00      	nop
 8001ea0:	08009250 	.word	0x08009250

08001ea4 <mem_attr_get_regions>:
	DT_MEMORY_ATTR_FOREACH_STATUS_OKAY_NODE(_BUILD_MEM_ATTR_REGION)
};

size_t mem_attr_get_regions(const struct mem_attr_region_t **region)
{
	*region = mem_attr_region;
 8001ea4:	4b01      	ldr	r3, [pc, #4]	@ (8001eac <mem_attr_get_regions+0x8>)
 8001ea6:	6003      	str	r3, [r0, #0]

	return ARRAY_SIZE(mem_attr_region);
}
 8001ea8:	2000      	movs	r0, #0
 8001eaa:	4770      	bx	lr
 8001eac:	0800a6ac 	.word	0x0800a6ac

08001eb0 <arch_bss_zero>:
 *
 * This routine clears the BSS region, so all bytes are 0.
 */
__boot_func
void arch_bss_zero(void)
{
 8001eb0:	b508      	push	{r3, lr}
	if (IS_ENABLED(CONFIG_SKIP_BSS_CLEAR)) {
		return;
	}

	arch_early_memset(__bss_start, 0, __bss_end - __bss_start);
 8001eb2:	4803      	ldr	r0, [pc, #12]	@ (8001ec0 <arch_bss_zero+0x10>)
 8001eb4:	4a03      	ldr	r2, [pc, #12]	@ (8001ec4 <arch_bss_zero+0x14>)
 8001eb6:	1a12      	subs	r2, r2, r0
 8001eb8:	2100      	movs	r1, #0
 8001eba:	f005 fddb 	bl	8007a74 <arch_early_memset>
#endif /* CONFIG_COVERAGE_GCOV */
#ifdef CONFIG_NOCACHE_MEMORY
	arch_early_memset(&_nocache_ram_start, 0,
			(uintptr_t) &_nocache_ram_end - (uintptr_t) &_nocache_ram_start);
#endif
}
 8001ebe:	bd08      	pop	{r3, pc}
 8001ec0:	20000198 	.word	0x20000198
 8001ec4:	20000a78 	.word	0x20000a78

08001ec8 <arch_data_copy>:
 * @brief Copy the data section from ROM to RAM
 *
 * This routine copies the data section from ROM to RAM.
 */
void arch_data_copy(void)
{
 8001ec8:	b508      	push	{r3, lr}
	arch_early_memcpy(&__data_region_start, &__data_region_load_start,
		       __data_region_end - __data_region_start);
 8001eca:	4806      	ldr	r0, [pc, #24]	@ (8001ee4 <arch_data_copy+0x1c>)
	arch_early_memcpy(&__data_region_start, &__data_region_load_start,
 8001ecc:	4a06      	ldr	r2, [pc, #24]	@ (8001ee8 <arch_data_copy+0x20>)
 8001ece:	1a12      	subs	r2, r2, r0
 8001ed0:	4906      	ldr	r1, [pc, #24]	@ (8001eec <arch_data_copy+0x24>)
 8001ed2:	f005 fdd3 	bl	8007a7c <arch_early_memcpy>
#ifdef CONFIG_ARCH_HAS_RAMFUNC_SUPPORT
	arch_early_memcpy(&__ramfunc_region_start, &__ramfunc_load_start,
		       __ramfunc_end - __ramfunc_region_start);
 8001ed6:	4806      	ldr	r0, [pc, #24]	@ (8001ef0 <arch_data_copy+0x28>)
	arch_early_memcpy(&__ramfunc_region_start, &__ramfunc_load_start,
 8001ed8:	4a06      	ldr	r2, [pc, #24]	@ (8001ef4 <arch_data_copy+0x2c>)
 8001eda:	1a12      	subs	r2, r2, r0
 8001edc:	4906      	ldr	r1, [pc, #24]	@ (8001ef8 <arch_data_copy+0x30>)
 8001ede:	f005 fdcd 	bl	8007a7c <arch_early_memcpy>
#else
	arch_early_memcpy(&_app_smem_start, &_app_smem_rom_start,
		       _app_smem_end - _app_smem_start);
#endif /* CONFIG_REQUIRES_STACK_CANARIES */
#endif /* CONFIG_USERSPACE */
}
 8001ee2:	bd08      	pop	{r3, pc}
 8001ee4:	20000000 	.word	0x20000000
 8001ee8:	20000198 	.word	0x20000198
 8001eec:	0800ab3c 	.word	0x0800ab3c
 8001ef0:	20000000 	.word	0x20000000
 8001ef4:	20000000 	.word	0x20000000
 8001ef8:	0800ab3c 	.word	0x0800ab3c

08001efc <esf_dump>:

extern void z_arm_unwind_stack(const struct arch_esf *esf);

#ifdef CONFIG_EXCEPTION_DEBUG
static void esf_dump(const struct arch_esf *esf)
{
 8001efc:	e92d 41f0 	stmdb	sp!, {r4, r5, r6, r7, r8, lr}
 8001f00:	b082      	sub	sp, #8
 8001f02:	af00      	add	r7, sp, #0
 8001f04:	4604      	mov	r4, r0
	EXCEPTION_DUMP("r0/a1:  0x%08x  r1/a2:  0x%08x  r2/a3:  0x%08x",
 8001f06:	f8d0 e000 	ldr.w	lr, [r0]
 8001f0a:	f8d0 c004 	ldr.w	ip, [r0, #4]
 8001f0e:	6885      	ldr	r5, [r0, #8]
 8001f10:	466e      	mov	r6, sp
 8001f12:	b08a      	sub	sp, #40	@ 0x28
 8001f14:	466b      	mov	r3, sp
 8001f16:	f113 0210 	adds.w	r2, r3, #16
 8001f1a:	f000 8088 	beq.w	800202e <esf_dump+0x132>
 8001f1e:	2114      	movs	r1, #20
 8001f20:	b18a      	cbz	r2, 8001f46 <esf_dump+0x4a>
 8001f22:	4608      	mov	r0, r1
 8001f24:	2904      	cmp	r1, #4
 8001f26:	dd03      	ble.n	8001f30 <esf_dump+0x34>
 8001f28:	f8df 811c 	ldr.w	r8, [pc, #284]	@ 8002048 <esf_dump+0x14c>
 8001f2c:	f8c3 8014 	str.w	r8, [r3, #20]
 8001f30:	2808      	cmp	r0, #8
 8001f32:	dd01      	ble.n	8001f38 <esf_dump+0x3c>
 8001f34:	f8c3 e018 	str.w	lr, [r3, #24]
 8001f38:	280c      	cmp	r0, #12
 8001f3a:	dd01      	ble.n	8001f40 <esf_dump+0x44>
 8001f3c:	f8c3 c01c 	str.w	ip, [r3, #28]
 8001f40:	2810      	cmp	r0, #16
 8001f42:	dd00      	ble.n	8001f46 <esf_dump+0x4a>
 8001f44:	621d      	str	r5, [r3, #32]
 8001f46:	2913      	cmp	r1, #19
 8001f48:	dd74      	ble.n	8002034 <esf_dump+0x138>
 8001f4a:	2514      	movs	r5, #20
 8001f4c:	b13a      	cbz	r2, 8001f5e <esf_dump+0x62>
 8001f4e:	2105      	movs	r1, #5
 8001f50:	7139      	strb	r1, [r7, #4]
 8001f52:	2100      	movs	r1, #0
 8001f54:	7179      	strb	r1, [r7, #5]
 8001f56:	71b9      	strb	r1, [r7, #6]
 8001f58:	71f9      	strb	r1, [r7, #7]
 8001f5a:	6878      	ldr	r0, [r7, #4]
 8001f5c:	6118      	str	r0, [r3, #16]
 8001f5e:	2100      	movs	r1, #0
 8001f60:	f021 0101 	bic.w	r1, r1, #1
 8001f64:	f021 0102 	bic.w	r1, r1, #2
 8001f68:	f021 0104 	bic.w	r1, r1, #4
 8001f6c:	f021 0138 	bic.w	r1, r1, #56	@ 0x38
 8001f70:	2301      	movs	r3, #1
 8001f72:	f363 1188 	bfi	r1, r3, #6, #3
 8001f76:	f3c5 050a 	ubfx	r5, r5, #0, #11
 8001f7a:	f365 2153 	bfi	r1, r5, #9, #11
 8001f7e:	f3c1 0113 	ubfx	r1, r1, #0, #20
	z_impl_z_log_msg_static_create(source, desc, package, data);
 8001f82:	2300      	movs	r3, #0
 8001f84:	4831      	ldr	r0, [pc, #196]	@ (800204c <esf_dump+0x150>)
 8001f86:	f7ff fc6b 	bl	8001860 <z_impl_z_log_msg_static_create>
 8001f8a:	46b5      	mov	sp, r6
		esf->basic.a1, esf->basic.a2, esf->basic.a3);
	EXCEPTION_DUMP("r3/a4:  0x%08x r12/ip:  0x%08x r14/lr:  0x%08x",
 8001f8c:	f8d4 c00c 	ldr.w	ip, [r4, #12]
 8001f90:	6926      	ldr	r6, [r4, #16]
 8001f92:	6965      	ldr	r5, [r4, #20]
 8001f94:	46e8      	mov	r8, sp
 8001f96:	b08a      	sub	sp, #40	@ 0x28
 8001f98:	466b      	mov	r3, sp
 8001f9a:	f113 0210 	adds.w	r2, r3, #16
 8001f9e:	d04c      	beq.n	800203a <esf_dump+0x13e>
 8001fa0:	2114      	movs	r1, #20
 8001fa2:	b182      	cbz	r2, 8001fc6 <esf_dump+0xca>
 8001fa4:	4608      	mov	r0, r1
 8001fa6:	2904      	cmp	r1, #4
 8001fa8:	dd03      	ble.n	8001fb2 <esf_dump+0xb6>
 8001faa:	f8df e0a4 	ldr.w	lr, [pc, #164]	@ 8002050 <esf_dump+0x154>
 8001fae:	f8c3 e014 	str.w	lr, [r3, #20]
 8001fb2:	2808      	cmp	r0, #8
 8001fb4:	dd01      	ble.n	8001fba <esf_dump+0xbe>
 8001fb6:	f8c3 c018 	str.w	ip, [r3, #24]
 8001fba:	280c      	cmp	r0, #12
 8001fbc:	dd00      	ble.n	8001fc0 <esf_dump+0xc4>
 8001fbe:	61de      	str	r6, [r3, #28]
 8001fc0:	2810      	cmp	r0, #16
 8001fc2:	dd00      	ble.n	8001fc6 <esf_dump+0xca>
 8001fc4:	621d      	str	r5, [r3, #32]
 8001fc6:	2913      	cmp	r1, #19
 8001fc8:	dd3a      	ble.n	8002040 <esf_dump+0x144>
 8001fca:	2514      	movs	r5, #20
 8001fcc:	b13a      	cbz	r2, 8001fde <esf_dump+0xe2>
 8001fce:	2105      	movs	r1, #5
 8001fd0:	7139      	strb	r1, [r7, #4]
 8001fd2:	2100      	movs	r1, #0
 8001fd4:	7179      	strb	r1, [r7, #5]
 8001fd6:	71b9      	strb	r1, [r7, #6]
 8001fd8:	71f9      	strb	r1, [r7, #7]
 8001fda:	6878      	ldr	r0, [r7, #4]
 8001fdc:	6118      	str	r0, [r3, #16]
 8001fde:	2100      	movs	r1, #0
 8001fe0:	f021 0101 	bic.w	r1, r1, #1
 8001fe4:	f021 0102 	bic.w	r1, r1, #2
 8001fe8:	f021 0104 	bic.w	r1, r1, #4
 8001fec:	f021 0138 	bic.w	r1, r1, #56	@ 0x38
 8001ff0:	2601      	movs	r6, #1
 8001ff2:	f366 1188 	bfi	r1, r6, #6, #3
 8001ff6:	f3c5 050a 	ubfx	r5, r5, #0, #11
 8001ffa:	f365 2153 	bfi	r1, r5, #9, #11
 8001ffe:	f3c1 0113 	ubfx	r1, r1, #0, #20
 8002002:	4d12      	ldr	r5, [pc, #72]	@ (800204c <esf_dump+0x150>)
 8002004:	2300      	movs	r3, #0
 8002006:	4628      	mov	r0, r5
 8002008:	f7ff fc2a 	bl	8001860 <z_impl_z_log_msg_static_create>
 800200c:	46c5      	mov	sp, r8
		esf->basic.a4, esf->basic.ip, esf->basic.lr);
	EXCEPTION_DUMP(" xpsr:  0x%08x", esf->basic.xpsr);
 800200e:	69e3      	ldr	r3, [r4, #28]
	z_impl_z_log_msg_simple_create_1(source, level, fmt, arg);
 8002010:	4a10      	ldr	r2, [pc, #64]	@ (8002054 <esf_dump+0x158>)
 8002012:	4631      	mov	r1, r6
 8002014:	4628      	mov	r0, r5
 8002016:	f005 fc26 	bl	8007866 <z_impl_z_log_msg_simple_create_1>
	}

	EXCEPTION_DUMP("EXC_RETURN: 0x%0x", esf->extra_info.exc_return);

#endif /* CONFIG_EXTRA_EXCEPTION_INFO */
	EXCEPTION_DUMP("Faulting instruction address (r15/pc): 0x%08x",
 800201a:	69a3      	ldr	r3, [r4, #24]
 800201c:	4a0e      	ldr	r2, [pc, #56]	@ (8002058 <esf_dump+0x15c>)
 800201e:	4631      	mov	r1, r6
 8002020:	4628      	mov	r0, r5
 8002022:	f005 fc20 	bl	8007866 <z_impl_z_log_msg_simple_create_1>
		esf->basic.pc);
}
 8002026:	3708      	adds	r7, #8
 8002028:	46bd      	mov	sp, r7
 800202a:	e8bd 81f0 	ldmia.w	sp!, {r4, r5, r6, r7, r8, pc}
	EXCEPTION_DUMP("r0/a1:  0x%08x  r1/a2:  0x%08x  r2/a3:  0x%08x",
 800202e:	f06f 4100 	mvn.w	r1, #2147483648	@ 0x80000000
 8002032:	e775      	b.n	8001f20 <esf_dump+0x24>
 8002034:	f06f 051b 	mvn.w	r5, #27
 8002038:	e788      	b.n	8001f4c <esf_dump+0x50>
	EXCEPTION_DUMP("r3/a4:  0x%08x r12/ip:  0x%08x r14/lr:  0x%08x",
 800203a:	f06f 4100 	mvn.w	r1, #2147483648	@ 0x80000000
 800203e:	e7b0      	b.n	8001fa2 <esf_dump+0xa6>
 8002040:	f06f 051b 	mvn.w	r5, #27
 8002044:	e7c2      	b.n	8001fcc <esf_dump+0xd0>
 8002046:	bf00      	nop
 8002048:	08009984 	.word	0x08009984
 800204c:	0800961c 	.word	0x0800961c
 8002050:	080099b4 	.word	0x080099b4
 8002054:	080099e4 	.word	0x080099e4
 8002058:	080099f4 	.word	0x080099f4

0800205c <z_arm_fatal_error>:
#endif /* CONFIG_EXCEPTION_DEBUG */

void z_arm_fatal_error(unsigned int reason, const struct arch_esf *esf)
{
 800205c:	b538      	push	{r3, r4, r5, lr}
 800205e:	4604      	mov	r4, r0
#ifdef CONFIG_EXCEPTION_DEBUG
	if (esf != NULL) {
 8002060:	460d      	mov	r5, r1
 8002062:	b111      	cbz	r1, 800206a <z_arm_fatal_error+0xe>
		esf_dump(esf);
 8002064:	4608      	mov	r0, r1
 8002066:	f7ff ff49 	bl	8001efc <esf_dump>
	}
#endif /* CONFIG_EXCEPTION_DEBUG */

	/* LOG the IRQn that was unhandled */
#if defined(CONFIG_CPU_CORTEX_M)
	if (reason == K_ERR_SPURIOUS_IRQ) {
 800206a:	2c01      	cmp	r4, #1
 800206c:	d004      	beq.n	8002078 <z_arm_fatal_error+0x1c>

#ifdef CONFIG_EXCEPTION_STACK_TRACE
	z_arm_unwind_stack(esf);
#endif /* CONFIG_EXCEPTION_STACK_TRACE */

	z_fatal_error(reason, esf);
 800206e:	4629      	mov	r1, r5
 8002070:	4620      	mov	r0, r4
 8002072:	f002 fe1d 	bl	8004cb0 <z_fatal_error>
}
 8002076:	bd38      	pop	{r3, r4, r5, pc}
  __ASM volatile ("MRS %0, ipsr" : "=r" (result) );
 8002078:	f3ef 8305 	mrs	r3, IPSR
		uint32_t irqn = __get_IPSR() - 16;
 800207c:	3b10      	subs	r3, #16
 800207e:	4a03      	ldr	r2, [pc, #12]	@ (800208c <z_arm_fatal_error+0x30>)
 8002080:	2101      	movs	r1, #1
 8002082:	4803      	ldr	r0, [pc, #12]	@ (8002090 <z_arm_fatal_error+0x34>)
 8002084:	f005 fbef 	bl	8007866 <z_impl_z_log_msg_simple_create_1>
		EXCEPTION_DUMP("Unhandled IRQn: %d", irqn);
 8002088:	e7f1      	b.n	800206e <z_arm_fatal_error+0x12>
 800208a:	bf00      	nop
 800208c:	08009a24 	.word	0x08009a24
 8002090:	0800961c 	.word	0x0800961c

08002094 <z_SysNmiOnReset>:
_ASM_FILE_PROLOGUE

GTEXT(z_SysNmiOnReset)

SECTION_FUNC(TEXT, z_SysNmiOnReset)
    wfi
 8002094:	bf30      	wfi
    b z_SysNmiOnReset
 8002096:	f7ff bffd 	b.w	8002094 <z_SysNmiOnReset>
 800209a:	bf00      	nop

0800209c <z_tls_copy>:
 * of TLS bss size after the data section.
 *
 * @param dest Pointer to destination
 */
static inline void z_tls_copy(char *dest)
{
 800209c:	b538      	push	{r3, r4, r5, lr}
 800209e:	4604      	mov	r4, r0
	/* Copy initialized data (tdata) */
	memcpy(dest, __tdata_start, (size_t)(uintptr_t)__tdata_size);
 80020a0:	4d05      	ldr	r5, [pc, #20]	@ (80020b8 <z_tls_copy+0x1c>)
 80020a2:	462a      	mov	r2, r5
 80020a4:	4905      	ldr	r1, [pc, #20]	@ (80020bc <z_tls_copy+0x20>)
 80020a6:	f7fe f8d7 	bl	8000258 <__aeabi_memcpy>

	/* Clear BSS data (tbss) */
	dest += (size_t)(uintptr_t)__tdata_size;
	memset(dest, 0, (size_t)(uintptr_t)__tbss_size);
 80020aa:	4a05      	ldr	r2, [pc, #20]	@ (80020c0 <z_tls_copy+0x24>)
 80020ac:	2100      	movs	r1, #0
 80020ae:	1960      	adds	r0, r4, r5
 80020b0:	f003 ffd8 	bl	8006064 <memset>
}
 80020b4:	bd38      	pop	{r3, r4, r5, pc}
 80020b6:	bf00      	nop
 80020b8:	00000000 	.word	0x00000000
 80020bc:	080096b0 	.word	0x080096b0
 80020c0:	00000004 	.word	0x00000004

080020c4 <arch_tls_stack_setup>:
 */
K_APP_DMEM(z_libc_partition) uintptr_t z_arm_tls_ptr;
#endif

size_t arch_tls_stack_setup(struct k_thread *new_thread, char *stack_ptr)
{
 80020c4:	b570      	push	{r4, r5, r6, lr}
 80020c6:	4606      	mov	r6, r0
	return (size_t)(uintptr_t)__tdata_size +
 80020c8:	4d06      	ldr	r5, [pc, #24]	@ (80020e4 <arch_tls_stack_setup+0x20>)
 80020ca:	4b07      	ldr	r3, [pc, #28]	@ (80020e8 <arch_tls_stack_setup+0x24>)
 80020cc:	441d      	add	r5, r3

	/*
	 * Since we are populating things backwards,
	 * setup the TLS data/bss area first.
	 */
	stack_ptr -= z_tls_data_size();
 80020ce:	1b4c      	subs	r4, r1, r5
	z_tls_copy(stack_ptr);
 80020d0:	4620      	mov	r0, r4
 80020d2:	f7ff ffe3 	bl	800209c <z_tls_copy>

#ifndef __IAR_SYSTEMS_ICC__
	/* Skip two pointers due to toolchain */
	stack_ptr -= sizeof(uintptr_t) * 2;
 80020d6:	3c08      	subs	r4, #8

	/*
	 * Set thread TLS pointer which is used in
	 * context switch to point to TLS area.
	 */
	new_thread->tls = POINTER_TO_UINT(stack_ptr);
 80020d8:	f8c6 40a4 	str.w	r4, [r6, #164]	@ 0xa4

	return (z_tls_data_size() + (sizeof(uintptr_t) * 2));
}
 80020dc:	f105 0008 	add.w	r0, r5, #8
 80020e0:	bd70      	pop	{r4, r5, r6, pc}
 80020e2:	bf00      	nop
 80020e4:	00000000 	.word	0x00000000
 80020e8:	00000004 	.word	0x00000004

080020ec <z_arm_is_synchronous_svc>:
#error Unknown ARM architecture
#endif /* CONFIG_ARMV6_M_ARMV8_M_BASELINE */

static inline bool z_arm_is_synchronous_svc(struct arch_esf *esf)
{
	uint16_t *ret_addr = (uint16_t *)esf->basic.pc;
 80020ec:	6981      	ldr	r1, [r0, #24]
	/* Note: ARMv6-M does not support CCR.BFHFNMIGN so this access
	 * could generate a fault if the pc was invalid.
	 */
	uint16_t fault_insn = *(ret_addr - 1);
#else
	SCB->CCR |= SCB_CCR_BFHFNMIGN_Msk;
 80020ee:	4b10      	ldr	r3, [pc, #64]	@ (8002130 <z_arm_is_synchronous_svc+0x44>)
 80020f0:	695a      	ldr	r2, [r3, #20]
 80020f2:	f442 7280 	orr.w	r2, r2, #256	@ 0x100
 80020f6:	615a      	str	r2, [r3, #20]
  \details Acts as a special kind of Data Memory Barrier.
           It completes when all explicit memory accesses before this instruction complete.
 */
__STATIC_FORCEINLINE void __DSB(void)
{
  __ASM volatile ("dsb 0xF":::"memory");
 80020f8:	f3bf 8f4f 	dsb	sy
  __ASM volatile ("isb 0xF":::"memory");
 80020fc:	f3bf 8f6f 	isb	sy
	barrier_dsync_fence_full();
	barrier_isync_fence_full();

	uint16_t fault_insn = *(ret_addr - 1);
 8002100:	f831 1c02 	ldrh.w	r1, [r1, #-2]

	SCB->CCR &= ~SCB_CCR_BFHFNMIGN_Msk;
 8002104:	695a      	ldr	r2, [r3, #20]
 8002106:	f422 7280 	bic.w	r2, r2, #256	@ 0x100
 800210a:	615a      	str	r2, [r3, #20]
  __ASM volatile ("dsb 0xF":::"memory");
 800210c:	f3bf 8f4f 	dsb	sy
  __ASM volatile ("isb 0xF":::"memory");
 8002110:	f3bf 8f6f 	isb	sy
	barrier_dsync_fence_full();
	barrier_isync_fence_full();
#endif /* ARMV6_M_ARMV8_M_BASELINE && !ARMV8_M_BASELINE */

	if (((fault_insn & 0xff00) == _SVC_OPCODE) &&
 8002114:	f401 437f 	and.w	r3, r1, #65280	@ 0xff00
 8002118:	f5b3 4f5f 	cmp.w	r3, #57088	@ 0xdf00
 800211c:	d001      	beq.n	8002122 <z_arm_is_synchronous_svc+0x36>
	    ((fault_insn & 0x00ff) == _SVC_CALL_RUNTIME_EXCEPT)) {
		return true;
	}
#undef _SVC_OPCODE
	return false;
 800211e:	2000      	movs	r0, #0
 8002120:	4770      	bx	lr
	if (((fault_insn & 0xff00) == _SVC_OPCODE) &&
 8002122:	b2c9      	uxtb	r1, r1
 8002124:	2902      	cmp	r1, #2
 8002126:	d001      	beq.n	800212c <z_arm_is_synchronous_svc+0x40>
	return false;
 8002128:	2000      	movs	r0, #0
 800212a:	4770      	bx	lr
		return true;
 800212c:	2001      	movs	r0, #1
}
 800212e:	4770      	bx	lr
 8002130:	e000ed00 	.word	0xe000ed00

08002134 <get_esf>:
				       bool *nested_exc)
{
	bool alternative_state_exc = false;
	struct arch_esf *ptr_esf = NULL;

	*nested_exc = false;
 8002134:	f04f 0c00 	mov.w	ip, #0
 8002138:	f883 c000 	strb.w	ip, [r3]

	if ((exc_return & EXC_RETURN_INDICATOR_PREFIX) != EXC_RETURN_INDICATOR_PREFIX) {
 800213c:	f002 4c7f 	and.w	ip, r2, #4278190080	@ 0xff000000
 8002140:	f1bc 4f7f 	cmp.w	ip, #4278190080	@ 0xff000000
 8002144:	d114      	bne.n	8002170 <get_esf+0x3c>
	}
#else
	/* The processor has a single execution state.
	 * We verify that the Thread mode is using PSP.
	 */
	if ((exc_return & EXC_RETURN_MODE_THREAD) && (!(exc_return & EXC_RETURN_SPSEL_PROCESS))) {
 8002146:	f002 0c0c 	and.w	ip, r2, #12
 800214a:	f1bc 0f08 	cmp.w	ip, #8
 800214e:	d004      	beq.n	800215a <get_esf+0x26>
		return NULL;
	}
#endif /* CONFIG_ARM_SECURE_FIRMWARE */

	if (!alternative_state_exc) {
		if (exc_return & EXC_RETURN_MODE_THREAD) {
 8002150:	f012 0f08 	tst.w	r2, #8
 8002154:	d009      	beq.n	800216a <get_esf+0x36>
			/* Returning to thread mode */
			ptr_esf = (struct arch_esf *)psp;
 8002156:	4608      	mov	r0, r1
 8002158:	4770      	bx	lr
{
 800215a:	b508      	push	{r3, lr}
	z_impl_z_log_msg_simple_create_0(source, level, fmt);
 800215c:	4a05      	ldr	r2, [pc, #20]	@ (8002174 <get_esf+0x40>)
 800215e:	2101      	movs	r1, #1
 8002160:	4805      	ldr	r0, [pc, #20]	@ (8002178 <get_esf+0x44>)
 8002162:	f005 fb76 	bl	8007852 <z_impl_z_log_msg_simple_create_0>
		return NULL;
 8002166:	2000      	movs	r0, #0
			*nested_exc = true;
		}
	}

	return ptr_esf;
}
 8002168:	bd08      	pop	{r3, pc}
			*nested_exc = true;
 800216a:	2201      	movs	r2, #1
 800216c:	701a      	strb	r2, [r3, #0]
 800216e:	4770      	bx	lr
		return NULL;
 8002170:	2000      	movs	r0, #0
}
 8002172:	4770      	bx	lr
 8002174:	08009a38 	.word	0x08009a38
 8002178:	0800961c 	.word	0x0800961c

0800217c <usage_fault>:
{
 800217c:	b508      	push	{r3, lr}
 800217e:	4a2b      	ldr	r2, [pc, #172]	@ (800222c <usage_fault+0xb0>)
 8002180:	2101      	movs	r1, #1
 8002182:	482b      	ldr	r0, [pc, #172]	@ (8002230 <usage_fault+0xb4>)
 8002184:	f005 fb65 	bl	8007852 <z_impl_z_log_msg_simple_create_0>
	if ((SCB->CFSR & SCB_CFSR_DIVBYZERO_Msk) != 0) {
 8002188:	4b2a      	ldr	r3, [pc, #168]	@ (8002234 <usage_fault+0xb8>)
 800218a:	6a9b      	ldr	r3, [r3, #40]	@ 0x28
 800218c:	f013 7f00 	tst.w	r3, #33554432	@ 0x2000000
 8002190:	d121      	bne.n	80021d6 <usage_fault+0x5a>
	uint32_t reason = K_ERR_ARM_USAGE_GENERIC;
 8002192:	201d      	movs	r0, #29
	if ((SCB->CFSR & SCB_CFSR_UNALIGNED_Msk) != 0) {
 8002194:	4b27      	ldr	r3, [pc, #156]	@ (8002234 <usage_fault+0xb8>)
 8002196:	6a9b      	ldr	r3, [r3, #40]	@ 0x28
 8002198:	f013 7f80 	tst.w	r3, #16777216	@ 0x1000000
 800219c:	d122      	bne.n	80021e4 <usage_fault+0x68>
	if ((SCB->CFSR & SCB_CFSR_NOCP_Msk) != 0) {
 800219e:	4b25      	ldr	r3, [pc, #148]	@ (8002234 <usage_fault+0xb8>)
 80021a0:	6a9b      	ldr	r3, [r3, #40]	@ 0x28
 80021a2:	f413 2f00 	tst.w	r3, #524288	@ 0x80000
 80021a6:	d124      	bne.n	80021f2 <usage_fault+0x76>
	if ((SCB->CFSR & SCB_CFSR_INVPC_Msk) != 0) {
 80021a8:	4b22      	ldr	r3, [pc, #136]	@ (8002234 <usage_fault+0xb8>)
 80021aa:	6a9b      	ldr	r3, [r3, #40]	@ 0x28
 80021ac:	f413 2f80 	tst.w	r3, #262144	@ 0x40000
 80021b0:	d126      	bne.n	8002200 <usage_fault+0x84>
	if ((SCB->CFSR & SCB_CFSR_INVSTATE_Msk) != 0) {
 80021b2:	4b20      	ldr	r3, [pc, #128]	@ (8002234 <usage_fault+0xb8>)
 80021b4:	6a9b      	ldr	r3, [r3, #40]	@ 0x28
 80021b6:	f413 3f00 	tst.w	r3, #131072	@ 0x20000
 80021ba:	d128      	bne.n	800220e <usage_fault+0x92>
	if ((SCB->CFSR & SCB_CFSR_UNDEFINSTR_Msk) != 0) {
 80021bc:	4b1d      	ldr	r3, [pc, #116]	@ (8002234 <usage_fault+0xb8>)
 80021be:	6a9b      	ldr	r3, [r3, #40]	@ 0x28
 80021c0:	f413 3f80 	tst.w	r3, #65536	@ 0x10000
 80021c4:	d12a      	bne.n	800221c <usage_fault+0xa0>
	SCB->CFSR |= SCB_CFSR_USGFAULTSR_Msk;
 80021c6:	4a1b      	ldr	r2, [pc, #108]	@ (8002234 <usage_fault+0xb8>)
 80021c8:	6a93      	ldr	r3, [r2, #40]	@ 0x28
 80021ca:	ea6f 4303 	mvn.w	r3, r3, lsl #16
 80021ce:	ea6f 4313 	mvn.w	r3, r3, lsr #16
 80021d2:	6293      	str	r3, [r2, #40]	@ 0x28
}
 80021d4:	bd08      	pop	{r3, pc}
 80021d6:	4a18      	ldr	r2, [pc, #96]	@ (8002238 <usage_fault+0xbc>)
 80021d8:	2101      	movs	r1, #1
 80021da:	4815      	ldr	r0, [pc, #84]	@ (8002230 <usage_fault+0xb4>)
 80021dc:	f005 fb39 	bl	8007852 <z_impl_z_log_msg_simple_create_0>
		reason = K_ERR_ARM_USAGE_DIV_0;
 80021e0:	201e      	movs	r0, #30
		PR_FAULT_INFO("  Division by zero");
 80021e2:	e7d7      	b.n	8002194 <usage_fault+0x18>
 80021e4:	4a15      	ldr	r2, [pc, #84]	@ (800223c <usage_fault+0xc0>)
 80021e6:	2101      	movs	r1, #1
 80021e8:	4811      	ldr	r0, [pc, #68]	@ (8002230 <usage_fault+0xb4>)
 80021ea:	f005 fb32 	bl	8007852 <z_impl_z_log_msg_simple_create_0>
		reason = K_ERR_ARM_USAGE_UNALIGNED_ACCESS;
 80021ee:	201f      	movs	r0, #31
		PR_FAULT_INFO("  Unaligned memory access");
 80021f0:	e7d5      	b.n	800219e <usage_fault+0x22>
 80021f2:	4a13      	ldr	r2, [pc, #76]	@ (8002240 <usage_fault+0xc4>)
 80021f4:	2101      	movs	r1, #1
 80021f6:	480e      	ldr	r0, [pc, #56]	@ (8002230 <usage_fault+0xb4>)
 80021f8:	f005 fb2b 	bl	8007852 <z_impl_z_log_msg_simple_create_0>
		reason = K_ERR_ARM_USAGE_NO_COPROCESSOR;
 80021fc:	2021      	movs	r0, #33	@ 0x21
		PR_FAULT_INFO("  No coprocessor instructions");
 80021fe:	e7d3      	b.n	80021a8 <usage_fault+0x2c>
 8002200:	4a10      	ldr	r2, [pc, #64]	@ (8002244 <usage_fault+0xc8>)
 8002202:	2101      	movs	r1, #1
 8002204:	480a      	ldr	r0, [pc, #40]	@ (8002230 <usage_fault+0xb4>)
 8002206:	f005 fb24 	bl	8007852 <z_impl_z_log_msg_simple_create_0>
		reason = K_ERR_ARM_USAGE_ILLEGAL_EXC_RETURN;
 800220a:	2022      	movs	r0, #34	@ 0x22
		PR_FAULT_INFO("  Illegal load of EXC_RETURN into PC");
 800220c:	e7d1      	b.n	80021b2 <usage_fault+0x36>
 800220e:	4a0e      	ldr	r2, [pc, #56]	@ (8002248 <usage_fault+0xcc>)
 8002210:	2101      	movs	r1, #1
 8002212:	4807      	ldr	r0, [pc, #28]	@ (8002230 <usage_fault+0xb4>)
 8002214:	f005 fb1d 	bl	8007852 <z_impl_z_log_msg_simple_create_0>
		reason = K_ERR_ARM_USAGE_ILLEGAL_EPSR;
 8002218:	2023      	movs	r0, #35	@ 0x23
		PR_FAULT_INFO("  Illegal use of the EPSR");
 800221a:	e7cf      	b.n	80021bc <usage_fault+0x40>
 800221c:	4a0b      	ldr	r2, [pc, #44]	@ (800224c <usage_fault+0xd0>)
 800221e:	2101      	movs	r1, #1
 8002220:	4803      	ldr	r0, [pc, #12]	@ (8002230 <usage_fault+0xb4>)
 8002222:	f005 fb16 	bl	8007852 <z_impl_z_log_msg_simple_create_0>
		reason = K_ERR_ARM_USAGE_UNDEFINED_INSTRUCTION;
 8002226:	2024      	movs	r0, #36	@ 0x24
		PR_FAULT_INFO("  Attempt to execute undefined instruction");
 8002228:	e7cd      	b.n	80021c6 <usage_fault+0x4a>
 800222a:	bf00      	nop
 800222c:	08009a64 	.word	0x08009a64
 8002230:	0800961c 	.word	0x0800961c
 8002234:	e000ed00 	.word	0xe000ed00
 8002238:	08009a7c 	.word	0x08009a7c
 800223c:	08009a90 	.word	0x08009a90
 8002240:	08009aac 	.word	0x08009aac
 8002244:	08009acc 	.word	0x08009acc
 8002248:	08009af4 	.word	0x08009af4
 800224c:	08009b10 	.word	0x08009b10

08002250 <debug_monitor>:
{
 8002250:	b508      	push	{r3, lr}
	*recoverable = false;
 8002252:	2300      	movs	r3, #0
 8002254:	700b      	strb	r3, [r1, #0]
 8002256:	4a03      	ldr	r2, [pc, #12]	@ (8002264 <debug_monitor+0x14>)
 8002258:	2101      	movs	r1, #1
 800225a:	4803      	ldr	r0, [pc, #12]	@ (8002268 <debug_monitor+0x18>)
 800225c:	f005 faf9 	bl	8007852 <z_impl_z_log_msg_simple_create_0>
}
 8002260:	bd08      	pop	{r3, pc}
 8002262:	bf00      	nop
 8002264:	08009b3c 	.word	0x08009b3c
 8002268:	0800961c 	.word	0x0800961c

0800226c <reserved_exception>:
{
 800226c:	b590      	push	{r4, r7, lr}
 800226e:	b083      	sub	sp, #12
 8002270:	af00      	add	r7, sp, #0
	PR_FAULT_INFO("***** %s %d) *****",
 8002272:	290f      	cmp	r1, #15
 8002274:	dc23      	bgt.n	80022be <reserved_exception+0x52>
 8002276:	4c2f      	ldr	r4, [pc, #188]	@ (8002334 <reserved_exception+0xc8>)
 8002278:	3910      	subs	r1, #16
 800227a:	2300      	movs	r3, #0
 800227c:	713b      	strb	r3, [r7, #4]
 800227e:	2302      	movs	r3, #2
 8002280:	717b      	strb	r3, [r7, #5]
 8002282:	b08a      	sub	sp, #40	@ 0x28
 8002284:	46ec      	mov	ip, sp
 8002286:	f11c 0210 	adds.w	r2, ip, #16
 800228a:	d01a      	beq.n	80022c2 <reserved_exception+0x56>
 800228c:	2012      	movs	r0, #18
 800228e:	b122      	cbz	r2, 800229a <reserved_exception+0x2e>
 8002290:	2804      	cmp	r0, #4
 8002292:	dd02      	ble.n	800229a <reserved_exception+0x2e>
 8002294:	4b28      	ldr	r3, [pc, #160]	@ (8002338 <reserved_exception+0xcc>)
 8002296:	f8cc 3014 	str.w	r3, [ip, #20]
 800229a:	2300      	movs	r3, #0
 800229c:	703b      	strb	r3, [r7, #0]
 800229e:	2302      	movs	r3, #2
 80022a0:	707b      	strb	r3, [r7, #1]
 80022a2:	b1e2      	cbz	r2, 80022de <reserved_exception+0x72>
 80022a4:	4603      	mov	r3, r0
 80022a6:	2808      	cmp	r0, #8
 80022a8:	dd01      	ble.n	80022ae <reserved_exception+0x42>
 80022aa:	f8cc 4018 	str.w	r4, [ip, #24]
 80022ae:	2b0c      	cmp	r3, #12
 80022b0:	dd01      	ble.n	80022b6 <reserved_exception+0x4a>
 80022b2:	f8cc 101c 	str.w	r1, [ip, #28]
 80022b6:	f10c 0320 	add.w	r3, ip, #32
 80022ba:	2100      	movs	r1, #0
 80022bc:	e00d      	b.n	80022da <reserved_exception+0x6e>
 80022be:	4c1f      	ldr	r4, [pc, #124]	@ (800233c <reserved_exception+0xd0>)
 80022c0:	e7da      	b.n	8002278 <reserved_exception+0xc>
 80022c2:	f06f 4000 	mvn.w	r0, #2147483648	@ 0x80000000
 80022c6:	e7e2      	b.n	800228e <reserved_exception+0x22>
 80022c8:	f101 0408 	add.w	r4, r1, #8
 80022cc:	eb04 0e07 	add.w	lr, r4, r7
 80022d0:	f81e ec08 	ldrb.w	lr, [lr, #-8]
 80022d4:	f803 eb01 	strb.w	lr, [r3], #1
 80022d8:	3101      	adds	r1, #1
 80022da:	2901      	cmp	r1, #1
 80022dc:	d9f4      	bls.n	80022c8 <reserved_exception+0x5c>
 80022de:	2811      	cmp	r0, #17
 80022e0:	dd24      	ble.n	800232c <reserved_exception+0xc0>
 80022e2:	2312      	movs	r3, #18
 80022e4:	b14a      	cbz	r2, 80022fa <reserved_exception+0x8e>
 80022e6:	2104      	movs	r1, #4
 80022e8:	7139      	strb	r1, [r7, #4]
 80022ea:	2100      	movs	r1, #0
 80022ec:	7179      	strb	r1, [r7, #5]
 80022ee:	71b9      	strb	r1, [r7, #6]
 80022f0:	2101      	movs	r1, #1
 80022f2:	71f9      	strb	r1, [r7, #7]
 80022f4:	6878      	ldr	r0, [r7, #4]
 80022f6:	f8cc 0010 	str.w	r0, [ip, #16]
 80022fa:	2100      	movs	r1, #0
 80022fc:	f021 0101 	bic.w	r1, r1, #1
 8002300:	f021 0102 	bic.w	r1, r1, #2
 8002304:	f021 0104 	bic.w	r1, r1, #4
 8002308:	f021 0138 	bic.w	r1, r1, #56	@ 0x38
 800230c:	2001      	movs	r0, #1
 800230e:	f360 1188 	bfi	r1, r0, #6, #3
 8002312:	f3c3 030a 	ubfx	r3, r3, #0, #11
 8002316:	f363 2153 	bfi	r1, r3, #9, #11
 800231a:	f3c1 0113 	ubfx	r1, r1, #0, #20
	z_impl_z_log_msg_static_create(source, desc, package, data);
 800231e:	2300      	movs	r3, #0
 8002320:	4807      	ldr	r0, [pc, #28]	@ (8002340 <reserved_exception+0xd4>)
 8002322:	f7ff fa9d 	bl	8001860 <z_impl_z_log_msg_static_create>
}
 8002326:	370c      	adds	r7, #12
 8002328:	46bd      	mov	sp, r7
 800232a:	bd90      	pop	{r4, r7, pc}
	PR_FAULT_INFO("***** %s %d) *****",
 800232c:	f06f 031b 	mvn.w	r3, #27
 8002330:	e7d8      	b.n	80022e4 <reserved_exception+0x78>
 8002332:	bf00      	nop
 8002334:	08009b60 	.word	0x08009b60
 8002338:	08009b94 	.word	0x08009b94
 800233c:	08009b78 	.word	0x08009b78
 8002340:	0800961c 	.word	0x0800961c

08002344 <bus_fault>:
{
 8002344:	b5f8      	push	{r3, r4, r5, r6, r7, lr}
 8002346:	4605      	mov	r5, r0
 8002348:	460f      	mov	r7, r1
 800234a:	4614      	mov	r4, r2
	z_impl_z_log_msg_simple_create_0(source, level, fmt);
 800234c:	4a37      	ldr	r2, [pc, #220]	@ (800242c <bus_fault+0xe8>)
 800234e:	2101      	movs	r1, #1
 8002350:	4837      	ldr	r0, [pc, #220]	@ (8002430 <bus_fault+0xec>)
 8002352:	f005 fa7e 	bl	8007852 <z_impl_z_log_msg_simple_create_0>
	if (SCB->CFSR & SCB_CFSR_STKERR_Msk) {
 8002356:	4b37      	ldr	r3, [pc, #220]	@ (8002434 <bus_fault+0xf0>)
 8002358:	6a9b      	ldr	r3, [r3, #40]	@ 0x28
 800235a:	f413 5f80 	tst.w	r3, #4096	@ 0x1000
 800235e:	d125      	bne.n	80023ac <bus_fault+0x68>
	uint32_t reason = K_ERR_ARM_BUS_GENERIC;
 8002360:	2616      	movs	r6, #22
	if (SCB->CFSR & SCB_CFSR_UNSTKERR_Msk) {
 8002362:	4b34      	ldr	r3, [pc, #208]	@ (8002434 <bus_fault+0xf0>)
 8002364:	6a9b      	ldr	r3, [r3, #40]	@ 0x28
 8002366:	f413 6f00 	tst.w	r3, #2048	@ 0x800
 800236a:	d126      	bne.n	80023ba <bus_fault+0x76>
	if (SCB->CFSR & SCB_CFSR_PRECISERR_Msk) {
 800236c:	4b31      	ldr	r3, [pc, #196]	@ (8002434 <bus_fault+0xf0>)
 800236e:	6a9b      	ldr	r3, [r3, #40]	@ 0x28
 8002370:	f413 7f00 	tst.w	r3, #512	@ 0x200
 8002374:	d128      	bne.n	80023c8 <bus_fault+0x84>
	if (SCB->CFSR & SCB_CFSR_IMPRECISERR_Msk) {
 8002376:	4b2f      	ldr	r3, [pc, #188]	@ (8002434 <bus_fault+0xf0>)
 8002378:	6a9b      	ldr	r3, [r3, #40]	@ 0x28
 800237a:	f413 6f80 	tst.w	r3, #1024	@ 0x400
 800237e:	d13f      	bne.n	8002400 <bus_fault+0xbc>
	if ((SCB->CFSR & SCB_CFSR_IBUSERR_Msk) != 0) {
 8002380:	4b2c      	ldr	r3, [pc, #176]	@ (8002434 <bus_fault+0xf0>)
 8002382:	6a9b      	ldr	r3, [r3, #40]	@ 0x28
 8002384:	f413 7f80 	tst.w	r3, #256	@ 0x100
 8002388:	d141      	bne.n	800240e <bus_fault+0xca>
	} else if (SCB->CFSR & SCB_CFSR_LSPERR_Msk) {
 800238a:	4b2a      	ldr	r3, [pc, #168]	@ (8002434 <bus_fault+0xf0>)
 800238c:	6a9b      	ldr	r3, [r3, #40]	@ 0x28
 800238e:	f413 5f00 	tst.w	r3, #8192	@ 0x2000
 8002392:	d143      	bne.n	800241c <bus_fault+0xd8>
	SCB->CFSR |= SCB_CFSR_BUSFAULTSR_Msk;
 8002394:	4a27      	ldr	r2, [pc, #156]	@ (8002434 <bus_fault+0xf0>)
 8002396:	6a93      	ldr	r3, [r2, #40]	@ 0x28
 8002398:	f443 437f 	orr.w	r3, r3, #65280	@ 0xff00
 800239c:	6293      	str	r3, [r2, #40]	@ 0x28
	*recoverable = memory_fault_recoverable(esf, true);
 800239e:	2101      	movs	r1, #1
 80023a0:	4628      	mov	r0, r5
 80023a2:	f005 fb7b 	bl	8007a9c <memory_fault_recoverable>
 80023a6:	7020      	strb	r0, [r4, #0]
}
 80023a8:	4630      	mov	r0, r6
 80023aa:	bdf8      	pop	{r3, r4, r5, r6, r7, pc}
 80023ac:	4a22      	ldr	r2, [pc, #136]	@ (8002438 <bus_fault+0xf4>)
 80023ae:	2101      	movs	r1, #1
 80023b0:	481f      	ldr	r0, [pc, #124]	@ (8002430 <bus_fault+0xec>)
 80023b2:	f005 fa4e 	bl	8007852 <z_impl_z_log_msg_simple_create_0>
		reason = K_ERR_ARM_BUS_STACKING;
 80023b6:	2617      	movs	r6, #23
		PR_FAULT_INFO("  Stacking error");
 80023b8:	e7d3      	b.n	8002362 <bus_fault+0x1e>
 80023ba:	4a20      	ldr	r2, [pc, #128]	@ (800243c <bus_fault+0xf8>)
 80023bc:	2101      	movs	r1, #1
 80023be:	481c      	ldr	r0, [pc, #112]	@ (8002430 <bus_fault+0xec>)
 80023c0:	f005 fa47 	bl	8007852 <z_impl_z_log_msg_simple_create_0>
		reason = K_ERR_ARM_BUS_UNSTACKING;
 80023c4:	2618      	movs	r6, #24
		PR_FAULT_INFO("  Unstacking error");
 80023c6:	e7d1      	b.n	800236c <bus_fault+0x28>
 80023c8:	4a1d      	ldr	r2, [pc, #116]	@ (8002440 <bus_fault+0xfc>)
 80023ca:	2101      	movs	r1, #1
 80023cc:	4818      	ldr	r0, [pc, #96]	@ (8002430 <bus_fault+0xec>)
 80023ce:	f005 fa40 	bl	8007852 <z_impl_z_log_msg_simple_create_0>
		STORE_xFAR(bfar, SCB->BFAR);
 80023d2:	4a18      	ldr	r2, [pc, #96]	@ (8002434 <bus_fault+0xf0>)
 80023d4:	6b93      	ldr	r3, [r2, #56]	@ 0x38
		if ((SCB->CFSR & SCB_CFSR_BFARVALID_Msk) != 0) {
 80023d6:	6a92      	ldr	r2, [r2, #40]	@ 0x28
 80023d8:	f412 4f00 	tst.w	r2, #32768	@ 0x8000
 80023dc:	d101      	bne.n	80023e2 <bus_fault+0x9e>
		reason = K_ERR_ARM_BUS_PRECISE_DATA_BUS;
 80023de:	2619      	movs	r6, #25
 80023e0:	e7c9      	b.n	8002376 <bus_fault+0x32>
	z_impl_z_log_msg_simple_create_1(source, level, fmt, arg);
 80023e2:	4a18      	ldr	r2, [pc, #96]	@ (8002444 <bus_fault+0x100>)
 80023e4:	2101      	movs	r1, #1
 80023e6:	4812      	ldr	r0, [pc, #72]	@ (8002430 <bus_fault+0xec>)
 80023e8:	f005 fa3d 	bl	8007866 <z_impl_z_log_msg_simple_create_1>
			if (from_hard_fault != 0) {
 80023ec:	b137      	cbz	r7, 80023fc <bus_fault+0xb8>
				SCB->CFSR &= ~SCB_CFSR_BFARVALID_Msk;
 80023ee:	4a11      	ldr	r2, [pc, #68]	@ (8002434 <bus_fault+0xf0>)
 80023f0:	6a93      	ldr	r3, [r2, #40]	@ 0x28
 80023f2:	f423 4300 	bic.w	r3, r3, #32768	@ 0x8000
 80023f6:	6293      	str	r3, [r2, #40]	@ 0x28
		reason = K_ERR_ARM_BUS_PRECISE_DATA_BUS;
 80023f8:	2619      	movs	r6, #25
 80023fa:	e7bc      	b.n	8002376 <bus_fault+0x32>
 80023fc:	2619      	movs	r6, #25
 80023fe:	e7ba      	b.n	8002376 <bus_fault+0x32>
	z_impl_z_log_msg_simple_create_0(source, level, fmt);
 8002400:	4a11      	ldr	r2, [pc, #68]	@ (8002448 <bus_fault+0x104>)
 8002402:	2101      	movs	r1, #1
 8002404:	480a      	ldr	r0, [pc, #40]	@ (8002430 <bus_fault+0xec>)
 8002406:	f005 fa24 	bl	8007852 <z_impl_z_log_msg_simple_create_0>
		reason = K_ERR_ARM_BUS_IMPRECISE_DATA_BUS;
 800240a:	261a      	movs	r6, #26
		PR_FAULT_INFO("  Imprecise data bus error");
 800240c:	e7b8      	b.n	8002380 <bus_fault+0x3c>
 800240e:	4a0f      	ldr	r2, [pc, #60]	@ (800244c <bus_fault+0x108>)
 8002410:	2101      	movs	r1, #1
 8002412:	4807      	ldr	r0, [pc, #28]	@ (8002430 <bus_fault+0xec>)
 8002414:	f005 fa1d 	bl	8007852 <z_impl_z_log_msg_simple_create_0>
		reason = K_ERR_ARM_BUS_INSTRUCTION_BUS;
 8002418:	261b      	movs	r6, #27
		PR_FAULT_INFO("  Instruction bus error");
 800241a:	e7bb      	b.n	8002394 <bus_fault+0x50>
 800241c:	4a0c      	ldr	r2, [pc, #48]	@ (8002450 <bus_fault+0x10c>)
 800241e:	2101      	movs	r1, #1
 8002420:	4803      	ldr	r0, [pc, #12]	@ (8002430 <bus_fault+0xec>)
 8002422:	f005 fa16 	bl	8007852 <z_impl_z_log_msg_simple_create_0>
		reason = K_ERR_ARM_BUS_FP_LAZY_STATE_PRESERVATION;
 8002426:	261c      	movs	r6, #28
		PR_FAULT_INFO("  Floating-point lazy state preservation error");
 8002428:	e7b4      	b.n	8002394 <bus_fault+0x50>
 800242a:	bf00      	nop
 800242c:	08009ba8 	.word	0x08009ba8
 8002430:	0800961c 	.word	0x0800961c
 8002434:	e000ed00 	.word	0xe000ed00
 8002438:	08009bc0 	.word	0x08009bc0
 800243c:	08009bd4 	.word	0x08009bd4
 8002440:	08009be8 	.word	0x08009be8
 8002444:	08009c04 	.word	0x08009c04
 8002448:	08009c1c 	.word	0x08009c1c
 800244c:	08009c38 	.word	0x08009c38
 8002450:	08009c50 	.word	0x08009c50

08002454 <mem_manage_fault>:
{
 8002454:	e92d 41f0 	stmdb	sp!, {r4, r5, r6, r7, r8, lr}
 8002458:	4604      	mov	r4, r0
 800245a:	460f      	mov	r7, r1
 800245c:	4615      	mov	r5, r2
 800245e:	4a46      	ldr	r2, [pc, #280]	@ (8002578 <mem_manage_fault+0x124>)
 8002460:	2101      	movs	r1, #1
 8002462:	4846      	ldr	r0, [pc, #280]	@ (800257c <mem_manage_fault+0x128>)
 8002464:	f005 f9f5 	bl	8007852 <z_impl_z_log_msg_simple_create_0>
	if ((SCB->CFSR & SCB_CFSR_MSTKERR_Msk) != 0) {
 8002468:	4b45      	ldr	r3, [pc, #276]	@ (8002580 <mem_manage_fault+0x12c>)
 800246a:	6a9b      	ldr	r3, [r3, #40]	@ 0x28
 800246c:	f013 0f10 	tst.w	r3, #16
 8002470:	d13c      	bne.n	80024ec <mem_manage_fault+0x98>
	uint32_t reason = K_ERR_ARM_MEM_GENERIC;
 8002472:	2610      	movs	r6, #16
	if ((SCB->CFSR & SCB_CFSR_MUNSTKERR_Msk) != 0) {
 8002474:	4b42      	ldr	r3, [pc, #264]	@ (8002580 <mem_manage_fault+0x12c>)
 8002476:	6a9b      	ldr	r3, [r3, #40]	@ 0x28
 8002478:	f013 0f08 	tst.w	r3, #8
 800247c:	d13d      	bne.n	80024fa <mem_manage_fault+0xa6>
	if ((SCB->CFSR & SCB_CFSR_DACCVIOL_Msk) != 0) {
 800247e:	4b40      	ldr	r3, [pc, #256]	@ (8002580 <mem_manage_fault+0x12c>)
 8002480:	6a9b      	ldr	r3, [r3, #40]	@ 0x28
 8002482:	f013 0f02 	tst.w	r3, #2
 8002486:	d13f      	bne.n	8002508 <mem_manage_fault+0xb4>
	uint32_t mmfar = -EINVAL;
 8002488:	f06f 0815 	mvn.w	r8, #21
	if ((SCB->CFSR & SCB_CFSR_IACCVIOL_Msk) != 0) {
 800248c:	4b3c      	ldr	r3, [pc, #240]	@ (8002580 <mem_manage_fault+0x12c>)
 800248e:	6a9b      	ldr	r3, [r3, #40]	@ 0x28
 8002490:	f013 0f01 	tst.w	r3, #1
 8002494:	d158      	bne.n	8002548 <mem_manage_fault+0xf4>
	if ((SCB->CFSR & SCB_CFSR_MLSPERR_Msk) != 0) {
 8002496:	4b3a      	ldr	r3, [pc, #232]	@ (8002580 <mem_manage_fault+0x12c>)
 8002498:	6a9b      	ldr	r3, [r3, #40]	@ 0x28
 800249a:	f013 0f20 	tst.w	r3, #32
 800249e:	d15a      	bne.n	8002556 <mem_manage_fault+0x102>
	if ((SCB->CFSR & SCB_CFSR_MSTKERR_Msk) || (SCB->CFSR & SCB_CFSR_DACCVIOL_Msk)) {
 80024a0:	4b37      	ldr	r3, [pc, #220]	@ (8002580 <mem_manage_fault+0x12c>)
 80024a2:	6a9b      	ldr	r3, [r3, #40]	@ 0x28
 80024a4:	f013 0f10 	tst.w	r3, #16
 80024a8:	d104      	bne.n	80024b4 <mem_manage_fault+0x60>
 80024aa:	4b35      	ldr	r3, [pc, #212]	@ (8002580 <mem_manage_fault+0x12c>)
 80024ac:	6a9b      	ldr	r3, [r3, #40]	@ 0x28
 80024ae:	f013 0f02 	tst.w	r3, #2
 80024b2:	d004      	beq.n	80024be <mem_manage_fault+0x6a>
		if (SCB->ICSR & SCB_ICSR_RETTOBASE_Msk) {
 80024b4:	4b32      	ldr	r3, [pc, #200]	@ (8002580 <mem_manage_fault+0x12c>)
 80024b6:	685b      	ldr	r3, [r3, #4]
 80024b8:	f413 6f00 	tst.w	r3, #2048	@ 0x800
 80024bc:	d152      	bne.n	8002564 <mem_manage_fault+0x110>
	if ((SCB->CFSR & SCB_CFSR_MLSPERR_Msk) != 0) {
 80024be:	4b30      	ldr	r3, [pc, #192]	@ (8002580 <mem_manage_fault+0x12c>)
 80024c0:	6a9b      	ldr	r3, [r3, #40]	@ 0x28
 80024c2:	f013 0f20 	tst.w	r3, #32
 80024c6:	d004      	beq.n	80024d2 <mem_manage_fault+0x7e>
		SCB->SHCSR &= ~SCB_SHCSR_MEMFAULTPENDED_Msk;
 80024c8:	4a2d      	ldr	r2, [pc, #180]	@ (8002580 <mem_manage_fault+0x12c>)
 80024ca:	6a53      	ldr	r3, [r2, #36]	@ 0x24
 80024cc:	f423 5300 	bic.w	r3, r3, #8192	@ 0x2000
 80024d0:	6253      	str	r3, [r2, #36]	@ 0x24
	SCB->CFSR |= SCB_CFSR_MEMFAULTSR_Msk;
 80024d2:	4a2b      	ldr	r2, [pc, #172]	@ (8002580 <mem_manage_fault+0x12c>)
 80024d4:	6a93      	ldr	r3, [r2, #40]	@ 0x28
 80024d6:	f043 03ff 	orr.w	r3, r3, #255	@ 0xff
 80024da:	6293      	str	r3, [r2, #40]	@ 0x28
	*recoverable = memory_fault_recoverable(esf, true);
 80024dc:	2101      	movs	r1, #1
 80024de:	4620      	mov	r0, r4
 80024e0:	f005 fadc 	bl	8007a9c <memory_fault_recoverable>
 80024e4:	7028      	strb	r0, [r5, #0]
}
 80024e6:	4630      	mov	r0, r6
 80024e8:	e8bd 81f0 	ldmia.w	sp!, {r4, r5, r6, r7, r8, pc}
 80024ec:	4a25      	ldr	r2, [pc, #148]	@ (8002584 <mem_manage_fault+0x130>)
 80024ee:	2101      	movs	r1, #1
 80024f0:	4822      	ldr	r0, [pc, #136]	@ (800257c <mem_manage_fault+0x128>)
 80024f2:	f005 f9ae 	bl	8007852 <z_impl_z_log_msg_simple_create_0>
		reason = K_ERR_ARM_MEM_STACKING;
 80024f6:	2611      	movs	r6, #17
		PR_FAULT_INFO("  Stacking error (context area might be"
 80024f8:	e7bc      	b.n	8002474 <mem_manage_fault+0x20>
 80024fa:	4a23      	ldr	r2, [pc, #140]	@ (8002588 <mem_manage_fault+0x134>)
 80024fc:	2101      	movs	r1, #1
 80024fe:	481f      	ldr	r0, [pc, #124]	@ (800257c <mem_manage_fault+0x128>)
 8002500:	f005 f9a7 	bl	8007852 <z_impl_z_log_msg_simple_create_0>
		reason = K_ERR_ARM_MEM_UNSTACKING;
 8002504:	2612      	movs	r6, #18
		PR_FAULT_INFO("  Unstacking error");
 8002506:	e7ba      	b.n	800247e <mem_manage_fault+0x2a>
 8002508:	4a20      	ldr	r2, [pc, #128]	@ (800258c <mem_manage_fault+0x138>)
 800250a:	2101      	movs	r1, #1
 800250c:	481b      	ldr	r0, [pc, #108]	@ (800257c <mem_manage_fault+0x128>)
 800250e:	f005 f9a0 	bl	8007852 <z_impl_z_log_msg_simple_create_0>
		uint32_t temp = SCB->MMFAR;
 8002512:	4b1b      	ldr	r3, [pc, #108]	@ (8002580 <mem_manage_fault+0x12c>)
 8002514:	f8d3 8034 	ldr.w	r8, [r3, #52]	@ 0x34
		if ((SCB->CFSR & SCB_CFSR_MMARVALID_Msk) != 0) {
 8002518:	6a9b      	ldr	r3, [r3, #40]	@ 0x28
 800251a:	f013 0f80 	tst.w	r3, #128	@ 0x80
 800251e:	d103      	bne.n	8002528 <mem_manage_fault+0xd4>
	uint32_t mmfar = -EINVAL;
 8002520:	f06f 0815 	mvn.w	r8, #21
		reason = K_ERR_ARM_MEM_DATA_ACCESS;
 8002524:	2613      	movs	r6, #19
 8002526:	e7b1      	b.n	800248c <mem_manage_fault+0x38>
	z_impl_z_log_msg_simple_create_1(source, level, fmt, arg);
 8002528:	4643      	mov	r3, r8
 800252a:	4a19      	ldr	r2, [pc, #100]	@ (8002590 <mem_manage_fault+0x13c>)
 800252c:	2101      	movs	r1, #1
 800252e:	4813      	ldr	r0, [pc, #76]	@ (800257c <mem_manage_fault+0x128>)
 8002530:	f005 f999 	bl	8007866 <z_impl_z_log_msg_simple_create_1>
			if (from_hard_fault != 0) {
 8002534:	b137      	cbz	r7, 8002544 <mem_manage_fault+0xf0>
				SCB->CFSR &= ~SCB_CFSR_MMARVALID_Msk;
 8002536:	4a12      	ldr	r2, [pc, #72]	@ (8002580 <mem_manage_fault+0x12c>)
 8002538:	6a93      	ldr	r3, [r2, #40]	@ 0x28
 800253a:	f023 0380 	bic.w	r3, r3, #128	@ 0x80
 800253e:	6293      	str	r3, [r2, #40]	@ 0x28
		reason = K_ERR_ARM_MEM_DATA_ACCESS;
 8002540:	2613      	movs	r6, #19
 8002542:	e7a3      	b.n	800248c <mem_manage_fault+0x38>
 8002544:	2613      	movs	r6, #19
 8002546:	e7a1      	b.n	800248c <mem_manage_fault+0x38>
	z_impl_z_log_msg_simple_create_0(source, level, fmt);
 8002548:	4a12      	ldr	r2, [pc, #72]	@ (8002594 <mem_manage_fault+0x140>)
 800254a:	2101      	movs	r1, #1
 800254c:	480b      	ldr	r0, [pc, #44]	@ (800257c <mem_manage_fault+0x128>)
 800254e:	f005 f980 	bl	8007852 <z_impl_z_log_msg_simple_create_0>
		reason = K_ERR_ARM_MEM_INSTRUCTION_ACCESS;
 8002552:	2614      	movs	r6, #20
		PR_FAULT_INFO("  Instruction Access Violation");
 8002554:	e79f      	b.n	8002496 <mem_manage_fault+0x42>
 8002556:	4a10      	ldr	r2, [pc, #64]	@ (8002598 <mem_manage_fault+0x144>)
 8002558:	2101      	movs	r1, #1
 800255a:	4808      	ldr	r0, [pc, #32]	@ (800257c <mem_manage_fault+0x128>)
 800255c:	f005 f979 	bl	8007852 <z_impl_z_log_msg_simple_create_0>
		reason = K_ERR_ARM_MEM_FP_LAZY_STATE_PRESERVATION;
 8002560:	2615      	movs	r6, #21
		PR_FAULT_INFO("  Floating-point lazy state preservation error");
 8002562:	e79d      	b.n	80024a0 <mem_manage_fault+0x4c>
				z_check_thread_stack_fail(mmfar, ((uint32_t)&esf[0]));
 8002564:	4621      	mov	r1, r4
 8002566:	4640      	mov	r0, r8
 8002568:	f005 fad0 	bl	8007b0c <z_check_thread_stack_fail>
			if (min_stack_ptr) {
 800256c:	2800      	cmp	r0, #0
 800256e:	d0a6      	beq.n	80024be <mem_manage_fault+0x6a>
  __ASM volatile ("MSR psp, %0" : : "r" (topOfProcStack) : );
 8002570:	f380 8809 	msr	PSP, r0
				reason = K_ERR_STACK_CHK_FAIL;
 8002574:	2602      	movs	r6, #2
 8002576:	e7a2      	b.n	80024be <mem_manage_fault+0x6a>
 8002578:	08009c80 	.word	0x08009c80
 800257c:	0800961c 	.word	0x0800961c
 8002580:	e000ed00 	.word	0xe000ed00
 8002584:	08009c98 	.word	0x08009c98
 8002588:	08009bd4 	.word	0x08009bd4
 800258c:	08009ccc 	.word	0x08009ccc
 8002590:	08009ce4 	.word	0x08009ce4
 8002594:	08009cfc 	.word	0x08009cfc
 8002598:	08009c50 	.word	0x08009c50

0800259c <hard_fault>:
{
 800259c:	b570      	push	{r4, r5, r6, lr}
 800259e:	4606      	mov	r6, r0
 80025a0:	460d      	mov	r5, r1
 80025a2:	4a2b      	ldr	r2, [pc, #172]	@ (8002650 <hard_fault+0xb4>)
 80025a4:	2101      	movs	r1, #1
 80025a6:	482b      	ldr	r0, [pc, #172]	@ (8002654 <hard_fault+0xb8>)
 80025a8:	f005 f953 	bl	8007852 <z_impl_z_log_msg_simple_create_0>
	*recoverable = false;
 80025ac:	2300      	movs	r3, #0
 80025ae:	702b      	strb	r3, [r5, #0]
	if ((SCB->HFSR & SCB_HFSR_VECTTBL_Msk) != 0) {
 80025b0:	4b29      	ldr	r3, [pc, #164]	@ (8002658 <hard_fault+0xbc>)
 80025b2:	6adc      	ldr	r4, [r3, #44]	@ 0x2c
 80025b4:	f014 0402 	ands.w	r4, r4, #2
 80025b8:	d10a      	bne.n	80025d0 <hard_fault+0x34>
	} else if ((SCB->HFSR & SCB_HFSR_DEBUGEVT_Msk) != 0) {
 80025ba:	4b27      	ldr	r3, [pc, #156]	@ (8002658 <hard_fault+0xbc>)
 80025bc:	6adb      	ldr	r3, [r3, #44]	@ 0x2c
 80025be:	2b00      	cmp	r3, #0
 80025c0:	db0d      	blt.n	80025de <hard_fault+0x42>
	} else if ((SCB->HFSR & SCB_HFSR_FORCED_Msk) != 0) {
 80025c2:	4b25      	ldr	r3, [pc, #148]	@ (8002658 <hard_fault+0xbc>)
 80025c4:	6adc      	ldr	r4, [r3, #44]	@ 0x2c
 80025c6:	f014 4480 	ands.w	r4, r4, #1073741824	@ 0x40000000
 80025ca:	d10e      	bne.n	80025ea <hard_fault+0x4e>
}
 80025cc:	4620      	mov	r0, r4
 80025ce:	bd70      	pop	{r4, r5, r6, pc}
 80025d0:	4a22      	ldr	r2, [pc, #136]	@ (800265c <hard_fault+0xc0>)
 80025d2:	2101      	movs	r1, #1
 80025d4:	481f      	ldr	r0, [pc, #124]	@ (8002654 <hard_fault+0xb8>)
 80025d6:	f005 f93c 	bl	8007852 <z_impl_z_log_msg_simple_create_0>
	uint32_t reason = K_ERR_CPU_EXCEPTION;
 80025da:	2400      	movs	r4, #0
		PR_EXC("  Bus fault on vector table read");
 80025dc:	e7f6      	b.n	80025cc <hard_fault+0x30>
 80025de:	4a20      	ldr	r2, [pc, #128]	@ (8002660 <hard_fault+0xc4>)
 80025e0:	2101      	movs	r1, #1
 80025e2:	481c      	ldr	r0, [pc, #112]	@ (8002654 <hard_fault+0xb8>)
 80025e4:	f005 f935 	bl	8007852 <z_impl_z_log_msg_simple_create_0>
		PR_EXC("  Debug event");
 80025e8:	e7f0      	b.n	80025cc <hard_fault+0x30>
 80025ea:	4a1e      	ldr	r2, [pc, #120]	@ (8002664 <hard_fault+0xc8>)
 80025ec:	2101      	movs	r1, #1
 80025ee:	4819      	ldr	r0, [pc, #100]	@ (8002654 <hard_fault+0xb8>)
 80025f0:	f005 f92f 	bl	8007852 <z_impl_z_log_msg_simple_create_0>
		if (z_arm_is_synchronous_svc(esf)) {
 80025f4:	4630      	mov	r0, r6
 80025f6:	f7ff fd79 	bl	80020ec <z_arm_is_synchronous_svc>
 80025fa:	b998      	cbnz	r0, 8002624 <hard_fault+0x88>
		} else if ((SCB->CFSR & SCB_CFSR_MEMFAULTSR_Msk) != 0) {
 80025fc:	4b16      	ldr	r3, [pc, #88]	@ (8002658 <hard_fault+0xbc>)
 80025fe:	6a9b      	ldr	r3, [r3, #40]	@ 0x28
 8002600:	f013 0fff 	tst.w	r3, #255	@ 0xff
 8002604:	d116      	bne.n	8002634 <hard_fault+0x98>
		} else if ((SCB->CFSR & SCB_CFSR_BUSFAULTSR_Msk) != 0) {
 8002606:	4b14      	ldr	r3, [pc, #80]	@ (8002658 <hard_fault+0xbc>)
 8002608:	6a9c      	ldr	r4, [r3, #40]	@ 0x28
 800260a:	f414 447f 	ands.w	r4, r4, #65280	@ 0xff00
 800260e:	d118      	bne.n	8002642 <hard_fault+0xa6>
		} else if ((SCB->CFSR & SCB_CFSR_USGFAULTSR_Msk) != 0) {
 8002610:	4b11      	ldr	r3, [pc, #68]	@ (8002658 <hard_fault+0xbc>)
 8002612:	6a9b      	ldr	r3, [r3, #40]	@ 0x28
 8002614:	f5b3 3f80 	cmp.w	r3, #65536	@ 0x10000
 8002618:	d3d8      	bcc.n	80025cc <hard_fault+0x30>
			reason = usage_fault(esf);
 800261a:	4630      	mov	r0, r6
 800261c:	f7ff fdae 	bl	800217c <usage_fault>
 8002620:	4604      	mov	r4, r0
	return reason;
 8002622:	e7d3      	b.n	80025cc <hard_fault+0x30>
			PR_EXC("ARCH_EXCEPT with reason %x\n", esf->basic.r0);
 8002624:	6833      	ldr	r3, [r6, #0]
	z_impl_z_log_msg_simple_create_1(source, level, fmt, arg);
 8002626:	4a10      	ldr	r2, [pc, #64]	@ (8002668 <hard_fault+0xcc>)
 8002628:	2101      	movs	r1, #1
 800262a:	480a      	ldr	r0, [pc, #40]	@ (8002654 <hard_fault+0xb8>)
 800262c:	f005 f91b 	bl	8007866 <z_impl_z_log_msg_simple_create_1>
			reason = esf->basic.r0;
 8002630:	6834      	ldr	r4, [r6, #0]
 8002632:	e7cb      	b.n	80025cc <hard_fault+0x30>
			reason = mem_manage_fault(esf, 1, recoverable);
 8002634:	462a      	mov	r2, r5
 8002636:	2101      	movs	r1, #1
 8002638:	4630      	mov	r0, r6
 800263a:	f7ff ff0b 	bl	8002454 <mem_manage_fault>
 800263e:	4604      	mov	r4, r0
 8002640:	e7c4      	b.n	80025cc <hard_fault+0x30>
			reason = bus_fault(esf, 1, recoverable);
 8002642:	462a      	mov	r2, r5
 8002644:	2101      	movs	r1, #1
 8002646:	4630      	mov	r0, r6
 8002648:	f7ff fe7c 	bl	8002344 <bus_fault>
 800264c:	4604      	mov	r4, r0
 800264e:	e7bd      	b.n	80025cc <hard_fault+0x30>
 8002650:	08009d1c 	.word	0x08009d1c
 8002654:	0800961c 	.word	0x0800961c
 8002658:	e000ed00 	.word	0xe000ed00
 800265c:	08009d34 	.word	0x08009d34
 8002660:	08009d58 	.word	0x08009d58
 8002664:	08009d68 	.word	0x08009d68
 8002668:	08009d88 	.word	0x08009d88

0800266c <z_arm_fault>:
 * @param exc_return EXC_RETURN value present in LR after exception entry.
 * @param callee_regs Callee-saved registers (R4-R11, PSP)
 *
 */
void z_arm_fault(uint32_t msp, uint32_t psp, uint32_t exc_return, _callee_saved_t *callee_regs)
{
 800266c:	b530      	push	{r4, r5, lr}
 800266e:	b08b      	sub	sp, #44	@ 0x2c
	uint32_t reason = K_ERR_CPU_EXCEPTION;
	int fault = SCB->ICSR & SCB_ICSR_VECTACTIVE_Msk;
 8002670:	4b1e      	ldr	r3, [pc, #120]	@ (80026ec <z_arm_fault+0x80>)
 8002672:	685d      	ldr	r5, [r3, #4]
 8002674:	f3c5 0508 	ubfx	r5, r5, #0, #9
  __ASM volatile ("MSR basepri, %0" : : "r" (basePri) : "memory");
 8002678:	2300      	movs	r3, #0
 800267a:	f383 8811 	msr	BASEPRI, r3
 800267e:	f3bf 8f6f 	isb	sy
	arch_irq_unlock(0);

	/* Retrieve the Exception Stack Frame (ESF) to be supplied
	 * as argument to the remainder of the fault handling process.
	 */
	esf = get_esf(msp, psp, exc_return, &nested_exc);
 8002682:	f10d 0326 	add.w	r3, sp, #38	@ 0x26
 8002686:	f7ff fd55 	bl	8002134 <get_esf>
 800268a:	4604      	mov	r4, r0
	__ASSERT(esf != NULL, "ESF could not be retrieved successfully. Shall never occur.");

	z_arm_set_fault_sp(esf, exc_return);

	reason = fault_handle(esf, fault, &recoverable);
 800268c:	f10d 0227 	add.w	r2, sp, #39	@ 0x27
 8002690:	4629      	mov	r1, r5
 8002692:	f005 fa05 	bl	8007aa0 <fault_handle>
	if (recoverable) {
 8002696:	f89d 3027 	ldrb.w	r3, [sp, #39]	@ 0x27
 800269a:	b10b      	cbz	r3, 80026a0 <z_arm_fault+0x34>
	 */
	if ((exc_return & 0xf000000f) == 0xf000000d) {
		arm_m_exc_tail();
	}
#endif
}
 800269c:	b00b      	add	sp, #44	@ 0x2c
 800269e:	bd30      	pop	{r4, r5, pc}
 80026a0:	4605      	mov	r5, r0
	memcpy(&esf_copy, esf, sizeof(struct arch_esf));
 80026a2:	f10d 0c04 	add.w	ip, sp, #4
 80026a6:	6820      	ldr	r0, [r4, #0]
 80026a8:	6861      	ldr	r1, [r4, #4]
 80026aa:	68a2      	ldr	r2, [r4, #8]
 80026ac:	68e3      	ldr	r3, [r4, #12]
 80026ae:	e8ac 000f 	stmia.w	ip!, {r0, r1, r2, r3}
 80026b2:	6920      	ldr	r0, [r4, #16]
 80026b4:	6961      	ldr	r1, [r4, #20]
 80026b6:	69a2      	ldr	r2, [r4, #24]
 80026b8:	69e3      	ldr	r3, [r4, #28]
 80026ba:	e8ac 000f 	stmia.w	ip!, {r0, r1, r2, r3}
	if (nested_exc) {
 80026be:	f89d 3026 	ldrb.w	r3, [sp, #38]	@ 0x26
 80026c2:	b14b      	cbz	r3, 80026d8 <z_arm_fault+0x6c>
		if ((esf_copy.basic.xpsr & IPSR_ISR_Msk) == 0) {
 80026c4:	9b08      	ldr	r3, [sp, #32]
 80026c6:	f3c3 0208 	ubfx	r2, r3, #0, #9
 80026ca:	b94a      	cbnz	r2, 80026e0 <z_arm_fault+0x74>
			esf_copy.basic.xpsr |= IPSR_ISR_Msk;
 80026cc:	ea6f 2353 	mvn.w	r3, r3, lsr #9
 80026d0:	ea6f 2343 	mvn.w	r3, r3, lsl #9
 80026d4:	9308      	str	r3, [sp, #32]
 80026d6:	e003      	b.n	80026e0 <z_arm_fault+0x74>
		esf_copy.basic.xpsr &= ~(IPSR_ISR_Msk);
 80026d8:	9b08      	ldr	r3, [sp, #32]
 80026da:	f36f 0308 	bfc	r3, #0, #9
 80026de:	9308      	str	r3, [sp, #32]
	z_arm_fatal_error(reason, &esf_copy);
 80026e0:	a901      	add	r1, sp, #4
 80026e2:	4628      	mov	r0, r5
 80026e4:	f7ff fcba 	bl	800205c <z_arm_fatal_error>
 80026e8:	e7d8      	b.n	800269c <z_arm_fault+0x30>
 80026ea:	bf00      	nop
 80026ec:	e000ed00 	.word	0xe000ed00

080026f0 <z_arm_fault_init>:
 */
void z_arm_fault_init(void)
{
#if defined(CONFIG_ARMV6_M_ARMV8_M_BASELINE)
#elif defined(CONFIG_ARMV7_M_ARMV8_M_MAINLINE)
	SCB->CCR |= SCB_CCR_DIV_0_TRP_Msk;
 80026f0:	4b04      	ldr	r3, [pc, #16]	@ (8002704 <z_arm_fault_init+0x14>)
 80026f2:	695a      	ldr	r2, [r3, #20]
 80026f4:	f042 0210 	orr.w	r2, r2, #16
 80026f8:	615a      	str	r2, [r3, #20]
	SCB->CCR |= SCB_CCR_STKOFHFNMIGN_Msk;
#endif /* CONFIG_BUILTIN_STACK_GUARD */
#ifdef CONFIG_TRAP_UNALIGNED_ACCESS
	SCB->CCR |= SCB_CCR_UNALIGN_TRP_Msk;
#else
	SCB->CCR &= ~SCB_CCR_UNALIGN_TRP_Msk;
 80026fa:	695a      	ldr	r2, [r3, #20]
 80026fc:	f022 0208 	bic.w	r2, r2, #8
 8002700:	615a      	str	r2, [r3, #20]
#endif /* CONFIG_TRAP_UNALIGNED_ACCESS */
}
 8002702:	4770      	bx	lr
 8002704:	e000ed00 	.word	0xe000ed00

08002708 <z_arm_bus_fault>:
#else
#error Unknown ARM architecture
#endif /* CONFIG_ARMV6_M_ARMV8_M_BASELINE */
SECTION_SUBSEC_FUNC(TEXT,__fault,z_arm_exc_spurious)

	mrs r0, MSP
 8002708:	f3ef 8008 	mrs	r0, MSP
	mrs r1, PSP
 800270c:	f3ef 8109 	mrs	r1, PSP
	push {r0, lr}
 8002710:	b501      	push	{r0, lr}
#elif defined(CONFIG_ARMV7_M_ARMV8_M_MAINLINE)
	push {r4-r11}
#endif
	mov  r3, sp /* pointer to _callee_saved_t */
#endif /* CONFIG_EXTRA_EXCEPTION_INFO */
	mov r2, lr /* EXC_RETURN */
 8002712:	4672      	mov	r2, lr
	bl z_arm_fault
 8002714:	f7ff ffaa 	bl	800266c <z_arm_fault>
	 * in this routine. Therefore, we can just reset
	 * the MSP to its value prior to entering the function
	 */
	add sp, #40
#endif
	pop {r0, pc}
 8002718:	bd01      	pop	{r0, pc}
 800271a:	bf00      	nop

0800271c <__start>:
     *
     * Since these scenarios cover most of the cases, we set MSP to
     * z_main_stack here.
     *
     */
    ldr r0, =z_main_stack + CONFIG_MAIN_STACK_SIZE
 800271c:	480c      	ldr	r0, [pc, #48]	@ (8002750 <__start+0x34>)
    msr msp, r0
 800271e:	f380 8808 	msr	MSP, r0
     *       to avoid any issues with suspend/resume path.
     *       Refer issue #83660 for more details.
     */
#if defined(CONFIG_DEBUG_THREAD_INFO)
    /* Clear z_sys_post_kernel flag for RTOS aware debuggers */
    movs.n r0, #0
 8002722:	2000      	movs	r0, #0
    ldr r1, =z_sys_post_kernel
 8002724:	490b      	ldr	r1, [pc, #44]	@ (8002754 <__start+0x38>)
    strb r0, [r1]
 8002726:	7008      	strb	r0, [r1, #0]

    /* lock interrupts: will get unlocked when switch to main task */
#if defined(CONFIG_ARMV6_M_ARMV8_M_BASELINE)
    cpsid i
#elif defined(CONFIG_ARMV7_M_ARMV8_M_MAINLINE)
    movs.n r0, #_EXC_IRQ_DEFAULT_PRIO
 8002728:	2010      	movs	r0, #16
    msr BASEPRI, r0
 800272a:	f380 8811 	msr	BASEPRI, r0

    /*
     * Set PSP and use it to boot without using MSP, so that it
     * gets set to z_interrupt_stacks during initialization.
     */
    ldr r0, =z_interrupt_stacks
 800272e:	480a      	ldr	r0, [pc, #40]	@ (8002758 <__start+0x3c>)
    ldr r1, =CONFIG_ISR_STACK_SIZE + MPU_GUARD_ALIGN_AND_SIZE
 8002730:	f44f 6104 	mov.w	r1, #2112	@ 0x840
    adds r0, r0, r1
 8002734:	1840      	adds	r0, r0, r1
    msr PSP, r0
 8002736:	f380 8809 	msr	PSP, r0
    mrs r0, CONTROL
 800273a:	f3ef 8014 	mrs	r0, CONTROL
    movs r1, #(2 | CONTROL_ARM_PAC_MASK | CONTROL_ARM_BTI_MASK)
 800273e:	2102      	movs	r1, #2
    orrs r0, r1 /* CONTROL_SPSEL_Msk */
 8002740:	4308      	orrs	r0, r1
    msr CONTROL, r0
 8002742:	f380 8814 	msr	CONTROL, r0
    /*
     * When changing the stack pointer, software must use an ISB instruction
     * immediately after the MSR instruction. This ensures that instructions
     * after the ISB instruction execute using the new stack pointer.
     */
    isb
 8002746:	f3bf 8f6f 	isb	sy
    /*
     * 'bl' jumps the furthest of the branch instructions that are
     * supported on all platforms. So it is used when jumping to z_prep_c
     * (even though we do not intend to return).
     */
    bl z_prep_c
 800274a:	f000 f849 	bl	80027e0 <z_prep_c>
 800274e:	0000      	.short	0x0000
    ldr r0, =z_main_stack + CONFIG_MAIN_STACK_SIZE
 8002750:	20001b80 	.word	0x20001b80
    ldr r1, =z_sys_post_kernel
 8002754:	20000a77 	.word	0x20000a77
    ldr r0, =z_interrupt_stacks
 8002758:	20000dc0 	.word	0x20000dc0

0800275c <z_arm_svc>:
  bne .L_stack_frame_endif
.L_stack_frame_msp:
  mrs r0, MSP
.L_stack_frame_endif:
#elif defined(CONFIG_ARMV7_M_ARMV8_M_MAINLINE)
    tst lr, #_EXC_RETURN_SPSEL_Msk /* did we come from thread mode ? */
 800275c:	f01e 0f04 	tst.w	lr, #4
    ite eq  /* if zero (equal), came from handler mode */
 8002760:	bf0c      	ite	eq
        mrseq r0, MSP   /* handler mode, stack frame is on MSP */
 8002762:	f3ef 8008 	mrseq	r0, MSP
        mrsne r0, PSP   /* thread mode, stack frame is on PSP */
 8002766:	f3ef 8009 	mrsne	r0, PSP
#endif


    /* Figure out what SVC call number was invoked */

    ldr r1, [r0, #24]   /* grab address of PC from stack frame */
 800276a:	6981      	ldr	r1, [r0, #24]
     */
#if defined(CONFIG_ARMV6_M_ARMV8_M_BASELINE)
    subs r1, r1, #2
    ldrb r1, [r1]
#elif defined(CONFIG_ARMV7_M_ARMV8_M_MAINLINE)
    ldrb r1, [r1, #-2]
 800276c:	f811 1c02 	ldrb.w	r1, [r1, #-2]
#endif
    bne .L_oops

#endif /* CONFIG_USERSPACE */

    cmp r1, #2
 8002770:	2902      	cmp	r1, #2
    beq .L_oops
 8002772:	d0ff      	beq.n	8002774 <z_arm_svc+0x18>
#endif

#endif

.L_oops:
    push {r0, lr}
 8002774:	b501      	push	{r0, lr}
#else
#error Unknown ARM architecture
#endif
    mov  r1, sp /* pointer to _callee_saved_t */
#endif /* CONFIG_EXTRA_EXCEPTION_INFO */
    mov r2, lr /* EXC_RETURN */
 8002776:	4672      	mov	r2, lr
    bl z_do_kernel_oops
 8002778:	f005 f984 	bl	8007a84 <z_do_kernel_oops>

#ifdef CONFIG_USE_SWITCH
    bl arm_m_legacy_exit
#endif

    pop {r0, pc}
 800277c:	bd01      	pop	{r0, pc}
 800277e:	bf00      	nop

08002780 <__NVIC_EnableIRQ>:
  \param [in]      IRQn  Device specific interrupt number.
  \note    IRQn must not be negative.
 */
__STATIC_INLINE void __NVIC_EnableIRQ(IRQn_Type IRQn)
{
  if ((int32_t)(IRQn) >= 0)
 8002780:	2800      	cmp	r0, #0
 8002782:	db07      	blt.n	8002794 <__NVIC_EnableIRQ+0x14>
  {
    __COMPILER_BARRIER();
    NVIC->ISER[(((uint32_t)IRQn) >> 5UL)] = (uint32_t)(1UL << (((uint32_t)IRQn) & 0x1FUL));
 8002784:	f000 021f 	and.w	r2, r0, #31
 8002788:	0940      	lsrs	r0, r0, #5
 800278a:	2301      	movs	r3, #1
 800278c:	4093      	lsls	r3, r2
 800278e:	4a02      	ldr	r2, [pc, #8]	@ (8002798 <__NVIC_EnableIRQ+0x18>)
 8002790:	f842 3020 	str.w	r3, [r2, r0, lsl #2]
    __COMPILER_BARRIER();
  }
}
 8002794:	4770      	bx	lr
 8002796:	bf00      	nop
 8002798:	e000e100 	.word	0xe000e100

0800279c <__NVIC_SetPriority>:
  \param [in]  priority  Priority to set.
  \note    The priority cannot be set for every processor exception.
 */
__STATIC_INLINE void __NVIC_SetPriority(IRQn_Type IRQn, uint32_t priority)
{
  if ((int32_t)(IRQn) >= 0)
 800279c:	2800      	cmp	r0, #0
 800279e:	db08      	blt.n	80027b2 <__NVIC_SetPriority+0x16>
  {
    NVIC->IPR[((uint32_t)IRQn)]               = (uint8_t)((priority << (8U - __NVIC_PRIO_BITS)) & (uint32_t)0xFFUL);
 80027a0:	0109      	lsls	r1, r1, #4
 80027a2:	b2c9      	uxtb	r1, r1
 80027a4:	f100 4060 	add.w	r0, r0, #3758096384	@ 0xe0000000
 80027a8:	f500 4061 	add.w	r0, r0, #57600	@ 0xe100
 80027ac:	f880 1300 	strb.w	r1, [r0, #768]	@ 0x300
 80027b0:	4770      	bx	lr
  }
  else
  {
    SCB->SHPR[(((uint32_t)IRQn) & 0xFUL)-4UL] = (uint8_t)((priority << (8U - __NVIC_PRIO_BITS)) & (uint32_t)0xFFUL);
 80027b2:	f000 000f 	and.w	r0, r0, #15
 80027b6:	0109      	lsls	r1, r1, #4
 80027b8:	b2c9      	uxtb	r1, r1
 80027ba:	4b01      	ldr	r3, [pc, #4]	@ (80027c0 <__NVIC_SetPriority+0x24>)
 80027bc:	5419      	strb	r1, [r3, r0]
  }
}
 80027be:	4770      	bx	lr
 80027c0:	e000ed14 	.word	0xe000ed14

080027c4 <relocate_vector_table>:
	/* Copy vector table to its location in SRAM */
	size_t vector_size = (size_t)_vector_end - (size_t)_vector_start;

	arch_early_memcpy(_sram_vector_start, _vector_start, vector_size);
#endif
	SCB->VTOR = VECTOR_ADDRESS & VTOR_MASK;
 80027c4:	4b04      	ldr	r3, [pc, #16]	@ (80027d8 <relocate_vector_table+0x14>)
 80027c6:	f023 037f 	bic.w	r3, r3, #127	@ 0x7f
 80027ca:	4a04      	ldr	r2, [pc, #16]	@ (80027dc <relocate_vector_table+0x18>)
 80027cc:	6093      	str	r3, [r2, #8]
  __ASM volatile ("dsb 0xF":::"memory");
 80027ce:	f3bf 8f4f 	dsb	sy
  __ASM volatile ("isb 0xF":::"memory");
 80027d2:	f3bf 8f6f 	isb	sy
	barrier_dsync_fence_full();
	barrier_isync_fence_full();
}
 80027d6:	4770      	bx	lr
 80027d8:	08000000 	.word	0x08000000
 80027dc:	e000ed00 	.word	0xe000ed00

080027e0 <z_prep_c>:
 *
 * This routine prepares for the execution of and runs C code.
 *
 */
FUNC_NORETURN void z_prep_c(void)
{
 80027e0:	b508      	push	{r3, lr}
	soc_prep_hook();

	relocate_vector_table();
 80027e2:	f7ff ffef 	bl	80027c4 <relocate_vector_table>
	SCB->CPACR &= (~(CPACR_CP10_Msk | CPACR_CP11_Msk));
 80027e6:	4a0b      	ldr	r2, [pc, #44]	@ (8002814 <z_prep_c+0x34>)
 80027e8:	f8d2 3088 	ldr.w	r3, [r2, #136]	@ 0x88
 80027ec:	f423 0370 	bic.w	r3, r3, #15728640	@ 0xf00000
 80027f0:	f8c2 3088 	str.w	r3, [r2, #136]	@ 0x88
  __ASM volatile ("MRS %0, control" : "=r" (result) );
 80027f4:	f3ef 8314 	mrs	r3, CONTROL
	__set_CONTROL(__get_CONTROL() & (~(CONTROL_FPCA_Msk)));
 80027f8:	f023 0304 	bic.w	r3, r3, #4
  __ASM volatile ("MSR control, %0" : : "r" (control) : "memory");
 80027fc:	f383 8814 	msr	CONTROL, r3
 8002800:	f3bf 8f6f 	isb	sy
#if defined(CONFIG_CPU_HAS_FPU)
	z_arm_floating_point_init();
#endif
	arch_bss_zero();
 8002804:	f7ff fb54 	bl	8001eb0 <arch_bss_zero>
	arch_data_copy();
 8002808:	f7ff fb5e 	bl	8001ec8 <arch_data_copy>
#if defined(CONFIG_ARM_CUSTOM_INTERRUPT_CONTROLLER)
	/* Invoke SoC-specific interrupt controller initialization */
	z_soc_irq_init();
#else
	z_arm_interrupt_init();
 800280c:	f000 f8cc 	bl	80029a8 <z_arm_interrupt_init>
#endif

#ifdef CONFIG_NULL_POINTER_EXCEPTION_DETECTION_DWT
	z_arm_debug_enable_null_pointer_detection();
#endif
	z_cstart();
 8002810:	f002 fc50 	bl	80050b4 <z_cstart>
 8002814:	e000ed00 	.word	0xe000ed00

08002818 <min_stack>:
 *         thread stack corruption, otherwise return 0.
 */
static uint32_t min_stack(const uint32_t fault_addr, const uint32_t psp)
{
#if defined(CONFIG_MULTITHREADING)
	const struct k_thread *thread = _current;
 8002818:	4b10      	ldr	r3, [pc, #64]	@ (800285c <min_stack+0x44>)
 800281a:	689b      	ldr	r3, [r3, #8]

	if (thread == NULL) {
 800281c:	b1bb      	cbz	r3, 800284e <min_stack+0x36>
			return thread->stack_info.start;
		}
	}
#else /* CONFIG_USERSPACE */
#if defined(CONFIG_MULTITHREADING)
	if (IS_MPU_GUARD_VIOLATION(thread->stack_info.start - guard_len, guard_len, fault_addr,
 800281e:	f110 0f16 	cmn.w	r0, #22
 8002822:	d00b      	beq.n	800283c <min_stack+0x24>
 8002824:	f8d3 2094 	ldr.w	r2, [r3, #148]	@ 0x94
 8002828:	f1a2 0c40 	sub.w	ip, r2, #64	@ 0x40
 800282c:	4584      	cmp	ip, r0
 800282e:	d810      	bhi.n	8002852 <min_stack+0x3a>
 8002830:	4282      	cmp	r2, r0
 8002832:	d910      	bls.n	8002856 <min_stack+0x3e>
 8002834:	428a      	cmp	r2, r1
 8002836:	d807      	bhi.n	8002848 <min_stack+0x30>
		return (uint32_t)K_THREAD_STACK_BUFFER(z_main_stack);
	}
#endif
#endif /* CONFIG_USERSPACE */

	return 0;
 8002838:	2000      	movs	r0, #0
 800283a:	4770      	bx	lr
	if (IS_MPU_GUARD_VIOLATION(thread->stack_info.start - guard_len, guard_len, fault_addr,
 800283c:	f8d3 2094 	ldr.w	r2, [r3, #148]	@ 0x94
 8002840:	428a      	cmp	r2, r1
 8002842:	d801      	bhi.n	8002848 <min_stack+0x30>
	return 0;
 8002844:	2000      	movs	r0, #0
}
 8002846:	4770      	bx	lr
		return thread->stack_info.start;
 8002848:	f8d3 0094 	ldr.w	r0, [r3, #148]	@ 0x94
 800284c:	4770      	bx	lr
		return 0;
 800284e:	2000      	movs	r0, #0
 8002850:	4770      	bx	lr
	return 0;
 8002852:	2000      	movs	r0, #0
 8002854:	4770      	bx	lr
 8002856:	2000      	movs	r0, #0
 8002858:	4770      	bx	lr
 800285a:	bf00      	nop
 800285c:	20000a40 	.word	0x20000a40

08002860 <arch_new_thread>:
{
 8002860:	b410      	push	{r4}
	struct __basic_sf *iframe = Z_STACK_PTR_TO_FRAME(struct __basic_sf, stack_ptr);
 8002862:	f1a2 0420 	sub.w	r4, r2, #32
	iframe->pc = (uint32_t)entry_wrapper;
 8002866:	490e      	ldr	r1, [pc, #56]	@ (80028a0 <arch_new_thread+0x40>)
 8002868:	f842 1c08 	str.w	r1, [r2, #-8]
	iframe->pc &= 0xfffffffe;
 800286c:	f021 0101 	bic.w	r1, r1, #1
 8002870:	f842 1c08 	str.w	r1, [r2, #-8]
	iframe->a1 = (uint32_t)entry;
 8002874:	f842 3c20 	str.w	r3, [r2, #-32]
	iframe->a2 = (uint32_t)p1;
 8002878:	9b01      	ldr	r3, [sp, #4]
 800287a:	f842 3c1c 	str.w	r3, [r2, #-28]
	iframe->a3 = (uint32_t)p2;
 800287e:	9b02      	ldr	r3, [sp, #8]
 8002880:	f842 3c18 	str.w	r3, [r2, #-24]
	iframe->a4 = (uint32_t)p3;
 8002884:	9b03      	ldr	r3, [sp, #12]
 8002886:	f842 3c14 	str.w	r3, [r2, #-20]
	iframe->xpsr = 0x01000000UL; /* clear all, thumb bit is 1, even if RO */
 800288a:	f04f 7380 	mov.w	r3, #16777216	@ 0x1000000
 800288e:	f842 3c04 	str.w	r3, [r2, #-4]
	thread->callee_saved.psp = (uint32_t)iframe;
 8002892:	6504      	str	r4, [r0, #80]	@ 0x50
	thread->arch.basepri = 0;
 8002894:	2300      	movs	r3, #0
 8002896:	f8c0 30a8 	str.w	r3, [r0, #168]	@ 0xa8
}
 800289a:	bc10      	pop	{r4}
 800289c:	4770      	bx	lr
 800289e:	bf00      	nop
 80028a0:	08000ff9 	.word	0x08000ff9

080028a4 <arch_switch_to_main_thread>:
#endif /* CONFIG_FPU */
}

void arch_switch_to_main_thread(struct k_thread *main_thread, char *stack_ptr,
				k_thread_entry_t _main)
{
 80028a4:	b508      	push	{r3, lr}
 80028a6:	460e      	mov	r6, r1
 80028a8:	4615      	mov	r5, r2
	z_arm_prepare_switch_to_main();

	z_current_thread_set(main_thread);
 80028aa:	4a0c      	ldr	r2, [pc, #48]	@ (80028dc <arch_switch_to_main_thread+0x38>)
 80028ac:	6090      	str	r0, [r2, #8]
	 * thread for the first time, as the pointer is only set
	 * during context switching.
	 */
	extern uintptr_t z_arm_tls_ptr;

	z_arm_tls_ptr = main_thread->tls;
 80028ae:	f8d0 20a4 	ldr.w	r2, [r0, #164]	@ 0xa4
 80028b2:	4b0b      	ldr	r3, [pc, #44]	@ (80028e0 <arch_switch_to_main_thread+0x3c>)
 80028b4:	601a      	str	r2, [r3, #0]
#if defined(CONFIG_MPU_STACK_GUARD) || defined(CONFIG_USERSPACE)
	/*
	 * If stack protection is enabled, make sure to set it
	 * before jumping to thread entry function
	 */
	z_arm_configure_dynamic_mpu_regions(main_thread);
 80028b6:	f000 f8b5 	bl	8002a24 <z_arm_configure_dynamic_mpu_regions>
	 * with the thread entry process.
	 *
	 * When calling arch_irq_unlock_outlined, LR is lost which is fine since
	 * we do not intend to return after calling z_thread_entry.
	 */
	__asm__ volatile("mov   r4,  %0\n" /* force _main to be stored in a register */
 80028ba:	462c      	mov	r4, r5
 80028bc:	f386 8809 	msr	PSP, r6
 80028c0:	2000      	movs	r0, #0
 80028c2:	4b04      	ldr	r3, [pc, #16]	@ (80028d4 <arch_switch_to_main_thread+0x30>)
 80028c4:	4798      	blx	r3
 80028c6:	4620      	mov	r0, r4
 80028c8:	2100      	movs	r1, #0
 80028ca:	2200      	movs	r2, #0
 80028cc:	2300      	movs	r3, #0
 80028ce:	4c02      	ldr	r4, [pc, #8]	@ (80028d8 <arch_switch_to_main_thread+0x34>)
 80028d0:	4720      	bx	r4
 80028d2:	0000      	.short	0x0000
 80028d4:	08007b1b 	.word	0x08007b1b
 80028d8:	08000ff9 	.word	0x08000ff9
#endif
			 :
			 : "r"(_main), "r"(stack_ptr)
			 : "r0", "r1", "r2", "r3", "r4", "ip", "lr", "memory");

	CODE_UNREACHABLE;
 80028dc:	20000a40 	.word	0x20000a40
 80028e0:	20000998 	.word	0x20000998

080028e4 <z_arm_cpu_idle_init>:
 * Only called by arch_kernel_init(). Sets SEVONPEND bit once for the system's
 * duration.
 */
void z_arm_cpu_idle_init(void)
{
	SCB->SCR = SCB_SCR_SEVONPEND_Msk;
 80028e4:	4b01      	ldr	r3, [pc, #4]	@ (80028ec <z_arm_cpu_idle_init+0x8>)
 80028e6:	2210      	movs	r2, #16
 80028e8:	611a      	str	r2, [r3, #16]
}
 80028ea:	4770      	bx	lr
 80028ec:	e000ed00 	.word	0xe000ed00

080028f0 <z_arm_exc_exit>:
 *
 */
Z_GENERIC_SECTION(.text._HandlerModeExit) void z_arm_exc_exit(void)
{
#ifdef CONFIG_PREEMPT_ENABLED
	if (_kernel.ready_q.cache != _kernel.cpus->current) {
 80028f0:	4b05      	ldr	r3, [pc, #20]	@ (8002908 <z_arm_exc_exit+0x18>)
 80028f2:	695a      	ldr	r2, [r3, #20]
 80028f4:	689b      	ldr	r3, [r3, #8]
 80028f6:	429a      	cmp	r2, r3
 80028f8:	d004      	beq.n	8002904 <z_arm_exc_exit+0x14>
		SCB->ICSR |= SCB_ICSR_PENDSVSET_Msk;
 80028fa:	4a04      	ldr	r2, [pc, #16]	@ (800290c <z_arm_exc_exit+0x1c>)
 80028fc:	6853      	ldr	r3, [r2, #4]
 80028fe:	f043 5380 	orr.w	r3, r3, #268435456	@ 0x10000000
 8002902:	6053      	str	r3, [r2, #4]
#endif /* CONFIG_PREEMPT_ENABLED */

#ifdef CONFIG_STACK_SENTINEL
	z_check_stack_sentinel();
#endif /* CONFIG_STACK_SENTINEL */
}
 8002904:	4770      	bx	lr
 8002906:	bf00      	nop
 8002908:	20000a40 	.word	0x20000a40
 800290c:	e000ed00 	.word	0xe000ed00

08002910 <z_impl_k_thread_abort>:
#include <zephyr/linker/sections.h>
#include <kswap.h>
#include <zephyr/sys/__assert.h>

void z_impl_k_thread_abort(k_tid_t thread)
{
 8002910:	b508      	push	{r3, lr}
	SYS_PORT_TRACING_OBJ_FUNC_ENTER(k_thread, abort, thread);

	if (_current == thread) {
 8002912:	4b0a      	ldr	r3, [pc, #40]	@ (800293c <z_impl_k_thread_abort+0x2c>)
 8002914:	689b      	ldr	r3, [r3, #8]
 8002916:	4283      	cmp	r3, r0
 8002918:	d002      	beq.n	8002920 <z_impl_k_thread_abort+0x10>
			 */
			SCB->SHCSR &= ~SCB_SHCSR_SVCALLPENDED_Msk;
		}
	}

	z_thread_abort(thread);
 800291a:	f002 fffb 	bl	8005914 <z_thread_abort>

	SYS_PORT_TRACING_OBJ_FUNC_EXIT(k_thread, abort, thread);
}
 800291e:	bd08      	pop	{r3, pc}
  __ASM volatile ("MRS %0, ipsr" : "=r" (result) );
 8002920:	f3ef 8305 	mrs	r3, IPSR
		if (arch_is_in_isr()) {
 8002924:	2b00      	cmp	r3, #0
 8002926:	d0f8      	beq.n	800291a <z_impl_k_thread_abort+0xa>
			SCB->ICSR |= SCB_ICSR_PENDSVSET_Msk;
 8002928:	4b05      	ldr	r3, [pc, #20]	@ (8002940 <z_impl_k_thread_abort+0x30>)
 800292a:	685a      	ldr	r2, [r3, #4]
 800292c:	f042 5280 	orr.w	r2, r2, #268435456	@ 0x10000000
 8002930:	605a      	str	r2, [r3, #4]
			SCB->SHCSR &= ~SCB_SHCSR_SVCALLPENDED_Msk;
 8002932:	6a5a      	ldr	r2, [r3, #36]	@ 0x24
 8002934:	f422 4200 	bic.w	r2, r2, #32768	@ 0x8000
 8002938:	625a      	str	r2, [r3, #36]	@ 0x24
 800293a:	e7ee      	b.n	800291a <z_impl_k_thread_abort+0xa>
 800293c:	20000a40 	.word	0x20000a40
 8002940:	e000ed00 	.word	0xe000ed00

08002944 <z_arm_pendsv>:
    /* load _kernel into r1 and current k_thread into r2 */
#if defined(CONFIG_SLOW_FLASH_DATA)
    movw r1, #:lower16:_kernel
    movt r1, #:upper16:_kernel
#else
    ldr r1, =_kernel
 8002944:	4915      	ldr	r1, [pc, #84]	@ (800299c <z_arm_pendsv+0x58>)
#endif
    ldr r2, [r1, #_kernel_offset_to_current]
 8002946:	688a      	ldr	r2, [r1, #8]
    /* Store LSB of LR (EXC_RETURN) to the thread's 'mode' word. */
    strb lr, [r2, #_thread_offset_to_mode_exc_return]
#endif

    /* addr of callee-saved regs in thread in r0 */
    ldr r0, =_thread_offset_to_callee_saved
 8002948:	f04f 0030 	mov.w	r0, #48	@ 0x30
    add r0, r2
 800294c:	4410      	add	r0, r2

    /* save callee-saved + psp in thread */
    mrs ip, PSP
 800294e:	f3ef 8c09 	mrs	ip, PSP
    mov r6, r11
    mov r7, ip
    /* store r8-12 */
    stmea r0!, {r3-r7}
#elif defined(CONFIG_ARMV7_M_ARMV8_M_MAINLINE)
    stmia r0, {r4-r11, ip}
 8002952:	e880 1ff0 	stmia.w	r0, {r4, r5, r6, r7, r8, r9, sl, fp, ip}

    /* Protect the kernel state while we play with the thread lists */
#if defined(CONFIG_ARMV6_M_ARMV8_M_BASELINE)
    cpsid i
#elif defined(CONFIG_ARMV7_M_ARMV8_M_MAINLINE)
    movs.n r0, #_EXC_IRQ_DEFAULT_PRIO
 8002956:	2010      	movs	r0, #16
    msr BASEPRI_MAX, r0
 8002958:	f380 8812 	msr	BASEPRI_MAX, r0
    isb /* Make the effect of disabling interrupts be realized immediately */
 800295c:	f3bf 8f6f 	isb	sy
     */
#if defined(CONFIG_SLOW_FLASH_DATA)
    movw r7, #:lower16:_SCS_ICSR
    movt r7, #:upper16:_SCS_ICSR
#else
    ldr r7, =_SCS_ICSR
 8002960:	4f0f      	ldr	r7, [pc, #60]	@ (80029a0 <z_arm_pendsv+0x5c>)
#endif
    ldr r6, =_SCS_ICSR_UNPENDSV
 8002962:	f04f 6600 	mov.w	r6, #134217728	@ 0x8000000

    /* _kernel is still in r1 */

    /* fetch the thread to run from the ready queue cache */
    ldr r2, [r1, #_kernel_offset_to_ready_q_cache]
 8002966:	694a      	ldr	r2, [r1, #20]

    str r2, [r1, #_kernel_offset_to_current]
 8002968:	608a      	str	r2, [r1, #8]
     * since they were based on the previous kernel state and this
     * has been handled.
     */

    /* _SCS_ICSR is still in r7 and _SCS_ICSR_UNPENDSV in r6 */
    str r6, [r7, #0]
 800296a:	603e      	str	r6, [r7, #0]
#if defined(CONFIG_ARMV6_M_ARMV8_M_BASELINE)
    ldr r4, =_thread_offset_to_tls
    adds r4, r2, r4
    ldr r0, [r4]
#else
    ldr r0, [r2, #_thread_offset_to_tls]
 800296c:	f8d2 00a4 	ldr.w	r0, [r2, #164]	@ 0xa4

    /* For Cortex-M, store TLS pointer in a global variable,
     * as it lacks the process ID or thread ID register
     * to be used by toolchain to access thread data.
     */
    ldr r4, =z_arm_tls_ptr
 8002970:	4c0c      	ldr	r4, [pc, #48]	@ (80029a4 <z_arm_pendsv+0x60>)
    str r0, [r4]
 8002972:	6020      	str	r0, [r4, #0]

    ldr r0, [r4]
    movs.n r3, #0
    str r3, [r4]
#else
    ldr r0, [r2, #_thread_offset_to_basepri]
 8002974:	f8d2 00a8 	ldr.w	r0, [r2, #168]	@ 0xa8
    movs r3, #0
 8002978:	2300      	movs	r3, #0
    str r3, [r2, #_thread_offset_to_basepri]
 800297a:	f8c2 30a8 	str.w	r3, [r2, #168]	@ 0xa8
    /* restore r4-r7, go back 9*4 bytes to the start of the stored block */
    subs r0, #36
    ldmia r0!, {r4-r7}
#elif defined(CONFIG_ARMV7_M_ARMV8_M_MAINLINE)
    /* restore BASEPRI for the incoming thread */
    msr BASEPRI, r0
 800297e:	f380 8811 	msr	BASEPRI, r0
    isb
#endif

#if defined(CONFIG_MPU_STACK_GUARD) || defined(CONFIG_USERSPACE)
    /* Re-program dynamic memory map */
    push {r2,lr}
 8002982:	b504      	push	{r2, lr}
    mov r0, r2 /* _current thread */
 8002984:	4610      	mov	r0, r2
    bl z_arm_configure_dynamic_mpu_regions
 8002986:	f000 f84d 	bl	8002a24 <z_arm_configure_dynamic_mpu_regions>
    pop {r2,lr}
 800298a:	e8bd 4004 	ldmia.w	sp!, {r2, lr}
    msr  PAC_KEY_P_3, r6
    clrm {r3-r6}
#endif /* CONFIG_ARM_PAC_PER_THREAD */

    /* load callee-saved + psp from thread */
    add r0, r2, #_thread_offset_to_callee_saved
 800298e:	f102 0030 	add.w	r0, r2, #48	@ 0x30
    ldmia r0, {r4-r11, ip}
 8002992:	e890 1ff0 	ldmia.w	r0, {r4, r5, r6, r7, r8, r9, sl, fp, ip}
#else
#error Unknown ARM architecture
#endif /* CONFIG_ARMV6_M_ARMV8_M_BASELINE */

    msr PSP, ip
 8002996:	f38c 8809 	msr	PSP, ip
#endif /* CONFIG_INSTRUMENT_THREAD_SWITCHING */

    /*
     * Cortex-M: return from PendSV exception
     */
    bx lr
 800299a:	4770      	bx	lr
    ldr r1, =_kernel
 800299c:	20000a40 	.word	0x20000a40
    ldr r7, =_SCS_ICSR
 80029a0:	e000ed04 	.word	0xe000ed04
    ldr r4, =z_arm_tls_ptr
 80029a4:	20000998 	.word	0x20000998

080029a8 <z_arm_interrupt_init>:
 *
 */

void z_arm_interrupt_init(void)
{
	int irq = 0;
 80029a8:	2200      	movs	r2, #0

/* CONFIG_2ND_LVL_ISR_TBL_OFFSET could be treated as total number of level1 interrupts */
#if defined(CONFIG_MULTI_LEVEL_INTERRUPTS) && defined(CONFIG_2ND_LVL_ISR_TBL_OFFSET)
	for (; irq < CONFIG_2ND_LVL_ISR_TBL_OFFSET; irq++) {
#else
	for (; irq < CONFIG_NUM_IRQS; irq++) {
 80029aa:	e006      	b.n	80029ba <z_arm_interrupt_init+0x12>
    SCB->SHPR[(((uint32_t)IRQn) & 0xFUL)-4UL] = (uint8_t)((priority << (8U - __NVIC_PRIO_BITS)) & (uint32_t)0xFFUL);
 80029ac:	f003 030f 	and.w	r3, r3, #15
 80029b0:	4909      	ldr	r1, [pc, #36]	@ (80029d8 <z_arm_interrupt_init+0x30>)
 80029b2:	4419      	add	r1, r3
 80029b4:	2310      	movs	r3, #16
 80029b6:	760b      	strb	r3, [r1, #24]
 80029b8:	3201      	adds	r2, #1
 80029ba:	2a49      	cmp	r2, #73	@ 0x49
 80029bc:	dc0a      	bgt.n	80029d4 <z_arm_interrupt_init+0x2c>
#endif
		NVIC_SetPriority((IRQn_Type)irq, _IRQ_PRIO_OFFSET);
 80029be:	b253      	sxtb	r3, r2
  if ((int32_t)(IRQn) >= 0)
 80029c0:	2b00      	cmp	r3, #0
 80029c2:	dbf3      	blt.n	80029ac <z_arm_interrupt_init+0x4>
    NVIC->IPR[((uint32_t)IRQn)]               = (uint8_t)((priority << (8U - __NVIC_PRIO_BITS)) & (uint32_t)0xFFUL);
 80029c4:	f103 4360 	add.w	r3, r3, #3758096384	@ 0xe0000000
 80029c8:	f503 4361 	add.w	r3, r3, #57600	@ 0xe100
 80029cc:	2110      	movs	r1, #16
 80029ce:	f883 1300 	strb.w	r1, [r3, #768]	@ 0x300
 80029d2:	e7f1      	b.n	80029b8 <z_arm_interrupt_init+0x10>
	}
}
 80029d4:	4770      	bx	lr
 80029d6:	bf00      	nop
 80029d8:	e000ecfc 	.word	0xe000ecfc

080029dc <_isr_wrapper>:
 * z_arm_pendsv()) and pends the PendSV exception if so: the latter will
 * perform the context switch itself.
 *
 */
void _isr_wrapper(void)
{
 80029dc:	b508      	push	{r3, lr}
 80029de:	f3ef 8305 	mrs	r3, IPSR
#endif
	/* _sw_isr_table does not map the core system exceptions,
	 * which take first 16 interrupt numbers, only the external
	 * interrupts.
	 */
	irq_number -= 16;
 80029e2:	3b10      	subs	r3, #16

	const struct _isr_table_entry *entry = &_sw_isr_table[irq_number];
	(entry->isr)(entry->arg);
 80029e4:	4a04      	ldr	r2, [pc, #16]	@ (80029f8 <_isr_wrapper+0x1c>)
 80029e6:	eb02 01c3 	add.w	r1, r2, r3, lsl #3
 80029ea:	6849      	ldr	r1, [r1, #4]
 80029ec:	f852 0033 	ldr.w	r0, [r2, r3, lsl #3]
 80029f0:	4788      	blx	r1

#ifdef CONFIG_TRACING_ISR
	sys_trace_isr_exit();
#endif /* CONFIG_TRACING_ISR */

	z_arm_exc_exit();
 80029f2:	f7ff ff7d 	bl	80028f0 <z_arm_exc_exit>
}
 80029f6:	bd08      	pop	{r3, pc}
 80029f8:	080092dc 	.word	0x080092dc

080029fc <__aeabi_read_tp>:
 *
 * This can only be guaranteed by either implementing a naked C function with
 * inline assembly, or plain assembly.
 */
SECTION_FUNC(TEXT, __aeabi_read_tp)
	ldr r0, =z_arm_tls_ptr
 80029fc:	4801      	ldr	r0, [pc, #4]	@ (8002a04 <__aeabi_read_tp+0x8>)
	ldr r0, [r0]
 80029fe:	6800      	ldr	r0, [r0, #0]
	bx lr
 8002a00:	4770      	bx	lr
 8002a02:	0000      	.short	0x0000
	ldr r0, =z_arm_tls_ptr
 8002a04:	20000998 	.word	0x20000998

08002a08 <z_arm_configure_static_mpu_regions>:
 *
 * For some MPU architectures, such as the unmodified ARMv8-M MPU,
 * the function must execute with MPU enabled.
 */
void z_arm_configure_static_mpu_regions(void)
{
 8002a08:	b508      	push	{r3, lr}
	 * into account the unused SRAM area, as well.
	 */
#ifdef CONFIG_AARCH32_ARMV8_R
	arm_core_mpu_disable();
#endif
	arm_core_mpu_configure_static_mpu_regions(static_regions,
 8002a0a:	4b03      	ldr	r3, [pc, #12]	@ (8002a18 <z_arm_configure_static_mpu_regions+0x10>)
 8002a0c:	4a03      	ldr	r2, [pc, #12]	@ (8002a1c <z_arm_configure_static_mpu_regions+0x14>)
 8002a0e:	2101      	movs	r1, #1
 8002a10:	4803      	ldr	r0, [pc, #12]	@ (8002a20 <z_arm_configure_static_mpu_regions+0x18>)
 8002a12:	f005 f9c1 	bl	8007d98 <arm_core_mpu_configure_static_mpu_regions>
	};

	arm_core_mpu_mark_areas_for_dynamic_regions(dyn_region_areas,
		ARRAY_SIZE(dyn_region_areas));
#endif /* CONFIG_MPU_REQUIRES_NON_OVERLAPPING_REGIONS */
}
 8002a16:	bd08      	pop	{r3, pc}
 8002a18:	20018000 	.word	0x20018000
 8002a1c:	20000000 	.word	0x20000000
 8002a20:	0800a6ac 	.word	0x0800a6ac

08002a24 <z_arm_configure_dynamic_mpu_regions>:
 *
 * This function is not inherently thread-safe, but the memory domain
 * spinlock needs to be held anyway.
 */
void z_arm_configure_dynamic_mpu_regions(struct k_thread *thread)
{
 8002a24:	b508      	push	{r3, lr}
#endif /* CONFIG_USERSPACE */
	{
		/* A supervisor thread only has the normal thread stack to
		 * protect with a stack guard.
		 */
		guard_start = thread->stack_info.start - guard_size;
 8002a26:	f8d0 3094 	ldr.w	r3, [r0, #148]	@ 0x94
 8002a2a:	3b40      	subs	r3, #64	@ 0x40
	}

	__ASSERT(region_num < _MAX_DYNAMIC_MPU_REGIONS_NUM,
		"Out-of-bounds error for dynamic region map.");

	dynamic_regions[region_num].start = guard_start;
 8002a2c:	4804      	ldr	r0, [pc, #16]	@ (8002a40 <z_arm_configure_dynamic_mpu_regions+0x1c>)
 8002a2e:	6003      	str	r3, [r0, #0]
	dynamic_regions[region_num].size = guard_size;
 8002a30:	2340      	movs	r3, #64	@ 0x40
 8002a32:	6043      	str	r3, [r0, #4]
	dynamic_regions[region_num].attr = K_MEM_PARTITION_P_RO_U_NA;
 8002a34:	4b03      	ldr	r3, [pc, #12]	@ (8002a44 <z_arm_configure_dynamic_mpu_regions+0x20>)
 8002a36:	6083      	str	r3, [r0, #8]

	/* Configure the dynamic MPU regions */
#ifdef CONFIG_AARCH32_ARMV8_R
	arm_core_mpu_disable();
#endif
	arm_core_mpu_configure_dynamic_mpu_regions(dynamic_regions,
 8002a38:	2101      	movs	r1, #1
 8002a3a:	f005 f9b1 	bl	8007da0 <arm_core_mpu_configure_dynamic_mpu_regions>
						   region_num);
#ifdef CONFIG_AARCH32_ARMV8_R
	arm_core_mpu_enable();
#endif
}
 8002a3e:	bd08      	pop	{r3, pc}
 8002a40:	2000099c 	.word	0x2000099c
 8002a44:	150b0000 	.word	0x150b0000

08002a48 <region_init>:
	return (uint8_t)type;
}

static inline void set_region_number(uint32_t index)
{
	MPU->RNR = index;
 8002a48:	4a08      	ldr	r2, [pc, #32]	@ (8002a6c <region_init+0x24>)
 8002a4a:	f8c2 0098 	str.w	r0, [r2, #152]	@ 0x98

	set_region_base_address(region_conf->base & MPU_RBAR_ADDR_Msk);
	set_region_attributes(region_conf->attr.rasr);
	set_region_size(region_conf->size | MPU_RASR_ENABLE_Msk);
#else
	MPU->RBAR = (region_conf->base & MPU_RBAR_ADDR_Msk)
 8002a4e:	680b      	ldr	r3, [r1, #0]
 8002a50:	f023 031f 	bic.w	r3, r3, #31
				| MPU_RBAR_VALID_Msk | index;
 8002a54:	4303      	orrs	r3, r0
 8002a56:	f043 0310 	orr.w	r3, r3, #16
	MPU->RBAR = (region_conf->base & MPU_RBAR_ADDR_Msk)
 8002a5a:	f8c2 309c 	str.w	r3, [r2, #156]	@ 0x9c
	MPU->RASR = region_conf->attr.rasr | MPU_RASR_ENABLE_Msk;
 8002a5e:	688b      	ldr	r3, [r1, #8]
 8002a60:	f043 0301 	orr.w	r3, r3, #1
 8002a64:	f8c2 30a0 	str.w	r3, [r2, #160]	@ 0xa0
	LOG_DBG("[%d] 0x%08x 0x%08x",
		index, region_conf->base, region_conf->attr.rasr);
#endif
}
 8002a68:	4770      	bx	lr
 8002a6a:	bf00      	nop
 8002a6c:	e000ed00 	.word	0xe000ed00

08002a70 <region_allocate_and_init>:
#error "Unsupported ARM CPU"
#endif

static int region_allocate_and_init(const uint8_t index,
	const struct arm_mpu_region *region_conf)
{
 8002a70:	b510      	push	{r4, lr}
 8002a72:	4604      	mov	r4, r0
	uint32_t type = MPU->TYPE;
 8002a74:	4b0a      	ldr	r3, [pc, #40]	@ (8002aa0 <region_allocate_and_init+0x30>)
 8002a76:	f8d3 3090 	ldr.w	r3, [r3, #144]	@ 0x90
	/* Attempt to allocate new region index. */
	if (index > (get_num_regions() - 1U)) {
 8002a7a:	f3c3 2307 	ubfx	r3, r3, #8, #8
 8002a7e:	3b01      	subs	r3, #1
 8002a80:	4298      	cmp	r0, r3
 8002a82:	d803      	bhi.n	8002a8c <region_allocate_and_init+0x1c>
	}

	LOG_DBG("Program MPU region at index 0x%x", index);

	/* Program region */
	region_init(index, region_conf);
 8002a84:	f7ff ffe0 	bl	8002a48 <region_init>

	return index;
 8002a88:	4620      	mov	r0, r4
}
 8002a8a:	bd10      	pop	{r4, pc}
 8002a8c:	4603      	mov	r3, r0
 8002a8e:	4a05      	ldr	r2, [pc, #20]	@ (8002aa4 <region_allocate_and_init+0x34>)
 8002a90:	2101      	movs	r1, #1
 8002a92:	4805      	ldr	r0, [pc, #20]	@ (8002aa8 <region_allocate_and_init+0x38>)
 8002a94:	f004 fee7 	bl	8007866 <z_impl_z_log_msg_simple_create_1>
		return -EINVAL;
 8002a98:	f06f 0015 	mvn.w	r0, #21
 8002a9c:	e7f5      	b.n	8002a8a <region_allocate_and_init+0x1a>
 8002a9e:	bf00      	nop
 8002aa0:	e000ed00 	.word	0xe000ed00
 8002aa4:	08009da8 	.word	0x08009da8
 8002aa8:	08009614 	.word	0x08009614

08002aac <mpu_configure_regions>:
 * coherence check of the memory regions to be programmed.
 */
static int mpu_configure_regions(const struct z_arm_mpu_partition
	regions[], uint8_t regions_num, uint8_t start_reg_index,
	bool do_coherence_check)
{
 8002aac:	e92d 43f8 	stmdb	sp!, {r3, r4, r5, r6, r7, r8, r9, lr}
 8002ab0:	4680      	mov	r8, r0
 8002ab2:	460f      	mov	r7, r1
 8002ab4:	4699      	mov	r9, r3
	int i;
	int reg_index = start_reg_index;
 8002ab6:	4616      	mov	r6, r2

	for (i = 0; i < regions_num; i++) {
 8002ab8:	2500      	movs	r5, #0
 8002aba:	e009      	b.n	8002ad0 <mpu_configure_regions+0x24>
				(!mpu_partition_is_valid(&regions[i]))) {
			LOG_ERR("Partition %u: coherence check failed.", i);
			return -EINVAL;
		}

		reg_index = mpu_configure_region(reg_index, &regions[i]);
 8002abc:	4621      	mov	r1, r4
 8002abe:	b2f0      	uxtb	r0, r6
 8002ac0:	f005 f850 	bl	8007b64 <mpu_configure_region>
 8002ac4:	4606      	mov	r6, r0

		if (reg_index == -EINVAL) {
 8002ac6:	f110 0f16 	cmn.w	r0, #22
 8002aca:	d01a      	beq.n	8002b02 <mpu_configure_regions+0x56>
			return reg_index;
		}

		/* Increment number of programmed MPU indices. */
		reg_index++;
 8002acc:	3601      	adds	r6, #1
	for (i = 0; i < regions_num; i++) {
 8002ace:	3501      	adds	r5, #1
 8002ad0:	42bd      	cmp	r5, r7
 8002ad2:	da16      	bge.n	8002b02 <mpu_configure_regions+0x56>
		if (regions[i].size == 0U) {
 8002ad4:	eb05 0445 	add.w	r4, r5, r5, lsl #1
 8002ad8:	eb08 0484 	add.w	r4, r8, r4, lsl #2
 8002adc:	6862      	ldr	r2, [r4, #4]
 8002ade:	2a00      	cmp	r2, #0
 8002ae0:	d0f5      	beq.n	8002ace <mpu_configure_regions+0x22>
		if (do_coherence_check &&
 8002ae2:	f1b9 0f00 	cmp.w	r9, #0
 8002ae6:	d0e9      	beq.n	8002abc <mpu_configure_regions+0x10>
				(!mpu_partition_is_valid(&regions[i]))) {
 8002ae8:	4620      	mov	r0, r4
 8002aea:	f005 f82a 	bl	8007b42 <mpu_partition_is_valid>
		if (do_coherence_check &&
 8002aee:	2800      	cmp	r0, #0
 8002af0:	d1e4      	bne.n	8002abc <mpu_configure_regions+0x10>
 8002af2:	462b      	mov	r3, r5
 8002af4:	4a04      	ldr	r2, [pc, #16]	@ (8002b08 <mpu_configure_regions+0x5c>)
 8002af6:	2101      	movs	r1, #1
 8002af8:	4804      	ldr	r0, [pc, #16]	@ (8002b0c <mpu_configure_regions+0x60>)
 8002afa:	f004 feb4 	bl	8007866 <z_impl_z_log_msg_simple_create_1>
			return -EINVAL;
 8002afe:	f06f 0615 	mvn.w	r6, #21
	}

	return reg_index;
}
 8002b02:	4630      	mov	r0, r6
 8002b04:	e8bd 83f8 	ldmia.w	sp!, {r3, r4, r5, r6, r7, r8, r9, pc}
 8002b08:	08009dd0 	.word	0x08009dd0
 8002b0c:	08009614 	.word	0x08009614

08002b10 <mpu_configure_static_mpu_regions>:
 */
static int mpu_configure_static_mpu_regions(const struct z_arm_mpu_partition
	static_regions[], const uint8_t regions_num,
	const uint32_t background_area_base,
	const uint32_t background_area_end)
{
 8002b10:	b510      	push	{r4, lr}
	int mpu_reg_index = static_regions_num;
 8002b12:	4c03      	ldr	r4, [pc, #12]	@ (8002b20 <mpu_configure_static_mpu_regions+0x10>)
	 * programmed on top of SRAM region configuration.
	 */
	ARG_UNUSED(background_area_base);
	ARG_UNUSED(background_area_end);

	mpu_reg_index = mpu_configure_regions(static_regions,
 8002b14:	2301      	movs	r3, #1
 8002b16:	7822      	ldrb	r2, [r4, #0]
 8002b18:	f7ff ffc8 	bl	8002aac <mpu_configure_regions>
		regions_num, mpu_reg_index, true);

	static_regions_num = mpu_reg_index;
 8002b1c:	7020      	strb	r0, [r4, #0]

	return mpu_reg_index;
}
 8002b1e:	bd10      	pop	{r4, pc}
 8002b20:	20000a76 	.word	0x20000a76

08002b24 <mpu_configure_dynamic_mpu_regions>:
 * If the dynamic MPU regions configuration has not been successfully
 * performed, the error signal is propagated to the caller of the function.
 */
static int mpu_configure_dynamic_mpu_regions(const struct z_arm_mpu_partition
	dynamic_regions[], uint8_t regions_num)
{
 8002b24:	b508      	push	{r3, lr}

	/* In ARMv7-M architecture the dynamic regions are
	 * programmed on top of existing SRAM region configuration.
	 */

	mpu_reg_index = mpu_configure_regions(dynamic_regions,
 8002b26:	2300      	movs	r3, #0
 8002b28:	4a0b      	ldr	r2, [pc, #44]	@ (8002b58 <mpu_configure_dynamic_mpu_regions+0x34>)
 8002b2a:	7812      	ldrb	r2, [r2, #0]
 8002b2c:	f7ff ffbe 	bl	8002aac <mpu_configure_regions>
		regions_num, mpu_reg_index, false);

	if (mpu_reg_index != -EINVAL) {
 8002b30:	f110 0f16 	cmn.w	r0, #22
 8002b34:	d00f      	beq.n	8002b56 <mpu_configure_dynamic_mpu_regions+0x32>

		/* Disable the non-programmed MPU regions. */
		for (int i = mpu_reg_index; i < get_num_regions(); i++) {
 8002b36:	4602      	mov	r2, r0
 8002b38:	e006      	b.n	8002b48 <mpu_configure_dynamic_mpu_regions+0x24>
/** Clear and disable the given MPU region.
* \param rnr Region number to be cleared.
*/
__STATIC_INLINE void ARM_MPU_ClrRegion(uint32_t rnr)
{
  MPU->RNR = rnr;
 8002b3a:	4b08      	ldr	r3, [pc, #32]	@ (8002b5c <mpu_configure_dynamic_mpu_regions+0x38>)
 8002b3c:	f8c3 2098 	str.w	r2, [r3, #152]	@ 0x98
  MPU->RASR = 0U;
 8002b40:	2100      	movs	r1, #0
 8002b42:	f8c3 10a0 	str.w	r1, [r3, #160]	@ 0xa0
 8002b46:	3201      	adds	r2, #1
 8002b48:	4b04      	ldr	r3, [pc, #16]	@ (8002b5c <mpu_configure_dynamic_mpu_regions+0x38>)
 8002b4a:	f8d3 3090 	ldr.w	r3, [r3, #144]	@ 0x90
 8002b4e:	f3c3 2307 	ubfx	r3, r3, #8, #8
 8002b52:	4293      	cmp	r3, r2
 8002b54:	dcf1      	bgt.n	8002b3a <mpu_configure_dynamic_mpu_regions+0x16>
			ARM_MPU_ClrRegion(i);
		}
	}

	return mpu_reg_index;
}
 8002b56:	bd08      	pop	{r3, pc}
 8002b58:	20000a76 	.word	0x20000a76
 8002b5c:	e000ed00 	.word	0xe000ed00

08002b60 <arm_core_mpu_enable>:
	 * background region for privileged software access if desired.
	 */
#if defined(CONFIG_MPU_DISABLE_BACKGROUND_MAP)
	MPU->CTRL = MPU_CTRL_ENABLE_Msk;
#else
	MPU->CTRL = MPU_CTRL_ENABLE_Msk | MPU_CTRL_PRIVDEFENA_Msk;
 8002b60:	4b04      	ldr	r3, [pc, #16]	@ (8002b74 <arm_core_mpu_enable+0x14>)
 8002b62:	2205      	movs	r2, #5
 8002b64:	f8c3 2094 	str.w	r2, [r3, #148]	@ 0x94
  __ASM volatile ("dsb 0xF":::"memory");
 8002b68:	f3bf 8f4f 	dsb	sy
  __ASM volatile ("isb 0xF":::"memory");
 8002b6c:	f3bf 8f6f 	isb	sy
#endif

	/* Make sure that all the registers are set before proceeding */
	barrier_dsync_fence_full();
	barrier_isync_fence_full();
}
 8002b70:	4770      	bx	lr
 8002b72:	bf00      	nop
 8002b74:	e000ed00 	.word	0xe000ed00

08002b78 <arm_core_mpu_disable>:
  \details Ensures the apparent order of the explicit memory operations before
           and after the instruction, without ensuring their completion.
 */
__STATIC_FORCEINLINE void __DMB(void)
{
  __ASM volatile ("dmb 0xF":::"memory");
 8002b78:	f3bf 8f5f 	dmb	sy
{
	/* Force any outstanding transfers to complete before disabling MPU */
	barrier_dmem_fence_full();

	/* Disable MPU */
	MPU->CTRL = 0;
 8002b7c:	4b02      	ldr	r3, [pc, #8]	@ (8002b88 <arm_core_mpu_disable+0x10>)
 8002b7e:	2200      	movs	r2, #0
 8002b80:	f8c3 2094 	str.w	r2, [r3, #148]	@ 0x94
}
 8002b84:	4770      	bx	lr
 8002b86:	bf00      	nop
 8002b88:	e000ed00 	.word	0xe000ed00

08002b8c <z_arm_mpu_init>:
 *
 * This function provides the default configuration mechanism for the Memory
 * Protection Unit (MPU).
 */
int z_arm_mpu_init(void)
{
 8002b8c:	b538      	push	{r3, r4, r5, lr}
	uint32_t r_index;

	if (mpu_config.num_regions > get_num_regions()) {
 8002b8e:	4b1c      	ldr	r3, [pc, #112]	@ (8002c00 <z_arm_mpu_init+0x74>)
 8002b90:	681d      	ldr	r5, [r3, #0]
 8002b92:	4b1c      	ldr	r3, [pc, #112]	@ (8002c04 <z_arm_mpu_init+0x78>)
 8002b94:	f8d3 3090 	ldr.w	r3, [r3, #144]	@ 0x90
 8002b98:	f3c3 2307 	ubfx	r3, r3, #8, #8
 8002b9c:	429d      	cmp	r5, r3
 8002b9e:	d82b      	bhi.n	8002bf8 <z_arm_mpu_init+0x6c>
		return -1;
	}

	LOG_DBG("total region count: %d", get_num_regions());

	arm_core_mpu_disable();
 8002ba0:	f7ff ffea 	bl	8002b78 <arm_core_mpu_disable>

	/* Architecture-specific configuration */
	mpu_init();

	/* Program fixed regions configured at SOC definition. */
	for (r_index = 0U; r_index < mpu_config.num_regions; r_index++) {
 8002ba4:	2400      	movs	r4, #0
 8002ba6:	e009      	b.n	8002bbc <z_arm_mpu_init+0x30>
		region_init(r_index, &mpu_config.mpu_regions[r_index]);
 8002ba8:	4b15      	ldr	r3, [pc, #84]	@ (8002c00 <z_arm_mpu_init+0x74>)
 8002baa:	685b      	ldr	r3, [r3, #4]
 8002bac:	eb04 0144 	add.w	r1, r4, r4, lsl #1
 8002bb0:	eb03 0181 	add.w	r1, r3, r1, lsl #2
 8002bb4:	4620      	mov	r0, r4
 8002bb6:	f7ff ff47 	bl	8002a48 <region_init>
	for (r_index = 0U; r_index < mpu_config.num_regions; r_index++) {
 8002bba:	3401      	adds	r4, #1
 8002bbc:	42a5      	cmp	r5, r4
 8002bbe:	d8f3      	bhi.n	8002ba8 <z_arm_mpu_init+0x1c>
	}

	/* Update the number of programmed MPU regions. */
	static_regions_num = mpu_config.num_regions;
 8002bc0:	4811      	ldr	r0, [pc, #68]	@ (8002c08 <z_arm_mpu_init+0x7c>)
 8002bc2:	7005      	strb	r5, [r0, #0]
#ifdef CONFIG_MEM_ATTR
	/* DT-defined MPU regions. */
	if (mpu_configure_regions_from_dt(&static_regions_num) == -EINVAL) {
 8002bc4:	f004 ffed 	bl	8007ba2 <mpu_configure_regions_from_dt>
 8002bc8:	f110 0f16 	cmn.w	r0, #22
 8002bcc:	d013      	beq.n	8002bf6 <z_arm_mpu_init+0x6a>
		__ASSERT(0, "Failed to allocate MPU regions from DT\n");
		return -EINVAL;
	}
#endif /* CONFIG_MEM_ATTR */
	/* Clear all regions before enabling MPU */
	for (int i = static_regions_num; i < get_num_regions(); i++) {
 8002bce:	4b0e      	ldr	r3, [pc, #56]	@ (8002c08 <z_arm_mpu_init+0x7c>)
 8002bd0:	781a      	ldrb	r2, [r3, #0]
 8002bd2:	4b0c      	ldr	r3, [pc, #48]	@ (8002c04 <z_arm_mpu_init+0x78>)
 8002bd4:	f8d3 3090 	ldr.w	r3, [r3, #144]	@ 0x90
 8002bd8:	f3c3 2307 	ubfx	r3, r3, #8, #8
 8002bdc:	429a      	cmp	r2, r3
 8002bde:	da07      	bge.n	8002bf0 <z_arm_mpu_init+0x64>
  MPU->RNR = rnr;
 8002be0:	4b08      	ldr	r3, [pc, #32]	@ (8002c04 <z_arm_mpu_init+0x78>)
 8002be2:	f8c3 2098 	str.w	r2, [r3, #152]	@ 0x98
  MPU->RASR = 0U;
 8002be6:	2100      	movs	r1, #0
 8002be8:	f8c3 10a0 	str.w	r1, [r3, #160]	@ 0xa0
 8002bec:	3201      	adds	r2, #1
 8002bee:	e7f0      	b.n	8002bd2 <z_arm_mpu_init+0x46>
		mpu_clear_region(i);
	}

	arm_core_mpu_enable();
 8002bf0:	f7ff ffb6 	bl	8002b60 <arm_core_mpu_enable>
	__ASSERT(
		(MPU->TYPE & MPU_TYPE_DREGION_Msk) >> MPU_TYPE_DREGION_Pos == 8,
		"Invalid number of MPU regions\n");
#endif /* CORTEX_M0PLUS || CPU_CORTEX_M3 || CPU_CORTEX_M4 */

	return 0;
 8002bf4:	2000      	movs	r0, #0
}
 8002bf6:	bd38      	pop	{r3, r4, r5, pc}
		return -1;
 8002bf8:	f04f 30ff 	mov.w	r0, #4294967295
 8002bfc:	e7fb      	b.n	8002bf6 <z_arm_mpu_init+0x6a>
 8002bfe:	bf00      	nop
 8002c00:	0800a6b8 	.word	0x0800a6b8
 8002c04:	e000ed00 	.word	0xe000ed00
 8002c08:	20000a76 	.word	0x20000a76

08002c0c <cbvprintf>:
	(*s->out) (c, s->ctx);
	return 0;
}

int cbvprintf(cbprintf_cb out, void *ctx, const char *fp, va_list ap)
{
 8002c0c:	b570      	push	{r4, r5, r6, lr}
 8002c0e:	b086      	sub	sp, #24
 8002c10:	4606      	mov	r6, r0
 8002c12:	460d      	mov	r5, r1
 8002c14:	4611      	mov	r1, r2
	struct cb_bits	s = {
 8002c16:	4668      	mov	r0, sp
 8002c18:	2400      	movs	r4, #0
 8002c1a:	9400      	str	r4, [sp, #0]
 8002c1c:	9401      	str	r4, [sp, #4]
 8002c1e:	9402      	str	r4, [sp, #8]
 8002c20:	9403      	str	r4, [sp, #12]
 8002c22:	9404      	str	r4, [sp, #16]
 8002c24:	9405      	str	r4, [sp, #20]
 8002c26:	2202      	movs	r2, #2
 8002c28:	f88d 2002 	strb.w	r2, [sp, #2]
 8002c2c:	4a04      	ldr	r2, [pc, #16]	@ (8002c40 <cbvprintf+0x34>)
 8002c2e:	9201      	str	r2, [sp, #4]
 8002c30:	9604      	str	r6, [sp, #16]
 8002c32:	9505      	str	r5, [sp, #20]
		.f = FDEV_SETUP_STREAM(cbputc, NULL, NULL, _FDEV_SETUP_WRITE),
		.out = out,
		.ctx = ctx,
	};
	return vfprintf(&s.f, fp, ap);
 8002c34:	461a      	mov	r2, r3
 8002c36:	f003 fb5d 	bl	80062f4 <__l_vfprintf>
}
 8002c3a:	b006      	add	sp, #24
 8002c3c:	bd70      	pop	{r4, r5, r6, pc}
 8002c3e:	bf00      	nop
 8002c40:	08007da9 	.word	0x08007da9

08002c44 <z_impl_zephyr_fputc>:
#include "picolibc-hooks.h"

static LIBC_DATA int (*_stdout_hook)(int);

int z_impl_zephyr_fputc(int a, FILE *out)
{
 8002c44:	b508      	push	{r3, lr}
	(*_stdout_hook)(a);
 8002c46:	4b02      	ldr	r3, [pc, #8]	@ (8002c50 <z_impl_zephyr_fputc+0xc>)
 8002c48:	681b      	ldr	r3, [r3, #0]
 8002c4a:	4798      	blx	r3
	return 0;
}
 8002c4c:	2000      	movs	r0, #0
 8002c4e:	bd08      	pop	{r3, pc}
 8002c50:	200009a8 	.word	0x200009a8

08002c54 <__stdout_hook_install>:
FILE *const stdout = &__stdout;
STDIO_ALIAS(stderr);

void __stdout_hook_install(int (*hook)(int))
{
	_stdout_hook = hook;
 8002c54:	4b03      	ldr	r3, [pc, #12]	@ (8002c64 <__stdout_hook_install+0x10>)
 8002c56:	6018      	str	r0, [r3, #0]
	__stdout.flags |= _FDEV_SETUP_WRITE;
 8002c58:	4a03      	ldr	r2, [pc, #12]	@ (8002c68 <__stdout_hook_install+0x14>)
 8002c5a:	7893      	ldrb	r3, [r2, #2]
 8002c5c:	f043 0302 	orr.w	r3, r3, #2
 8002c60:	7093      	strb	r3, [r2, #2]
}
 8002c62:	4770      	bx	lr
 8002c64:	200009a8 	.word	0x200009a8
 8002c68:	200000b8 	.word	0x200000b8

08002c6c <malloc_prepare>:
	return aligned_alloc(alignment, size);
}
#endif

static int malloc_prepare(void)
{
 8002c6c:	b508      	push	{r3, lr}
			break;
		}
		heap_size >>= 1;
	}
#else
	heap_base = UINT_TO_POINTER(HEAP_BASE);
 8002c6e:	4906      	ldr	r1, [pc, #24]	@ (8002c88 <malloc_prepare+0x1c>)
 8002c70:	f021 0107 	bic.w	r1, r1, #7
	z_malloc_partition.start = POINTER_TO_UINT(heap_base);
	z_malloc_partition.size = heap_size;
	z_malloc_partition.attr = K_MEM_PARTITION_P_RW_U_RW;
#endif

	sys_heap_init(&z_malloc_heap, heap_base, heap_size);
 8002c74:	f1c1 5200 	rsb	r2, r1, #536870912	@ 0x20000000
 8002c78:	f502 32c0 	add.w	r2, r2, #98304	@ 0x18000
 8002c7c:	4803      	ldr	r0, [pc, #12]	@ (8002c8c <malloc_prepare+0x20>)
 8002c7e:	f004 f84f 	bl	8006d20 <sys_heap_init>

	return 0;
}
 8002c82:	2000      	movs	r0, #0
 8002c84:	bd08      	pop	{r3, pc}
 8002c86:	bf00      	nop
 8002c88:	20001bc7 	.word	0x20001bc7
 8002c8c:	200009ac 	.word	0x200009ac

08002c90 <stm32_exti_enable_clocks>:
	return 0;
}

/** Enables the peripheral clock required to access EXTI registers */
static int stm32_exti_enable_clocks(void)
{
 8002c90:	b500      	push	{lr}
 8002c92:	b083      	sub	sp, #12
	/* Initialize to 0 for series where there is nothing to do. */
	int ret = 0;

#if DT_NODE_HAS_PROP(EXTI_NODE, clocks)
	const struct device *const clk = DEVICE_DT_GET(STM32_CLOCK_CONTROL_NODE);
	const struct stm32_pclken pclken = STM32_CLOCK_INFO(0, EXTI_NODE);
 8002c94:	4b09      	ldr	r3, [pc, #36]	@ (8002cbc <stm32_exti_enable_clocks+0x2c>)
 8002c96:	e893 0003 	ldmia.w	r3, {r0, r1}
 8002c9a:	ab02      	add	r3, sp, #8
 8002c9c:	e903 0003 	stmdb	r3, {r0, r1}
	const struct clock_control_driver_api *api =
 8002ca0:	4b07      	ldr	r3, [pc, #28]	@ (8002cc0 <stm32_exti_enable_clocks+0x30>)
 8002ca2:	689b      	ldr	r3, [r3, #8]
	if (api->on == NULL) {
 8002ca4:	681b      	ldr	r3, [r3, #0]
 8002ca6:	b12b      	cbz	r3, 8002cb4 <stm32_exti_enable_clocks+0x24>
	return api->on(dev, sys);
 8002ca8:	4669      	mov	r1, sp
 8002caa:	4805      	ldr	r0, [pc, #20]	@ (8002cc0 <stm32_exti_enable_clocks+0x30>)
 8002cac:	4798      	blx	r3

	ret = clock_control_on(clk, (clock_control_subsys_t) &pclken);
#endif
	return ret;
}
 8002cae:	b003      	add	sp, #12
 8002cb0:	f85d fb04 	ldr.w	pc, [sp], #4
		return -ENOSYS;
 8002cb4:	f06f 0057 	mvn.w	r0, #87	@ 0x57
	return ret;
 8002cb8:	e7f9      	b.n	8002cae <stm32_exti_enable_clocks+0x1e>
 8002cba:	bf00      	nop
 8002cbc:	080096b0 	.word	0x080096b0
 8002cc0:	08009100 	.word	0x08009100

08002cc4 <stm32_exti_is_pending>:
{
 8002cc4:	b508      	push	{r3, lr}
/**
 * @returns LL_EXTI_LINE_n define corresponding to EXTI line number
 */
static inline uint32_t exti_linenum_to_ll_exti_line(uint32_t line_num)
{
	return BIT(line_num % 32);
 8002cc6:	f000 021f 	and.w	r2, r0, #31
 8002cca:	2301      	movs	r3, #1
 8002ccc:	4093      	lsls	r3, r2
	if (!IS_VALID_EXTI_LINE_NUM(line_num)) {
 8002cce:	281f      	cmp	r0, #31
 8002cd0:	d806      	bhi.n	8002ce0 <stm32_exti_is_pending+0x1c>
  * @note   Please check each device line mapping for EXTI Line availability
  * @retval State of bit (1 or 0).
  */
__STATIC_INLINE uint32_t LL_EXTI_IsActiveFlag_0_31(uint32_t ExtiLine)
{
  return (READ_BIT(EXTI->PR, ExtiLine) == (ExtiLine));
 8002cd2:	4a07      	ldr	r2, [pc, #28]	@ (8002cf0 <stm32_exti_is_pending+0x2c>)
 8002cd4:	6952      	ldr	r2, [r2, #20]
	EXTI_FN_RET_HANDLER(EXTI_IS_ACTIVE_FLAG, &ret, line_num, line);
 8002cd6:	4393      	bics	r3, r2
 8002cd8:	bf0c      	ite	eq
 8002cda:	2001      	moveq	r0, #1
 8002cdc:	2000      	movne	r0, #0
}
 8002cde:	bd08      	pop	{r3, pc}
 8002ce0:	4603      	mov	r3, r0
 8002ce2:	4a04      	ldr	r2, [pc, #16]	@ (8002cf4 <stm32_exti_is_pending+0x30>)
 8002ce4:	2101      	movs	r1, #1
 8002ce6:	4804      	ldr	r0, [pc, #16]	@ (8002cf8 <stm32_exti_is_pending+0x34>)
 8002ce8:	f004 fdbd 	bl	8007866 <z_impl_z_log_msg_simple_create_1>
		return false;
 8002cec:	2000      	movs	r0, #0
 8002cee:	e7f6      	b.n	8002cde <stm32_exti_is_pending+0x1a>
 8002cf0:	40013c00 	.word	0x40013c00
 8002cf4:	08009e08 	.word	0x08009e08
 8002cf8:	080095f4 	.word	0x080095f4

08002cfc <stm32_exti_clear_pending>:
{
 8002cfc:	b508      	push	{r3, lr}
 8002cfe:	f000 021f 	and.w	r2, r0, #31
 8002d02:	2301      	movs	r3, #1
 8002d04:	4093      	lsls	r3, r2
	if (!IS_VALID_EXTI_LINE_NUM(line_num)) {
 8002d06:	281f      	cmp	r0, #31
 8002d08:	d803      	bhi.n	8002d12 <stm32_exti_clear_pending+0x16>
  * @note   Please check each device line mapping for EXTI Line availability
  * @retval None
  */
__STATIC_INLINE void LL_EXTI_ClearFlag_0_31(uint32_t ExtiLine)
{
  WRITE_REG(EXTI->PR, ExtiLine);
 8002d0a:	4a06      	ldr	r2, [pc, #24]	@ (8002d24 <stm32_exti_clear_pending+0x28>)
 8002d0c:	6153      	str	r3, [r2, #20]
	return 0;
 8002d0e:	2000      	movs	r0, #0
}
 8002d10:	bd08      	pop	{r3, pc}
 8002d12:	4603      	mov	r3, r0
 8002d14:	4a04      	ldr	r2, [pc, #16]	@ (8002d28 <stm32_exti_clear_pending+0x2c>)
 8002d16:	2101      	movs	r1, #1
 8002d18:	4804      	ldr	r0, [pc, #16]	@ (8002d2c <stm32_exti_clear_pending+0x30>)
 8002d1a:	f004 fda4 	bl	8007866 <z_impl_z_log_msg_simple_create_1>
		return -EINVAL;
 8002d1e:	f06f 0015 	mvn.w	r0, #21
 8002d22:	e7f5      	b.n	8002d10 <stm32_exti_clear_pending+0x14>
 8002d24:	40013c00 	.word	0x40013c00
 8002d28:	08009e08 	.word	0x08009e08
 8002d2c:	080095f4 	.word	0x080095f4

08002d30 <stm32_fill_irq_table>:
	}
}

static void stm32_fill_irq_table(int8_t start, int8_t len, int32_t irqn)
{
	for (int i = 0; i < len; i++) {
 8002d30:	2300      	movs	r3, #0
 8002d32:	4299      	cmp	r1, r3
 8002d34:	dd0a      	ble.n	8002d4c <stm32_fill_irq_table+0x1c>
{
 8002d36:	b410      	push	{r4}
		exti_irq_table[start + i] = irqn;
 8002d38:	eb00 0c03 	add.w	ip, r0, r3
 8002d3c:	4c04      	ldr	r4, [pc, #16]	@ (8002d50 <stm32_fill_irq_table+0x20>)
 8002d3e:	f804 200c 	strb.w	r2, [r4, ip]
	for (int i = 0; i < len; i++) {
 8002d42:	3301      	adds	r3, #1
 8002d44:	4299      	cmp	r1, r3
 8002d46:	dcf7      	bgt.n	8002d38 <stm32_fill_irq_table+0x8>
	}
}
 8002d48:	bc10      	pop	{r4}
 8002d4a:	4770      	bx	lr
 8002d4c:	4770      	bx	lr
 8002d4e:	bf00      	nop
 8002d50:	200000c8 	.word	0x200000c8

08002d54 <stm32_intc_gpio_isr>:
{
 8002d54:	b5f8      	push	{r3, r4, r5, r6, r7, lr}
 8002d56:	4607      	mov	r7, r0
	for (uint8_t i = 0; i < range->len; i++) {
 8002d58:	2400      	movs	r4, #0
 8002d5a:	e001      	b.n	8002d60 <stm32_intc_gpio_isr+0xc>
 8002d5c:	3401      	adds	r4, #1
 8002d5e:	b2e4      	uxtb	r4, r4
 8002d60:	787b      	ldrb	r3, [r7, #1]
 8002d62:	42a3      	cmp	r3, r4
 8002d64:	d917      	bls.n	8002d96 <stm32_intc_gpio_isr+0x42>
		line_num = range->start + i;
 8002d66:	783d      	ldrb	r5, [r7, #0]
 8002d68:	1966      	adds	r6, r4, r5
		if (stm32_exti_is_pending(line_num)) {
 8002d6a:	4630      	mov	r0, r6
 8002d6c:	f7ff ffaa 	bl	8002cc4 <stm32_exti_is_pending>
 8002d70:	2800      	cmp	r0, #0
 8002d72:	d0f3      	beq.n	8002d5c <stm32_intc_gpio_isr+0x8>
			stm32_exti_clear_pending(line_num);
 8002d74:	4630      	mov	r0, r6
 8002d76:	f7ff ffc1 	bl	8002cfc <stm32_exti_clear_pending>
			if (!data->cb[line_num].cb) {
 8002d7a:	4b07      	ldr	r3, [pc, #28]	@ (8002d98 <stm32_intc_gpio_isr+0x44>)
 8002d7c:	f853 2036 	ldr.w	r2, [r3, r6, lsl #3]
 8002d80:	2a00      	cmp	r2, #0
 8002d82:	d0eb      	beq.n	8002d5c <stm32_intc_gpio_isr+0x8>
 8002d84:	f006 051f 	and.w	r5, r6, #31
			data->cb[line_num].cb(line, data->cb[line_num].data);
 8002d88:	eb03 03c6 	add.w	r3, r3, r6, lsl #3
 8002d8c:	6859      	ldr	r1, [r3, #4]
 8002d8e:	2001      	movs	r0, #1
 8002d90:	40a8      	lsls	r0, r5
 8002d92:	4790      	blx	r2
 8002d94:	e7e2      	b.n	8002d5c <stm32_intc_gpio_isr+0x8>
}
 8002d96:	bdf8      	pop	{r3, r4, r5, r6, r7, pc}
 8002d98:	200009b8 	.word	0x200009b8

08002d9c <LL_SYSCFG_SetEXTISource>:
  MODIFY_REG(SYSCFG->EXTICR[Line & 0xFF], (Line >> 16), Port << POSITION_VAL((Line >> 16)));
 8002d9c:	fa5f fc81 	uxtb.w	ip, r1
 8002da0:	f10c 0202 	add.w	r2, ip, #2
 8002da4:	4b0a      	ldr	r3, [pc, #40]	@ (8002dd0 <LL_SYSCFG_SetEXTISource+0x34>)
 8002da6:	f853 2022 	ldr.w	r2, [r3, r2, lsl #2]
 8002daa:	0c0b      	lsrs	r3, r1, #16
 8002dac:	ea22 4111 	bic.w	r1, r2, r1, lsr #16
__STATIC_FORCEINLINE uint32_t __RBIT(uint32_t value)
{
  uint32_t result;

#if (__ARM_ARCH_ISA_THUMB >= 2)
   __ASM ("rbit %0, %1" : "=r" (result) : "r" (value) );
 8002db0:	fa93 f3a3 	rbit	r3, r3
     optimisations using the logic "value was passed to __builtin_clz, so it
     is non-zero".
     ARM GCC 7.3 and possibly earlier will optimise this test away, leaving a
     single CLZ instruction.
   */
  if (value == 0U)
 8002db4:	b14b      	cbz	r3, 8002dca <LL_SYSCFG_SetEXTISource+0x2e>
  {
    return 32U;
  }
  return __builtin_clz(value);
 8002db6:	fab3 f383 	clz	r3, r3
 8002dba:	4098      	lsls	r0, r3
 8002dbc:	4301      	orrs	r1, r0
 8002dbe:	f10c 0c02 	add.w	ip, ip, #2
 8002dc2:	4a03      	ldr	r2, [pc, #12]	@ (8002dd0 <LL_SYSCFG_SetEXTISource+0x34>)
 8002dc4:	f842 102c 	str.w	r1, [r2, ip, lsl #2]
}
 8002dc8:	4770      	bx	lr
    return 32U;
 8002dca:	2320      	movs	r3, #32
 8002dcc:	e7f5      	b.n	8002dba <LL_SYSCFG_SetEXTISource+0x1e>
 8002dce:	bf00      	nop
 8002dd0:	40013800 	.word	0x40013800

08002dd4 <LL_SYSCFG_GetEXTISource>:
  return (uint32_t)(READ_BIT(SYSCFG->EXTICR[Line & 0xFF], (Line >> 16)) >> POSITION_VAL(Line >> 16));
 8002dd4:	b2c3      	uxtb	r3, r0
 8002dd6:	3302      	adds	r3, #2
 8002dd8:	4a07      	ldr	r2, [pc, #28]	@ (8002df8 <LL_SYSCFG_GetEXTISource+0x24>)
 8002dda:	f852 2023 	ldr.w	r2, [r2, r3, lsl #2]
 8002dde:	0c03      	lsrs	r3, r0, #16
 8002de0:	ea02 4010 	and.w	r0, r2, r0, lsr #16
   __ASM ("rbit %0, %1" : "=r" (result) : "r" (value) );
 8002de4:	fa93 f3a3 	rbit	r3, r3
  if (value == 0U)
 8002de8:	b11b      	cbz	r3, 8002df2 <LL_SYSCFG_GetEXTISource+0x1e>
  return __builtin_clz(value);
 8002dea:	fab3 f383 	clz	r3, r3
}
 8002dee:	40d8      	lsrs	r0, r3
 8002df0:	4770      	bx	lr
    return 32U;
 8002df2:	2320      	movs	r3, #32
 8002df4:	e7fb      	b.n	8002dee <LL_SYSCFG_GetEXTISource+0x1a>
 8002df6:	bf00      	nop
 8002df8:	40013800 	.word	0x40013800

08002dfc <stm32_gpio_intc_enable_line>:
	ARG_UNUSED(port);
	return exti_linenum_to_ll_exti_line(pin);
}

void stm32_gpio_intc_enable_line(stm32_gpio_irq_line_t line)
{
 8002dfc:	b508      	push	{r3, lr}
	return LOG2(line);
 8002dfe:	4603      	mov	r3, r0
 8002e00:	b168      	cbz	r0, 8002e1e <stm32_gpio_intc_enable_line+0x22>
 8002e02:	fab0 f280 	clz	r2, r0
 8002e06:	f1c2 021f 	rsb	r2, r2, #31
 8002e0a:	b2d2      	uxtb	r2, r2
	unsigned int irqnum;
	uint32_t line_num = ll_exti_line_to_linenum(line);

	/* Get matching exti irq provided line thanks to irq_table */
	irqnum = exti_irq_table[line_num];
 8002e0c:	4905      	ldr	r1, [pc, #20]	@ (8002e24 <stm32_gpio_intc_enable_line+0x28>)
 8002e0e:	5688      	ldrsb	r0, [r1, r2]
  SET_BIT(EXTI->IMR, ExtiLine);
 8002e10:	4a05      	ldr	r2, [pc, #20]	@ (8002e28 <stm32_gpio_intc_enable_line+0x2c>)
 8002e12:	6811      	ldr	r1, [r2, #0]
 8002e14:	430b      	orrs	r3, r1
 8002e16:	6013      	str	r3, [r2, #0]

	/* Enable requested line interrupt */
	EXTI_ENABLE_IT(0_31, line);

	/* Enable exti irq interrupt */
	irq_enable(irqnum);
 8002e18:	f004 fe67 	bl	8007aea <arm_irq_enable>
}
 8002e1c:	bd08      	pop	{r3, pc}
	return LOG2(line);
 8002e1e:	22ff      	movs	r2, #255	@ 0xff
 8002e20:	e7f4      	b.n	8002e0c <stm32_gpio_intc_enable_line+0x10>
 8002e22:	bf00      	nop
 8002e24:	200000c8 	.word	0x200000c8
 8002e28:	40013c00 	.word	0x40013c00

08002e2c <stm32_gpio_intc_disable_line>:
  CLEAR_BIT(EXTI->IMR, ExtiLine);
 8002e2c:	4a02      	ldr	r2, [pc, #8]	@ (8002e38 <stm32_gpio_intc_disable_line+0xc>)
 8002e2e:	6813      	ldr	r3, [r2, #0]
 8002e30:	ea23 0300 	bic.w	r3, r3, r0
 8002e34:	6013      	str	r3, [r2, #0]

void stm32_gpio_intc_disable_line(stm32_gpio_irq_line_t line)
{
	EXTI_DISABLE_IT(0_31, line);
}
 8002e36:	4770      	bx	lr
 8002e38:	40013c00 	.word	0x40013c00

08002e3c <stm32_gpio_intc_select_line_trigger>:

void stm32_gpio_intc_select_line_trigger(stm32_gpio_irq_line_t line, uint32_t trg)
{
	z_stm32_hsem_lock(CFG_HW_EXTI_SEMID, HSEM_LOCK_DEFAULT_RETRY);

	switch (trg) {
 8002e3c:	2903      	cmp	r1, #3
 8002e3e:	d826      	bhi.n	8002e8e <stm32_gpio_intc_select_line_trigger+0x52>
 8002e40:	e8df f001 	tbb	[pc, r1]
 8002e44:	1e150c02 	.word	0x1e150c02
  CLEAR_BIT(EXTI->RTSR, ExtiLine);
 8002e48:	4b11      	ldr	r3, [pc, #68]	@ (8002e90 <stm32_gpio_intc_select_line_trigger+0x54>)
 8002e4a:	689a      	ldr	r2, [r3, #8]
 8002e4c:	ea22 0200 	bic.w	r2, r2, r0
 8002e50:	609a      	str	r2, [r3, #8]
  CLEAR_BIT(EXTI->FTSR, ExtiLine);
 8002e52:	68da      	ldr	r2, [r3, #12]
 8002e54:	ea22 0200 	bic.w	r2, r2, r0
 8002e58:	60da      	str	r2, [r3, #12]
}
 8002e5a:	4770      	bx	lr
  SET_BIT(EXTI->RTSR, ExtiLine);
 8002e5c:	4b0c      	ldr	r3, [pc, #48]	@ (8002e90 <stm32_gpio_intc_select_line_trigger+0x54>)
 8002e5e:	689a      	ldr	r2, [r3, #8]
 8002e60:	4302      	orrs	r2, r0
 8002e62:	609a      	str	r2, [r3, #8]
  CLEAR_BIT(EXTI->FTSR, ExtiLine);
 8002e64:	68da      	ldr	r2, [r3, #12]
 8002e66:	ea22 0200 	bic.w	r2, r2, r0
 8002e6a:	60da      	str	r2, [r3, #12]
}
 8002e6c:	4770      	bx	lr
  SET_BIT(EXTI->FTSR, ExtiLine);
 8002e6e:	4b08      	ldr	r3, [pc, #32]	@ (8002e90 <stm32_gpio_intc_select_line_trigger+0x54>)
 8002e70:	68da      	ldr	r2, [r3, #12]
 8002e72:	4302      	orrs	r2, r0
 8002e74:	60da      	str	r2, [r3, #12]
  CLEAR_BIT(EXTI->RTSR, ExtiLine);
 8002e76:	689a      	ldr	r2, [r3, #8]
 8002e78:	ea22 0200 	bic.w	r2, r2, r0
 8002e7c:	609a      	str	r2, [r3, #8]
}
 8002e7e:	4770      	bx	lr
  SET_BIT(EXTI->RTSR, ExtiLine);
 8002e80:	4b03      	ldr	r3, [pc, #12]	@ (8002e90 <stm32_gpio_intc_select_line_trigger+0x54>)
 8002e82:	689a      	ldr	r2, [r3, #8]
 8002e84:	4302      	orrs	r2, r0
 8002e86:	609a      	str	r2, [r3, #8]
  SET_BIT(EXTI->FTSR, ExtiLine);
 8002e88:	68da      	ldr	r2, [r3, #12]
 8002e8a:	4310      	orrs	r0, r2
 8002e8c:	60d8      	str	r0, [r3, #12]
	default:
		__ASSERT_NO_MSG(0);
		break;
	}
	z_stm32_hsem_unlock(CFG_HW_EXTI_SEMID);
}
 8002e8e:	4770      	bx	lr
 8002e90:	40013c00 	.word	0x40013c00

08002e94 <stm32_gpio_intc_set_irq_callback>:

int stm32_gpio_intc_set_irq_callback(stm32_gpio_irq_line_t line, stm32_gpio_irq_cb_t cb, void *user)
{
 8002e94:	b410      	push	{r4}
	return LOG2(line);
 8002e96:	b198      	cbz	r0, 8002ec0 <stm32_gpio_intc_set_irq_callback+0x2c>
 8002e98:	fab0 f380 	clz	r3, r0
 8002e9c:	f1c3 031f 	rsb	r3, r3, #31
 8002ea0:	b2db      	uxtb	r3, r3
	struct stm32_intc_gpio_data *data = &intc_gpio_data;
	uint32_t line_num = ll_exti_line_to_linenum(line);
 8002ea2:	469c      	mov	ip, r3

	if ((data->cb[line_num].cb == cb) && (data->cb[line_num].data == user)) {
 8002ea4:	480d      	ldr	r0, [pc, #52]	@ (8002edc <stm32_gpio_intc_set_irq_callback+0x48>)
 8002ea6:	f850 0033 	ldr.w	r0, [r0, r3, lsl #3]
 8002eaa:	4288      	cmp	r0, r1
 8002eac:	d00a      	beq.n	8002ec4 <stm32_gpio_intc_set_irq_callback+0x30>
		return 0;
	}

	/* if callback already exists/is running, return busy */
	if (data->cb[line_num].cb != NULL) {
 8002eae:	b988      	cbnz	r0, 8002ed4 <stm32_gpio_intc_set_irq_callback+0x40>
		return -EBUSY;
	}

	data->cb[line_num].cb = cb;
 8002eb0:	4b0a      	ldr	r3, [pc, #40]	@ (8002edc <stm32_gpio_intc_set_irq_callback+0x48>)
 8002eb2:	f843 103c 	str.w	r1, [r3, ip, lsl #3]
	data->cb[line_num].data = user;
 8002eb6:	eb03 03cc 	add.w	r3, r3, ip, lsl #3
 8002eba:	605a      	str	r2, [r3, #4]

	return 0;
}
 8002ebc:	bc10      	pop	{r4}
 8002ebe:	4770      	bx	lr
	return LOG2(line);
 8002ec0:	23ff      	movs	r3, #255	@ 0xff
 8002ec2:	e7ee      	b.n	8002ea2 <stm32_gpio_intc_set_irq_callback+0xe>
	if ((data->cb[line_num].cb == cb) && (data->cb[line_num].data == user)) {
 8002ec4:	4c05      	ldr	r4, [pc, #20]	@ (8002edc <stm32_gpio_intc_set_irq_callback+0x48>)
 8002ec6:	eb04 03c3 	add.w	r3, r4, r3, lsl #3
 8002eca:	685b      	ldr	r3, [r3, #4]
 8002ecc:	4293      	cmp	r3, r2
 8002ece:	d1ee      	bne.n	8002eae <stm32_gpio_intc_set_irq_callback+0x1a>
		return 0;
 8002ed0:	2000      	movs	r0, #0
 8002ed2:	e7f3      	b.n	8002ebc <stm32_gpio_intc_set_irq_callback+0x28>
		return -EBUSY;
 8002ed4:	f06f 000f 	mvn.w	r0, #15
 8002ed8:	e7f0      	b.n	8002ebc <stm32_gpio_intc_set_irq_callback+0x28>
 8002eda:	bf00      	nop
 8002edc:	200009b8 	.word	0x200009b8

08002ee0 <stm32_gpio_intc_remove_irq_callback>:
	return LOG2(line);
 8002ee0:	b160      	cbz	r0, 8002efc <stm32_gpio_intc_remove_irq_callback+0x1c>
 8002ee2:	fab0 f380 	clz	r3, r0
 8002ee6:	f1c3 031f 	rsb	r3, r3, #31
 8002eea:	b2db      	uxtb	r3, r3
void stm32_gpio_intc_remove_irq_callback(stm32_gpio_irq_line_t line)
{
	struct stm32_intc_gpio_data *data = &intc_gpio_data;
	uint32_t line_num = ll_exti_line_to_linenum(line);

	data->cb[line_num].cb = NULL;
 8002eec:	4a04      	ldr	r2, [pc, #16]	@ (8002f00 <stm32_gpio_intc_remove_irq_callback+0x20>)
 8002eee:	2100      	movs	r1, #0
 8002ef0:	f842 1033 	str.w	r1, [r2, r3, lsl #3]
	data->cb[line_num].data = NULL;
 8002ef4:	eb02 02c3 	add.w	r2, r2, r3, lsl #3
 8002ef8:	6051      	str	r1, [r2, #4]
}
 8002efa:	4770      	bx	lr
	return LOG2(line);
 8002efc:	23ff      	movs	r3, #255	@ 0xff
 8002efe:	e7f5      	b.n	8002eec <stm32_gpio_intc_remove_irq_callback+0xc>
 8002f00:	200009b8 	.word	0x200009b8

08002f04 <adc_stm32_set_clock>:
	return 0;
}
#endif

static int adc_stm32_set_clock(const struct device *dev)
{
 8002f04:	b570      	push	{r4, r5, r6, lr}
	const struct adc_stm32_cfg *config = dev->config;
 8002f06:	6844      	ldr	r4, [r0, #4]
	const struct clock_control_driver_api *api =
 8002f08:	4b1a      	ldr	r3, [pc, #104]	@ (8002f74 <adc_stm32_set_clock+0x70>)
 8002f0a:	689d      	ldr	r5, [r3, #8]
	if (api->on == NULL) {
 8002f0c:	682b      	ldr	r3, [r5, #0]
 8002f0e:	b343      	cbz	r3, 8002f62 <adc_stm32_set_clock+0x5e>
 8002f10:	f104 0108 	add.w	r1, r4, #8
	return api->on(dev, sys);
 8002f14:	4817      	ldr	r0, [pc, #92]	@ (8002f74 <adc_stm32_set_clock+0x70>)
 8002f16:	4798      	blx	r3
	const struct device *const clk = DEVICE_DT_GET(STM32_CLOCK_CONTROL_NODE);
	__maybe_unused ADC_TypeDef *adc = config->base;
	int ret = 0;

	if (clock_control_on(clk, (clock_control_subsys_t)&config->pclken) != 0) {
 8002f18:	4606      	mov	r6, r0
 8002f1a:	bb10      	cbnz	r0, 8002f62 <adc_stm32_set_clock+0x5e>
		return -EIO;
	}

	/* Enable ADC clock source if applicable */
	if (config->has_pclken_ker &&
 8002f1c:	f894 3045 	ldrb.w	r3, [r4, #69]	@ 0x45
 8002f20:	f013 0f01 	tst.w	r3, #1
 8002f24:	d007      	beq.n	8002f36 <adc_stm32_set_clock+0x32>
	    clock_control_configure(clk, (clock_control_subsys_t)&config->pclken_ker, NULL) != 0) {
 8002f26:	f104 0110 	add.w	r1, r4, #16
					  void *data)
{
	const struct clock_control_driver_api *api =
		(const struct clock_control_driver_api *)dev->api;

	if (api->configure == NULL) {
 8002f2a:	69ab      	ldr	r3, [r5, #24]
 8002f2c:	b1e3      	cbz	r3, 8002f68 <adc_stm32_set_clock+0x64>
		return -ENOSYS;
	}

	return api->configure(dev, sys, data);
 8002f2e:	2200      	movs	r2, #0
 8002f30:	4810      	ldr	r0, [pc, #64]	@ (8002f74 <adc_stm32_set_clock+0x70>)
 8002f32:	4798      	blx	r3
	if (config->has_pclken_ker &&
 8002f34:	b9c0      	cbnz	r0, 8002f68 <adc_stm32_set_clock+0x64>
		return -EIO;
	}

	/* Configure ADC prescaler (at RCC level) if applicable */
	if (config->has_pclken_pre &&
 8002f36:	f894 3045 	ldrb.w	r3, [r4, #69]	@ 0x45
 8002f3a:	f013 0f02 	tst.w	r3, #2
 8002f3e:	d007      	beq.n	8002f50 <adc_stm32_set_clock+0x4c>
	    clock_control_configure(clk, (clock_control_subsys_t)&config->pclken_pre, NULL) != 0) {
 8002f40:	f104 0118 	add.w	r1, r4, #24
	if (api->configure == NULL) {
 8002f44:	69ab      	ldr	r3, [r5, #24]
 8002f46:	b193      	cbz	r3, 8002f6e <adc_stm32_set_clock+0x6a>
	return api->configure(dev, sys, data);
 8002f48:	2200      	movs	r2, #0
 8002f4a:	480a      	ldr	r0, [pc, #40]	@ (8002f74 <adc_stm32_set_clock+0x70>)
 8002f4c:	4798      	blx	r3
	if (config->has_pclken_pre &&
 8002f4e:	b970      	cbnz	r0, 8002f6e <adc_stm32_set_clock+0x6a>
				      config->clk_prescaler);
		LL_ADC_SetClock(adc, LL_ADC_CLOCK_ASYNC);
	}
#else
	LL_ADC_SetCommonClock(STM32_ADC_COMMON_INSTANCE(adc),
			      config->clk_prescaler);
 8002f50:	6a23      	ldr	r3, [r4, #32]
  *         @arg @ref LL_ADC_CLOCK_SYNC_PCLK_DIV8
  * @retval None
  */
__STATIC_INLINE void LL_ADC_SetCommonClock(ADC_Common_TypeDef *ADCxy_COMMON, uint32_t CommonClock)
{
  MODIFY_REG(ADCxy_COMMON->CCR, ADC_CCR_ADCPRE, CommonClock);
 8002f52:	4909      	ldr	r1, [pc, #36]	@ (8002f78 <adc_stm32_set_clock+0x74>)
 8002f54:	684a      	ldr	r2, [r1, #4]
 8002f56:	f422 3240 	bic.w	r2, r2, #196608	@ 0x30000
 8002f5a:	4313      	orrs	r3, r2
 8002f5c:	604b      	str	r3, [r1, #4]
#endif
#endif
#endif /* DT_ANY_INST_HAS_PROP_STATUS_OKAY(st_adc_clock_source) */

	return ret;
}
 8002f5e:	4630      	mov	r0, r6
 8002f60:	bd70      	pop	{r4, r5, r6, pc}
		return -EIO;
 8002f62:	f06f 0604 	mvn.w	r6, #4
 8002f66:	e7fa      	b.n	8002f5e <adc_stm32_set_clock+0x5a>
		return -EIO;
 8002f68:	f06f 0604 	mvn.w	r6, #4
 8002f6c:	e7f7      	b.n	8002f5e <adc_stm32_set_clock+0x5a>
		return -EIO;
 8002f6e:	f06f 0604 	mvn.w	r6, #4
 8002f72:	e7f4      	b.n	8002f5e <adc_stm32_set_clock+0x5a>
 8002f74:	08009100 	.word	0x08009100
 8002f78:	40012300 	.word	0x40012300

08002f7c <set_sequencer>:
{
 8002f7c:	e92d 41f0 	stmdb	sp!, {r4, r5, r6, r7, r8, lr}
	const struct adc_stm32_cfg *config = dev->config;
 8002f80:	6847      	ldr	r7, [r0, #4]
	struct adc_stm32_data *data = dev->data;
 8002f82:	6903      	ldr	r3, [r0, #16]
	ADC_TypeDef *adc = config->base;
 8002f84:	f8d7 8000 	ldr.w	r8, [r7]
	for (uint32_t channels = data->channels; channels;
 8002f88:	f8d3 50a0 	ldr.w	r5, [r3, #160]	@ 0xa0
	uint8_t channel_index = 0;
 8002f8c:	2600      	movs	r6, #0
	for (uint32_t channels = data->channels; channels;
 8002f8e:	e00e      	b.n	8002fae <set_sequencer+0x32>
		uint32_t channel = STM32_ADC_DECIMAL_NB_TO_CHANNEL(channel_id);
 8002f90:	eb04 0244 	add.w	r2, r4, r4, lsl #1
 8002f94:	3a1e      	subs	r2, #30
 8002f96:	ea44 5202 	orr.w	r2, r4, r2, lsl #20
		if (config->sequencer_type == SEQUENCER_PROGRAMMABLE) {
 8002f9a:	f997 3042 	ldrsb.w	r3, [r7, #66]	@ 0x42
 8002f9e:	2b01      	cmp	r3, #1
 8002fa0:	d01a      	beq.n	8002fd8 <set_sequencer+0x5c>
		      channels &= ~BIT(channel_id), channel_index++) {
 8002fa2:	2301      	movs	r3, #1
 8002fa4:	40a3      	lsls	r3, r4
 8002fa6:	ea25 0503 	bic.w	r5, r5, r3
 8002faa:	3601      	adds	r6, #1
 8002fac:	b2f6      	uxtb	r6, r6
	for (uint32_t channels = data->channels; channels;
 8002fae:	b325      	cbz	r5, 8002ffa <set_sequencer+0x7e>
 */

static ALWAYS_INLINE unsigned int find_lsb_set(uint32_t op)
{
#ifdef CONFIG_TOOLCHAIN_HAS_BUILTIN_FFS
	return __builtin_ffs(op);
 8002fb0:	fa95 f4a5 	rbit	r4, r5
 8002fb4:	fab4 f484 	clz	r4, r4
 8002fb8:	b90d      	cbnz	r5, 8002fbe <set_sequencer+0x42>
 8002fba:	f04f 34ff 	mov.w	r4, #4294967295
 8002fbe:	3401      	adds	r4, #1
		channel_id = find_lsb_set(channels) - 1;
 8002fc0:	b2e4      	uxtb	r4, r4
 8002fc2:	3c01      	subs	r4, #1
 8002fc4:	b2e4      	uxtb	r4, r4
		uint32_t channel = STM32_ADC_DECIMAL_NB_TO_CHANNEL(channel_id);
 8002fc6:	2c09      	cmp	r4, #9
 8002fc8:	d8e2      	bhi.n	8002f90 <set_sequencer+0x14>
 8002fca:	eb04 0244 	add.w	r2, r4, r4, lsl #1
 8002fce:	ea44 5202 	orr.w	r2, r4, r2, lsl #20
 8002fd2:	f042 7200 	orr.w	r2, r2, #33554432	@ 0x2000000
 8002fd6:	e7e0      	b.n	8002f9a <set_sequencer+0x1e>
			LL_ADC_REG_SetSequencerRanks(adc, table_rank[channel_index], channel);
 8002fd8:	4b0c      	ldr	r3, [pc, #48]	@ (800300c <set_sequencer+0x90>)
 8002fda:	f853 1026 	ldr.w	r1, [r3, r6, lsl #2]
 8002fde:	4640      	mov	r0, r8
 8002fe0:	f004 ff99 	bl	8007f16 <LL_ADC_REG_SetSequencerRanks>
			LL_ADC_REG_SetSequencerLength(adc, table_seq_len[channel_index]);
 8002fe4:	4b0a      	ldr	r3, [pc, #40]	@ (8003010 <set_sequencer+0x94>)
 8002fe6:	f853 3026 	ldr.w	r3, [r3, r6, lsl #2]
  *         @arg @ref LL_ADC_REG_SEQ_SCAN_ENABLE_16RANKS
  * @retval None
  */
__STATIC_INLINE void LL_ADC_REG_SetSequencerLength(ADC_TypeDef *ADCx, uint32_t SequencerNbRanks)
{
  MODIFY_REG(ADCx->SQR1, ADC_SQR1_L, SequencerNbRanks);
 8002fea:	f8d8 202c 	ldr.w	r2, [r8, #44]	@ 0x2c
 8002fee:	f422 0270 	bic.w	r2, r2, #15728640	@ 0xf00000
 8002ff2:	4313      	orrs	r3, r2
 8002ff4:	f8c8 302c 	str.w	r3, [r8, #44]	@ 0x2c
}
 8002ff8:	e7d3      	b.n	8002fa2 <set_sequencer+0x26>
  MODIFY_REG(ADCx->CR1, ADC_CR1_SCAN, ScanMode);
 8002ffa:	f8d8 3004 	ldr.w	r3, [r8, #4]
 8002ffe:	f443 7380 	orr.w	r3, r3, #256	@ 0x100
 8003002:	f8c8 3004 	str.w	r3, [r8, #4]
}
 8003006:	2000      	movs	r0, #0
 8003008:	e8bd 81f0 	ldmia.w	sp!, {r4, r5, r6, r7, r8, pc}
 800300c:	0800a7b0 	.word	0x0800a7b0
 8003010:	0800a770 	.word	0x0800a770

08003014 <check_buffer>:
	needed_buffer_size = active_channels * sizeof(adc_data_size_t);
 8003014:	0049      	lsls	r1, r1, #1
	if (sequence->options) {
 8003016:	6803      	ldr	r3, [r0, #0]
 8003018:	b113      	cbz	r3, 8003020 <check_buffer+0xc>
		needed_buffer_size *= (1 + sequence->options->extra_samplings);
 800301a:	899b      	ldrh	r3, [r3, #12]
 800301c:	fb03 1101 	mla	r1, r3, r1, r1
	if (sequence->buffer_size < needed_buffer_size) {
 8003020:	68c3      	ldr	r3, [r0, #12]
 8003022:	428b      	cmp	r3, r1
 8003024:	d301      	bcc.n	800302a <check_buffer+0x16>
	return 0;
 8003026:	2000      	movs	r0, #0
}
 8003028:	4770      	bx	lr
{
 800302a:	b500      	push	{lr}
 800302c:	b083      	sub	sp, #12
	z_impl_z_log_msg_simple_create_2(source, level, fmt, arg0, arg1);
 800302e:	9100      	str	r1, [sp, #0]
 8003030:	4a04      	ldr	r2, [pc, #16]	@ (8003044 <check_buffer+0x30>)
 8003032:	2101      	movs	r1, #1
 8003034:	4804      	ldr	r0, [pc, #16]	@ (8003048 <check_buffer+0x34>)
 8003036:	f004 fc21 	bl	800787c <z_impl_z_log_msg_simple_create_2>
		return -ENOMEM;
 800303a:	f06f 000b 	mvn.w	r0, #11
}
 800303e:	b003      	add	sp, #12
 8003040:	f85d fb04 	ldr.w	pc, [sp], #4
 8003044:	08009e4c 	.word	0x08009e4c
 8003048:	080095e4 	.word	0x080095e4

0800304c <set_resolution>:
{
 800304c:	b570      	push	{r4, r5, r6, lr}
	const struct adc_stm32_cfg *config = dev->config;
 800304e:	6844      	ldr	r4, [r0, #4]
	__maybe_unused ADC_TypeDef *adc = config->base;
 8003050:	6825      	ldr	r5, [r4, #0]
	for (i = 0; i < config->table_resolution_size; i++) {
 8003052:	2300      	movs	r3, #0
 8003054:	e000      	b.n	8003058 <set_resolution+0xc>
 8003056:	3301      	adds	r3, #1
 8003058:	f994 2040 	ldrsb.w	r2, [r4, #64]	@ 0x40
 800305c:	429a      	cmp	r2, r3
 800305e:	dd05      	ble.n	800306c <set_resolution+0x20>
		if (sequence->resolution == config->table_raw_resolution[i]) {
 8003060:	f891 c010 	ldrb.w	ip, [r1, #16]
 8003064:	6aa0      	ldr	r0, [r4, #40]	@ 0x28
 8003066:	5cc0      	ldrb	r0, [r0, r3]
 8003068:	4584      	cmp	ip, r0
 800306a:	d1f4      	bne.n	8003056 <set_resolution+0xa>
	if (i == config->table_resolution_size) {
 800306c:	429a      	cmp	r2, r3
 800306e:	d00a      	beq.n	8003086 <set_resolution+0x3a>
  return (uint32_t)(READ_BIT(ADCx->CR1, ADC_CR1_RES));
 8003070:	686a      	ldr	r2, [r5, #4]
 8003072:	f002 7240 	and.w	r2, r2, #50331648	@ 0x3000000
	if (LL_ADC_GetResolution(adc) != config->table_ll_resolution[i]) {
 8003076:	6ae1      	ldr	r1, [r4, #44]	@ 0x2c
 8003078:	009e      	lsls	r6, r3, #2
 800307a:	f851 3023 	ldr.w	r3, [r1, r3, lsl #2]
 800307e:	4293      	cmp	r3, r2
 8003080:	d109      	bne.n	8003096 <set_resolution+0x4a>
	int err = 0;
 8003082:	2000      	movs	r0, #0
}
 8003084:	bd70      	pop	{r4, r5, r6, pc}
	z_impl_z_log_msg_simple_create_0(source, level, fmt);
 8003086:	4a0b      	ldr	r2, [pc, #44]	@ (80030b4 <set_resolution+0x68>)
 8003088:	2101      	movs	r1, #1
 800308a:	480b      	ldr	r0, [pc, #44]	@ (80030b8 <set_resolution+0x6c>)
 800308c:	f004 fbe1 	bl	8007852 <z_impl_z_log_msg_simple_create_0>
		return -EINVAL;
 8003090:	f06f 0015 	mvn.w	r0, #21
 8003094:	e7f6      	b.n	8003084 <set_resolution+0x38>
		err = adc_stm32_disable(adc, false);
 8003096:	2100      	movs	r1, #0
 8003098:	4628      	mov	r0, r5
 800309a:	f004 ff0e 	bl	8007eba <adc_stm32_disable>
		if (err == 0) {
 800309e:	2800      	cmp	r0, #0
 80030a0:	d1f0      	bne.n	8003084 <set_resolution+0x38>
			LL_ADC_SetResolution(adc, config->table_ll_resolution[i]);
 80030a2:	6ae3      	ldr	r3, [r4, #44]	@ 0x2c
 80030a4:	599b      	ldr	r3, [r3, r6]
  MODIFY_REG(ADCx->CR1, ADC_CR1_RES, Resolution);
 80030a6:	686a      	ldr	r2, [r5, #4]
 80030a8:	f022 7240 	bic.w	r2, r2, #50331648	@ 0x3000000
 80030ac:	4313      	orrs	r3, r2
 80030ae:	606b      	str	r3, [r5, #4]
}
 80030b0:	e7e8      	b.n	8003084 <set_resolution+0x38>
 80030b2:	bf00      	nop
 80030b4:	08009e74 	.word	0x08009e74
 80030b8:	080095e4 	.word	0x080095e4

080030bc <adc_stm32_sampling_time_check>:
{
 80030bc:	b510      	push	{r4, lr}
	const struct adc_stm32_cfg *config =
 80030be:	6844      	ldr	r4, [r0, #4]
	if (acq_time == ADC_ACQ_TIME_DEFAULT) {
 80030c0:	b321      	cbz	r1, 800310c <adc_stm32_sampling_time_check+0x50>
 80030c2:	460a      	mov	r2, r1
	if (acq_time == ADC_ACQ_TIME_MAX) {
 80030c4:	f643 73ff 	movw	r3, #16383	@ 0x3fff
 80030c8:	4299      	cmp	r1, r3
 80030ca:	d021      	beq.n	8003110 <adc_stm32_sampling_time_check+0x54>
	if (ADC_ACQ_TIME_UNIT(acq_time) != ADC_ACQ_TIME_TICKS) {
 80030cc:	0b8b      	lsrs	r3, r1, #14
 80030ce:	2b03      	cmp	r3, #3
 80030d0:	d10c      	bne.n	80030ec <adc_stm32_sampling_time_check+0x30>
	for (int i = 0; i < STM32_NB_SAMPLING_TIME; i++) {
 80030d2:	2000      	movs	r0, #0
 80030d4:	2807      	cmp	r0, #7
 80030d6:	dc11      	bgt.n	80030fc <adc_stm32_sampling_time_check+0x40>
		if (acq_time == ADC_ACQ_TIME(ADC_ACQ_TIME_TICKS,
 80030d8:	f100 0318 	add.w	r3, r0, #24
 80030dc:	f834 3013 	ldrh.w	r3, [r4, r3, lsl #1]
 80030e0:	f443 4340 	orr.w	r3, r3, #49152	@ 0xc000
 80030e4:	4293      	cmp	r3, r2
 80030e6:	d010      	beq.n	800310a <adc_stm32_sampling_time_check+0x4e>
	for (int i = 0; i < STM32_NB_SAMPLING_TIME; i++) {
 80030e8:	3001      	adds	r0, #1
 80030ea:	e7f3      	b.n	80030d4 <adc_stm32_sampling_time_check+0x18>
 80030ec:	4a09      	ldr	r2, [pc, #36]	@ (8003114 <adc_stm32_sampling_time_check+0x58>)
 80030ee:	2101      	movs	r1, #1
 80030f0:	4809      	ldr	r0, [pc, #36]	@ (8003118 <adc_stm32_sampling_time_check+0x5c>)
 80030f2:	f004 fbae 	bl	8007852 <z_impl_z_log_msg_simple_create_0>
		return -EINVAL;
 80030f6:	f06f 0015 	mvn.w	r0, #21
 80030fa:	e006      	b.n	800310a <adc_stm32_sampling_time_check+0x4e>
 80030fc:	4a07      	ldr	r2, [pc, #28]	@ (800311c <adc_stm32_sampling_time_check+0x60>)
 80030fe:	2101      	movs	r1, #1
 8003100:	4805      	ldr	r0, [pc, #20]	@ (8003118 <adc_stm32_sampling_time_check+0x5c>)
 8003102:	f004 fba6 	bl	8007852 <z_impl_z_log_msg_simple_create_0>
	return -EINVAL;
 8003106:	f06f 0015 	mvn.w	r0, #21
}
 800310a:	bd10      	pop	{r4, pc}
		return 0;
 800310c:	2000      	movs	r0, #0
 800310e:	e7fc      	b.n	800310a <adc_stm32_sampling_time_check+0x4e>
		return STM32_NB_SAMPLING_TIME - 1;
 8003110:	2007      	movs	r0, #7
 8003112:	e7fa      	b.n	800310a <adc_stm32_sampling_time_check+0x4e>
 8003114:	08009e88 	.word	0x08009e88
 8003118:	080095e4 	.word	0x080095e4
 800311c:	08009eb0 	.word	0x08009eb0

08003120 <adc_stm32_sampling_time_setup>:
{
 8003120:	b570      	push	{r4, r5, r6, lr}
 8003122:	460d      	mov	r5, r1
	const struct adc_stm32_cfg *config =
 8003124:	6844      	ldr	r4, [r0, #4]
	ADC_TypeDef *adc = config->base;
 8003126:	6826      	ldr	r6, [r4, #0]
	acq_time_index = adc_stm32_sampling_time_check(dev, acq_time);
 8003128:	4611      	mov	r1, r2
 800312a:	f7ff ffc7 	bl	80030bc <adc_stm32_sampling_time_check>
	if (acq_time_index < 0) {
 800312e:	2800      	cmp	r0, #0
 8003130:	db17      	blt.n	8003162 <adc_stm32_sampling_time_setup+0x42>
	switch (config->num_sampling_time_common_channels) {
 8003132:	f994 3041 	ldrsb.w	r3, [r4, #65]	@ 0x41
 8003136:	b13b      	cbz	r3, 8003148 <adc_stm32_sampling_time_setup+0x28>
 8003138:	2b00      	cmp	r3, #0
 800313a:	db19      	blt.n	8003170 <adc_stm32_sampling_time_setup+0x50>
 800313c:	3b01      	subs	r3, #1
 800313e:	b2db      	uxtb	r3, r3
 8003140:	2b01      	cmp	r3, #1
 8003142:	d815      	bhi.n	8003170 <adc_stm32_sampling_time_setup+0x50>
 8003144:	2000      	movs	r0, #0
 8003146:	e00c      	b.n	8003162 <adc_stm32_sampling_time_setup+0x42>
		LL_ADC_SetChannelSamplingTime(adc,
 8003148:	2d09      	cmp	r5, #9
 800314a:	d80b      	bhi.n	8003164 <adc_stm32_sampling_time_setup+0x44>
					      STM32_ADC_DECIMAL_NB_TO_CHANNEL(id),
 800314c:	eb05 0345 	add.w	r3, r5, r5, lsl #1
 8003150:	ea45 5303 	orr.w	r3, r5, r3, lsl #20
		LL_ADC_SetChannelSamplingTime(adc,
 8003154:	f043 7100 	orr.w	r1, r3, #33554432	@ 0x2000000
 8003158:	4602      	mov	r2, r0
 800315a:	4630      	mov	r0, r6
 800315c:	f004 fefc 	bl	8007f58 <LL_ADC_SetChannelSamplingTime>
	return 0;
 8003160:	2000      	movs	r0, #0
}
 8003162:	bd70      	pop	{r4, r5, r6, pc}
					      STM32_ADC_DECIMAL_NB_TO_CHANNEL(id),
 8003164:	eb05 0345 	add.w	r3, r5, r5, lsl #1
 8003168:	3b1e      	subs	r3, #30
		LL_ADC_SetChannelSamplingTime(adc,
 800316a:	ea45 5103 	orr.w	r1, r5, r3, lsl #20
 800316e:	e7f3      	b.n	8003158 <adc_stm32_sampling_time_setup+0x38>
 8003170:	4a03      	ldr	r2, [pc, #12]	@ (8003180 <adc_stm32_sampling_time_setup+0x60>)
 8003172:	2101      	movs	r1, #1
 8003174:	4803      	ldr	r0, [pc, #12]	@ (8003184 <adc_stm32_sampling_time_setup+0x64>)
 8003176:	f004 fb6c 	bl	8007852 <z_impl_z_log_msg_simple_create_0>
		return -EINVAL;
 800317a:	f06f 0015 	mvn.w	r0, #21
 800317e:	e7f0      	b.n	8003162 <adc_stm32_sampling_time_setup+0x42>
 8003180:	08009ed4 	.word	0x08009ed4
 8003184:	080095e4 	.word	0x080095e4

08003188 <adc_stm32_channel_setup>:
{
 8003188:	b508      	push	{r3, lr}
	const struct adc_stm32_cfg *config = (const struct adc_stm32_cfg *)dev->config;
 800318a:	6843      	ldr	r3, [r0, #4]
	if (!config->has_differential_support) {
 800318c:	f893 3045 	ldrb.w	r3, [r3, #69]	@ 0x45
 8003190:	f013 0f10 	tst.w	r3, #16
 8003194:	d103      	bne.n	800319e <adc_stm32_channel_setup+0x16>
		if (channel_cfg->differential) {
 8003196:	790b      	ldrb	r3, [r1, #4]
 8003198:	f013 0f20 	tst.w	r3, #32
 800319c:	d10d      	bne.n	80031ba <adc_stm32_channel_setup+0x32>
	if (channel_cfg->gain != ADC_GAIN_1) {
 800319e:	780b      	ldrb	r3, [r1, #0]
 80031a0:	2b09      	cmp	r3, #9
 80031a2:	d112      	bne.n	80031ca <adc_stm32_channel_setup+0x42>
	if (channel_cfg->reference != ADC_REF_INTERNAL) {
 80031a4:	784b      	ldrb	r3, [r1, #1]
 80031a6:	2b04      	cmp	r3, #4
 80031a8:	d117      	bne.n	80031da <adc_stm32_channel_setup+0x52>
	if (adc_stm32_sampling_time_setup(dev, channel_cfg->channel_id,
 80031aa:	790b      	ldrb	r3, [r1, #4]
 80031ac:	884a      	ldrh	r2, [r1, #2]
 80031ae:	f003 011f 	and.w	r1, r3, #31
 80031b2:	f7ff ffb5 	bl	8003120 <adc_stm32_sampling_time_setup>
 80031b6:	b9c0      	cbnz	r0, 80031ea <adc_stm32_channel_setup+0x62>
}
 80031b8:	bd08      	pop	{r3, pc}
 80031ba:	4a10      	ldr	r2, [pc, #64]	@ (80031fc <adc_stm32_channel_setup+0x74>)
 80031bc:	2101      	movs	r1, #1
 80031be:	4810      	ldr	r0, [pc, #64]	@ (8003200 <adc_stm32_channel_setup+0x78>)
 80031c0:	f004 fb47 	bl	8007852 <z_impl_z_log_msg_simple_create_0>
			return -EINVAL;
 80031c4:	f06f 0015 	mvn.w	r0, #21
 80031c8:	e7f6      	b.n	80031b8 <adc_stm32_channel_setup+0x30>
 80031ca:	4a0e      	ldr	r2, [pc, #56]	@ (8003204 <adc_stm32_channel_setup+0x7c>)
 80031cc:	2101      	movs	r1, #1
 80031ce:	480c      	ldr	r0, [pc, #48]	@ (8003200 <adc_stm32_channel_setup+0x78>)
 80031d0:	f004 fb3f 	bl	8007852 <z_impl_z_log_msg_simple_create_0>
		return -EINVAL;
 80031d4:	f06f 0015 	mvn.w	r0, #21
 80031d8:	e7ee      	b.n	80031b8 <adc_stm32_channel_setup+0x30>
 80031da:	4a0b      	ldr	r2, [pc, #44]	@ (8003208 <adc_stm32_channel_setup+0x80>)
 80031dc:	2101      	movs	r1, #1
 80031de:	4808      	ldr	r0, [pc, #32]	@ (8003200 <adc_stm32_channel_setup+0x78>)
 80031e0:	f004 fb37 	bl	8007852 <z_impl_z_log_msg_simple_create_0>
		return -EINVAL;
 80031e4:	f06f 0015 	mvn.w	r0, #21
 80031e8:	e7e6      	b.n	80031b8 <adc_stm32_channel_setup+0x30>
 80031ea:	4a08      	ldr	r2, [pc, #32]	@ (800320c <adc_stm32_channel_setup+0x84>)
 80031ec:	2101      	movs	r1, #1
 80031ee:	4804      	ldr	r0, [pc, #16]	@ (8003200 <adc_stm32_channel_setup+0x78>)
 80031f0:	f004 fb2f 	bl	8007852 <z_impl_z_log_msg_simple_create_0>
		return -EINVAL;
 80031f4:	f06f 0015 	mvn.w	r0, #21
 80031f8:	e7de      	b.n	80031b8 <adc_stm32_channel_setup+0x30>
 80031fa:	bf00      	nop
 80031fc:	08009f0c 	.word	0x08009f0c
 8003200:	080095e4 	.word	0x080095e4
 8003204:	08009f3c 	.word	0x08009f3c
 8003208:	08009f54 	.word	0x08009f54
 800320c:	08009f70 	.word	0x08009f70

08003210 <adc_context_enable_timer>:
	}
}

#ifdef ADC_CONTEXT_USES_KERNEL_TIMER
static inline void adc_context_enable_timer(struct adc_context *ctx)
{
 8003210:	b500      	push	{lr}
 8003212:	b083      	sub	sp, #12
 8003214:	4603      	mov	r3, r0
	k_timer_start(&ctx->timer, K_NO_WAIT, K_USEC(ctx->options.interval_us));
 8003216:	3008      	adds	r0, #8
 8003218:	6f9b      	ldr	r3, [r3, #120]	@ 0x78
 800321a:	3363      	adds	r3, #99	@ 0x63
 800321c:	bf2c      	ite	cs
 800321e:	f04f 0c01 	movcs.w	ip, #1
 8003222:	f04f 0c00 	movcc.w	ip, #0
 8003226:	f3c3 0213 	ubfx	r2, r3, #0, #20
 800322a:	0d19      	lsrs	r1, r3, #20
 800322c:	ea41 310c 	orr.w	r1, r1, ip, lsl #12
 8003230:	4411      	add	r1, r2
 8003232:	4a11      	ldr	r2, [pc, #68]	@ (8003278 <adc_context_enable_timer+0x68>)
 8003234:	fba2 e201 	umull	lr, r2, r2, r1
 8003238:	08d2      	lsrs	r2, r2, #3
 800323a:	eb02 0282 	add.w	r2, r2, r2, lsl #2
 800323e:	eb02 0282 	add.w	r2, r2, r2, lsl #2
 8003242:	1a8a      	subs	r2, r1, r2
 8003244:	1a9b      	subs	r3, r3, r2
 8003246:	f16c 0c00 	sbc.w	ip, ip, #0
 800324a:	490c      	ldr	r1, [pc, #48]	@ (800327c <adc_context_enable_timer+0x6c>)
 800324c:	4a0c      	ldr	r2, [pc, #48]	@ (8003280 <adc_context_enable_timer+0x70>)
 800324e:	fb03 f202 	mul.w	r2, r3, r2
 8003252:	fb01 220c 	mla	r2, r1, ip, r2
 8003256:	fba3 3101 	umull	r3, r1, r3, r1
 800325a:	440a      	add	r2, r1
 800325c:	089b      	lsrs	r3, r3, #2
 800325e:	ea43 7382 	orr.w	r3, r3, r2, lsl #30
 8003262:	0892      	lsrs	r2, r2, #2
	z_impl_k_timer_start(timer, duration, period);
 8003264:	9300      	str	r3, [sp, #0]
 8003266:	9201      	str	r2, [sp, #4]
 8003268:	2200      	movs	r2, #0
 800326a:	2300      	movs	r3, #0
 800326c:	f002 fe82 	bl	8005f74 <z_impl_k_timer_start>
}
 8003270:	b003      	add	sp, #12
 8003272:	f85d fb04 	ldr.w	pc, [sp], #4
 8003276:	bf00      	nop
 8003278:	51eb851f 	.word	0x51eb851f
 800327c:	c28f5c29 	.word	0xc28f5c29
 8003280:	8f5c28f5 	.word	0x8f5c28f5

08003284 <start_read>:
{
 8003284:	e92d 41f0 	stmdb	sp!, {r4, r5, r6, r7, r8, lr}
 8003288:	4607      	mov	r7, r0
 800328a:	460d      	mov	r5, r1
	const struct adc_stm32_cfg *config = dev->config;
 800328c:	6843      	ldr	r3, [r0, #4]
	struct adc_stm32_data *data = dev->data;
 800328e:	6906      	ldr	r6, [r0, #16]
	ADC_TypeDef *adc = config->base;
 8003290:	f8d3 8000 	ldr.w	r8, [r3]
	data->buffer = sequence->buffer;
 8003294:	688b      	ldr	r3, [r1, #8]
 8003296:	f8c6 3094 	str.w	r3, [r6, #148]	@ 0x94
	data->channels = sequence->channels;
 800329a:	6848      	ldr	r0, [r1, #4]
 800329c:	f8c6 00a0 	str.w	r0, [r6, #160]	@ 0xa0
	data->channel_count = POPCOUNT(data->channels);
 80032a0:	f7fd f88e 	bl	80003c0 <__popcountsi2>
 80032a4:	b2c0      	uxtb	r0, r0
 80032a6:	f886 00a4 	strb.w	r0, [r6, #164]	@ 0xa4
	data->samples_count = 0;
 80032aa:	2300      	movs	r3, #0
 80032ac:	f886 30a5 	strb.w	r3, [r6, #165]	@ 0xa5
	data->resolution = sequence->resolution;
 80032b0:	7c2b      	ldrb	r3, [r5, #16]
 80032b2:	f886 309c 	strb.w	r3, [r6, #156]	@ 0x9c
	if (data->channel_count == 0) {
 80032b6:	2800      	cmp	r0, #0
 80032b8:	d038      	beq.n	800332c <start_read+0xa8>
	if (data->channel_count > ARRAY_SIZE(table_seq_len)) {
 80032ba:	2810      	cmp	r0, #16
 80032bc:	d83e      	bhi.n	800333c <start_read+0xb8>
	err = set_resolution(dev, sequence);
 80032be:	4629      	mov	r1, r5
 80032c0:	4638      	mov	r0, r7
 80032c2:	f7ff fec3 	bl	800304c <set_resolution>
	if (err < 0) {
 80032c6:	1e04      	subs	r4, r0, #0
 80032c8:	db41      	blt.n	800334e <start_read+0xca>
	err = set_sequencer(dev);
 80032ca:	4638      	mov	r0, r7
 80032cc:	f7ff fe56 	bl	8002f7c <set_sequencer>
	if (err < 0) {
 80032d0:	1e04      	subs	r4, r0, #0
 80032d2:	db42      	blt.n	800335a <start_read+0xd6>
	err = check_buffer(sequence, data->channel_count);
 80032d4:	f896 10a4 	ldrb.w	r1, [r6, #164]	@ 0xa4
 80032d8:	4628      	mov	r0, r5
 80032da:	f7ff fe9b 	bl	8003014 <check_buffer>
	if (err) {
 80032de:	4604      	mov	r4, r0
 80032e0:	2800      	cmp	r0, #0
 80032e2:	d140      	bne.n	8003366 <start_read+0xe2>
	if (sequence->oversampling) {
 80032e4:	7c6b      	ldrb	r3, [r5, #17]
 80032e6:	2b00      	cmp	r3, #0
 80032e8:	d143      	bne.n	8003372 <start_read+0xee>
	if (sequence->calibrate) {
 80032ea:	7cab      	ldrb	r3, [r5, #18]
 80032ec:	2b00      	cmp	r3, #0
 80032ee:	d148      	bne.n	8003382 <start_read+0xfe>
	adc_stm32_enable(adc);
 80032f0:	4640      	mov	r0, r8
 80032f2:	f004 fdd1 	bl	8007e98 <adc_stm32_enable>
  * @param  ADCx ADC instance
  * @retval None
  */
__STATIC_INLINE void LL_ADC_ClearFlag_OVR(ADC_TypeDef *ADCx)
{
  WRITE_REG(ADCx->SR, ~LL_ADC_FLAG_OVR);
 80032f6:	f06f 0320 	mvn.w	r3, #32
 80032fa:	f8c8 3000 	str.w	r3, [r8]
  MODIFY_REG(ADCx->CR2, ADC_CR2_EOCS, EocSelection);
 80032fe:	f8d8 3008 	ldr.w	r3, [r8, #8]
 8003302:	f443 6380 	orr.w	r3, r3, #1024	@ 0x400
 8003306:	f8c8 3008 	str.w	r3, [r8, #8]
  * @param  ADCx ADC instance
  * @retval None
  */
__STATIC_INLINE void LL_ADC_EnableIT_EOCS(ADC_TypeDef *ADCx)
{
  SET_BIT(ADCx->CR1, LL_ADC_IT_EOCS);
 800330a:	f8d8 3004 	ldr.w	r3, [r8, #4]
 800330e:	f043 0320 	orr.w	r3, r3, #32
 8003312:	f8c8 3004 	str.w	r3, [r8, #4]
	adc_context_start_read(&data->ctx, sequence);
 8003316:	4629      	mov	r1, r5
 8003318:	4630      	mov	r0, r6
 800331a:	f004 fe51 	bl	8007fc0 <adc_context_start_read>
	int result = adc_context_wait_for_completion(&data->ctx);
 800331e:	4630      	mov	r0, r6
 8003320:	f004 fe7d 	bl	800801e <adc_context_wait_for_completion>
 8003324:	4604      	mov	r4, r0
}
 8003326:	4620      	mov	r0, r4
 8003328:	e8bd 81f0 	ldmia.w	sp!, {r4, r5, r6, r7, r8, pc}
 800332c:	4a19      	ldr	r2, [pc, #100]	@ (8003394 <start_read+0x110>)
 800332e:	2101      	movs	r1, #1
 8003330:	4819      	ldr	r0, [pc, #100]	@ (8003398 <start_read+0x114>)
 8003332:	f004 fa8e 	bl	8007852 <z_impl_z_log_msg_simple_create_0>
		return -EINVAL;
 8003336:	f06f 0415 	mvn.w	r4, #21
 800333a:	e7f4      	b.n	8003326 <start_read+0xa2>
	z_impl_z_log_msg_simple_create_1(source, level, fmt, arg);
 800333c:	2310      	movs	r3, #16
 800333e:	4a17      	ldr	r2, [pc, #92]	@ (800339c <start_read+0x118>)
 8003340:	2101      	movs	r1, #1
 8003342:	4815      	ldr	r0, [pc, #84]	@ (8003398 <start_read+0x114>)
 8003344:	f004 fa8f 	bl	8007866 <z_impl_z_log_msg_simple_create_1>
		return -EINVAL;
 8003348:	f06f 0415 	mvn.w	r4, #21
 800334c:	e7eb      	b.n	8003326 <start_read+0xa2>
	z_impl_z_log_msg_simple_create_0(source, level, fmt);
 800334e:	4a14      	ldr	r2, [pc, #80]	@ (80033a0 <start_read+0x11c>)
 8003350:	2101      	movs	r1, #1
 8003352:	4811      	ldr	r0, [pc, #68]	@ (8003398 <start_read+0x114>)
 8003354:	f004 fa7d 	bl	8007852 <z_impl_z_log_msg_simple_create_0>
		return err;
 8003358:	e7e5      	b.n	8003326 <start_read+0xa2>
 800335a:	4a12      	ldr	r2, [pc, #72]	@ (80033a4 <start_read+0x120>)
 800335c:	2101      	movs	r1, #1
 800335e:	480e      	ldr	r0, [pc, #56]	@ (8003398 <start_read+0x114>)
 8003360:	f004 fa77 	bl	8007852 <z_impl_z_log_msg_simple_create_0>
		return err;
 8003364:	e7df      	b.n	8003326 <start_read+0xa2>
 8003366:	4a10      	ldr	r2, [pc, #64]	@ (80033a8 <start_read+0x124>)
 8003368:	2101      	movs	r1, #1
 800336a:	480b      	ldr	r0, [pc, #44]	@ (8003398 <start_read+0x114>)
 800336c:	f004 fa71 	bl	8007852 <z_impl_z_log_msg_simple_create_0>
		return err;
 8003370:	e7d9      	b.n	8003326 <start_read+0xa2>
 8003372:	4a0e      	ldr	r2, [pc, #56]	@ (80033ac <start_read+0x128>)
 8003374:	2101      	movs	r1, #1
 8003376:	4808      	ldr	r0, [pc, #32]	@ (8003398 <start_read+0x114>)
 8003378:	f004 fa6b 	bl	8007852 <z_impl_z_log_msg_simple_create_0>
		return -ENOTSUP;
 800337c:	f06f 0485 	mvn.w	r4, #133	@ 0x85
 8003380:	e7d1      	b.n	8003326 <start_read+0xa2>
 8003382:	4a0b      	ldr	r2, [pc, #44]	@ (80033b0 <start_read+0x12c>)
 8003384:	2101      	movs	r1, #1
 8003386:	4804      	ldr	r0, [pc, #16]	@ (8003398 <start_read+0x114>)
 8003388:	f004 fa63 	bl	8007852 <z_impl_z_log_msg_simple_create_0>
		return -ENOTSUP;
 800338c:	f06f 0485 	mvn.w	r4, #133	@ 0x85
 8003390:	e7c9      	b.n	8003326 <start_read+0xa2>
 8003392:	bf00      	nop
 8003394:	08009f88 	.word	0x08009f88
 8003398:	080095e4 	.word	0x080095e4
 800339c:	08009fa0 	.word	0x08009fa0
 80033a0:	08009fcc 	.word	0x08009fcc
 80033a4:	08009ff0 	.word	0x08009ff0
 80033a8:	0800a010 	.word	0x0800a010
 80033ac:	0800a024 	.word	0x0800a024
 80033b0:	0800a040 	.word	0x0800a040

080033b4 <adc_stm32_init>:
#endif /* CONFIG_SOC_SERIES_STM32U5X */
}
#endif

static int adc_stm32_init(const struct device *dev)
{
 80033b4:	b5f8      	push	{r3, r4, r5, r6, r7, lr}
	struct adc_stm32_data *data = dev->data;
 80033b6:	6905      	ldr	r5, [r0, #16]
	const struct adc_stm32_cfg *config = dev->config;
 80033b8:	6846      	ldr	r6, [r0, #4]
	__maybe_unused ADC_TypeDef *adc = config->base;
 80033ba:	6837      	ldr	r7, [r6, #0]
	int err;

	LOG_DBG("Initializing %s", dev->name);

	data->dev = dev;
 80033bc:	f8c5 0090 	str.w	r0, [r5, #144]	@ 0x90
	 * For series that use two common channels, there can be up to two
	 * conversion times selected for all channels in a sequence.
	 * This additional table is for checking that the conversion time
	 * selection of all channels respects these requirements.
	 */
	data->acq_time_index[0] = -1;
 80033c0:	23ff      	movs	r3, #255	@ 0xff
 80033c2:	f885 30a6 	strb.w	r3, [r5, #166]	@ 0xa6
	data->acq_time_index[1] = -1;
 80033c6:	f885 30a7 	strb.w	r3, [r5, #167]	@ 0xa7

	adc_stm32_set_clock(dev);
 80033ca:	f7ff fd9b 	bl	8002f04 <adc_stm32_set_clock>

	/* Configure ADC inputs as specified in Device Tree, if any */
	err = pinctrl_apply_state(config->pcfg, PINCTRL_STATE_DEFAULT);
 80033ce:	2100      	movs	r1, #0
 80033d0:	6a70      	ldr	r0, [r6, #36]	@ 0x24
 80033d2:	f004 fe67 	bl	80080a4 <pinctrl_apply_state>
	if ((err < 0) && (err != -ENOENT)) {
 80033d6:	1e04      	subs	r4, r0, #0
 80033d8:	db0c      	blt.n	80033f4 <adc_stm32_init+0x40>
	}
#endif /* ANY_ADC_INTERNAL_REGULATOR_TYPE_IS(INTERNAL_REGULATOR_STARTUP_HW_STATUS) */

#endif /* INTERNAL_REGULATOR_STARTUP_SW_DELAY || INTERNAL_REGULATOR_STARTUP_HW_STATUS */

	if (config->irq_cfg_func) {
 80033da:	6873      	ldr	r3, [r6, #4]
 80033dc:	b103      	cbz	r3, 80033e0 <adc_stm32_init+0x2c>
		config->irq_cfg_func();
 80033de:	4798      	blx	r3
	/* If several ADCs are used and share a common clock property (for example ADC1/2 prescaler
	 * value on STM32U5), none of them should be enabled when the clock is set.
	 * To that end, make sure to disable ADC at the end of the initialization, it will be
	 * enabled later when necessary anyway.
	 */
	adc_stm32_disable(adc, true);
 80033e0:	2101      	movs	r1, #1
 80033e2:	4638      	mov	r0, r7
 80033e4:	f004 fd69 	bl	8007eba <adc_stm32_disable>

	adc_context_unlock_unconditionally(&data->ctx);
 80033e8:	4628      	mov	r0, r5
 80033ea:	f004 fe47 	bl	800807c <adc_context_unlock_unconditionally>
#ifdef CONFIG_ADC_STM32_INJECTED_CHANNELS
	LL_ADC_INJ_SetTriggerSource(adc, LL_ADC_INJ_TRIG_SOFTWARE);
	adc_context_unlock_unconditionally(&data->inj_ctx);
#endif /* CONFIG_ADC_STM32_INJECTED_CHANNELS */

	return 0;
 80033ee:	2400      	movs	r4, #0
}
 80033f0:	4620      	mov	r0, r4
 80033f2:	bdf8      	pop	{r3, r4, r5, r6, r7, pc}
	if ((err < 0) && (err != -ENOENT)) {
 80033f4:	f114 0f02 	cmn.w	r4, #2
 80033f8:	d0ef      	beq.n	80033da <adc_stm32_init+0x26>
	z_impl_z_log_msg_simple_create_1(source, level, fmt, arg);
 80033fa:	4623      	mov	r3, r4
 80033fc:	4a02      	ldr	r2, [pc, #8]	@ (8003408 <adc_stm32_init+0x54>)
 80033fe:	2101      	movs	r1, #1
 8003400:	4802      	ldr	r0, [pc, #8]	@ (800340c <adc_stm32_init+0x58>)
 8003402:	f004 fa30 	bl	8007866 <z_impl_z_log_msg_simple_create_1>
		return err;
 8003406:	e7f3      	b.n	80033f0 <adc_stm32_init+0x3c>
 8003408:	0800a05c 	.word	0x0800a05c
 800340c:	080095e4 	.word	0x080095e4

08003410 <adc_stm32_isr>:
{
 8003410:	b570      	push	{r4, r5, r6, lr}
 8003412:	4604      	mov	r4, r0
	struct adc_stm32_data *data = dev->data;
 8003414:	6906      	ldr	r6, [r0, #16]
	const struct adc_stm32_cfg *config = (const struct adc_stm32_cfg *)dev->config;
 8003416:	6843      	ldr	r3, [r0, #4]
	ADC_TypeDef *adc = config->base;
 8003418:	681d      	ldr	r5, [r3, #0]
  return (READ_BIT(ADCx->SR, LL_ADC_FLAG_OVR) == (LL_ADC_FLAG_OVR));
 800341a:	682b      	ldr	r3, [r5, #0]
	if (LL_ADC_IsActiveFlag_OVR(adc)) {
 800341c:	f013 0f20 	tst.w	r3, #32
 8003420:	d115      	bne.n	800344e <adc_stm32_isr+0x3e>
  return (READ_BIT(ADCx->SR, LL_ADC_FLAG_EOCS) == (LL_ADC_FLAG_EOCS));
 8003422:	682b      	ldr	r3, [r5, #0]
	if (LL_ADC_IsActiveFlag_EOCS(adc) == 1) {
 8003424:	f013 0f02 	tst.w	r3, #2
 8003428:	d010      	beq.n	800344c <adc_stm32_isr+0x3c>
  return (uint16_t)(READ_BIT(ADCx->DR, ADC_DR_DATA));
 800342a:	6cea      	ldr	r2, [r5, #76]	@ 0x4c
		*data->buffer++ = LL_ADC_REG_ReadConversionData32(adc);
 800342c:	f8d6 3094 	ldr.w	r3, [r6, #148]	@ 0x94
 8003430:	1c99      	adds	r1, r3, #2
 8003432:	f8c6 1094 	str.w	r1, [r6, #148]	@ 0x94
 8003436:	801a      	strh	r2, [r3, #0]
		if (++data->samples_count == data->channel_count) {
 8003438:	f896 30a5 	ldrb.w	r3, [r6, #165]	@ 0xa5
 800343c:	3301      	adds	r3, #1
 800343e:	b2db      	uxtb	r3, r3
 8003440:	f886 30a5 	strb.w	r3, [r6, #165]	@ 0xa5
 8003444:	f896 20a4 	ldrb.w	r2, [r6, #164]	@ 0xa4
 8003448:	4293      	cmp	r3, r2
 800344a:	d009      	beq.n	8003460 <adc_stm32_isr+0x50>
}
 800344c:	bd70      	pop	{r4, r5, r6, pc}
  WRITE_REG(ADCx->SR, ~LL_ADC_FLAG_OVR);
 800344e:	f06f 0320 	mvn.w	r3, #32
 8003452:	602b      	str	r3, [r5, #0]
	z_impl_z_log_msg_simple_create_0(source, level, fmt);
 8003454:	4a06      	ldr	r2, [pc, #24]	@ (8003470 <adc_stm32_isr+0x60>)
 8003456:	2101      	movs	r1, #1
 8003458:	4806      	ldr	r0, [pc, #24]	@ (8003474 <adc_stm32_isr+0x64>)
 800345a:	f004 f9fa 	bl	8007852 <z_impl_z_log_msg_simple_create_0>
		LOG_ERR("ADC overrun error occurred. Use DMA, reduce clock source frequency, "
 800345e:	e7e0      	b.n	8003422 <adc_stm32_isr+0x12>
			data->samples_count = 0;
 8003460:	2300      	movs	r3, #0
 8003462:	f886 30a5 	strb.w	r3, [r6, #165]	@ 0xa5
			adc_context_on_sampling_done(&data->ctx, dev);
 8003466:	4621      	mov	r1, r4
 8003468:	4630      	mov	r0, r6
 800346a:	f004 fe4e 	bl	800810a <adc_context_on_sampling_done>
}
 800346e:	e7ed      	b.n	800344c <adc_stm32_isr+0x3c>
 8003470:	0800a07c 	.word	0x0800a07c
 8003474:	080095e4 	.word	0x080095e4

08003478 <adc_stm32_isr_18>:
 *     generate_isr_code(index)
 */
#define GENERATE_ISR(index)                                                                        \
	COND_CODE_1(IS_EQ(index, FIRST_WITH_IRQN(index)), (GENERATE_ISR_CODE(index)), (EMPTY))

DT_INST_FOREACH_STATUS_OKAY(GENERATE_ISR)
 8003478:	b508      	push	{r3, lr}
 800347a:	4802      	ldr	r0, [pc, #8]	@ (8003484 <adc_stm32_isr_18+0xc>)
 800347c:	f7ff ffc8 	bl	8003410 <adc_stm32_isr>
 8003480:	bd08      	pop	{r3, pc}
 8003482:	bf00      	nop
 8003484:	08009288 	.word	0x08009288

08003488 <stm32_clock_switch_to_hsi>:
  * @rmtoll CR           HSIRDY        LL_RCC_HSI_IsReady
  * @retval State of bit (1 or 0).
  */
__STATIC_INLINE uint32_t LL_RCC_HSI_IsReady(void)
{
  return (READ_BIT(RCC->CR, RCC_CR_HSIRDY) == (RCC_CR_HSIRDY));
 8003488:	4b0c      	ldr	r3, [pc, #48]	@ (80034bc <stm32_clock_switch_to_hsi+0x34>)
 800348a:	681b      	ldr	r3, [r3, #0]
 */
__unused
static void stm32_clock_switch_to_hsi(void)
{
	/* Enable HSI if not enabled */
	if (LL_RCC_HSI_IsReady() != 1) {
 800348c:	f013 0f02 	tst.w	r3, #2
 8003490:	d109      	bne.n	80034a6 <stm32_clock_switch_to_hsi+0x1e>
  SET_BIT(RCC->CR, RCC_CR_HSION);
 8003492:	4a0a      	ldr	r2, [pc, #40]	@ (80034bc <stm32_clock_switch_to_hsi+0x34>)
 8003494:	6813      	ldr	r3, [r2, #0]
 8003496:	f043 0301 	orr.w	r3, r3, #1
 800349a:	6013      	str	r3, [r2, #0]
  return (READ_BIT(RCC->CR, RCC_CR_HSIRDY) == (RCC_CR_HSIRDY));
 800349c:	4b07      	ldr	r3, [pc, #28]	@ (80034bc <stm32_clock_switch_to_hsi+0x34>)
 800349e:	681b      	ldr	r3, [r3, #0]
		/* Enable HSI */
		LL_RCC_HSI_Enable();
		while (LL_RCC_HSI_IsReady() != 1) {
 80034a0:	f013 0f02 	tst.w	r3, #2
 80034a4:	d0fa      	beq.n	800349c <stm32_clock_switch_to_hsi+0x14>
  *         (*) value not defined in all devices.
  * @retval None
  */
__STATIC_INLINE void LL_RCC_SetSysClkSource(uint32_t Source)
{
  MODIFY_REG(RCC->CFGR, RCC_CFGR_SW, Source);
 80034a6:	4a05      	ldr	r2, [pc, #20]	@ (80034bc <stm32_clock_switch_to_hsi+0x34>)
 80034a8:	6893      	ldr	r3, [r2, #8]
 80034aa:	f023 0303 	bic.w	r3, r3, #3
 80034ae:	6093      	str	r3, [r2, #8]
  *
  *         (*) value not defined in all devices.
  */
__STATIC_INLINE uint32_t LL_RCC_GetSysClkSource(void)
{
  return (uint32_t)(READ_BIT(RCC->CFGR, RCC_CFGR_SWS));
 80034b0:	4b02      	ldr	r3, [pc, #8]	@ (80034bc <stm32_clock_switch_to_hsi+0x34>)
 80034b2:	689b      	ldr	r3, [r3, #8]
		}
	}

	/* Set HSI as SYSCLCK source */
	LL_RCC_SetSysClkSource(LL_RCC_SYS_CLKSOURCE_HSI);
	while (LL_RCC_GetSysClkSource() != LL_RCC_SYS_CLKSOURCE_STATUS_HSI) {
 80034b4:	f013 0f0c 	tst.w	r3, #12
 80034b8:	d1fa      	bne.n	80034b0 <stm32_clock_switch_to_hsi+0x28>
	}
}
 80034ba:	4770      	bx	lr
 80034bc:	40023800 	.word	0x40023800

080034c0 <set_up_fixed_clock_sources>:
  SET_BIT(RCC->CR, RCC_CR_HSEBYP);
 80034c0:	4b0c      	ldr	r3, [pc, #48]	@ (80034f4 <set_up_fixed_clock_sources+0x34>)
 80034c2:	681a      	ldr	r2, [r3, #0]
 80034c4:	f442 2280 	orr.w	r2, r2, #262144	@ 0x40000
 80034c8:	601a      	str	r2, [r3, #0]
  SET_BIT(RCC->CR, RCC_CR_HSEON);
 80034ca:	681a      	ldr	r2, [r3, #0]
 80034cc:	f442 3280 	orr.w	r2, r2, #65536	@ 0x10000
 80034d0:	601a      	str	r2, [r3, #0]
  return (READ_BIT(RCC->CR, RCC_CR_HSERDY) == (RCC_CR_HSERDY));
 80034d2:	4b08      	ldr	r3, [pc, #32]	@ (80034f4 <set_up_fixed_clock_sources+0x34>)
 80034d4:	681b      	ldr	r3, [r3, #0]
#if STM32_HSE_DIV2
		LL_RCC_HSE_EnableDiv2();
#endif
		/* Enable HSE */
		LL_RCC_HSE_Enable();
		while (LL_RCC_HSE_IsReady() != 1) {
 80034d6:	f413 3f00 	tst.w	r3, #131072	@ 0x20000
 80034da:	d0fa      	beq.n	80034d2 <set_up_fixed_clock_sources+0x12>
  SET_BIT(RCC->CSR, RCC_CSR_LSION);
 80034dc:	4a05      	ldr	r2, [pc, #20]	@ (80034f4 <set_up_fixed_clock_sources+0x34>)
 80034de:	6f53      	ldr	r3, [r2, #116]	@ 0x74
 80034e0:	f043 0301 	orr.w	r3, r3, #1
 80034e4:	6753      	str	r3, [r2, #116]	@ 0x74
  return (READ_BIT(RCC->CSR, RCC_CSR_LSIRDY) == (RCC_CSR_LSIRDY));
 80034e6:	4b03      	ldr	r3, [pc, #12]	@ (80034f4 <set_up_fixed_clock_sources+0x34>)
 80034e8:	6f5b      	ldr	r3, [r3, #116]	@ 0x74
		LL_RCC_LSI1_Enable();
		while (LL_RCC_LSI1_IsReady() != 1) {
		}
#else
		LL_RCC_LSI_Enable();
		while (LL_RCC_LSI_IsReady() != 1) {
 80034ea:	f013 0f02 	tst.w	r3, #2
 80034ee:	d0fa      	beq.n	80034e6 <set_up_fixed_clock_sources+0x26>
		LL_RCC_HSI48_Enable();
		while (LL_RCC_HSI48_IsReady() != 1) {
		}
	}
#endif /* STM32_HSI48_ENABLED */
}
 80034f0:	4770      	bx	lr
 80034f2:	bf00      	nop
 80034f4:	40023800 	.word	0x40023800

080034f8 <stm32_clock_control_get_subsys_rate>:
{
 80034f8:	b5f8      	push	{r3, r4, r5, r6, r7, lr}
 80034fa:	460c      	mov	r4, r1
 80034fc:	4615      	mov	r5, r2
	uint32_t ahb_clock = SystemCoreClock;
 80034fe:	4b42      	ldr	r3, [pc, #264]	@ (8003608 <stm32_clock_control_get_subsys_rate+0x110>)
 8003500:	681e      	ldr	r6, [r3, #0]
	uint32_t apb1_clock = get_bus_clock(ahb_clock, STM32_APB1_PRESCALER);
 8003502:	2102      	movs	r1, #2
 8003504:	4630      	mov	r0, r6
 8003506:	f004 fe49 	bl	800819c <get_bus_clock>
 800350a:	4607      	mov	r7, r0
	uint32_t apb2_clock = get_bus_clock(ahb_clock, STM32_APB2_PRESCALER);
 800350c:	2101      	movs	r1, #1
 800350e:	4630      	mov	r0, r6
 8003510:	f004 fe44 	bl	800819c <get_bus_clock>
	switch (pclken->bus) {
 8003514:	8823      	ldrh	r3, [r4, #0]
 8003516:	f3c3 010b 	ubfx	r1, r3, #0, #12
 800351a:	460b      	mov	r3, r1
 800351c:	2944      	cmp	r1, #68	@ 0x44
 800351e:	d829      	bhi.n	8003574 <stm32_clock_control_get_subsys_rate+0x7c>
 8003520:	b209      	sxth	r1, r1
 8003522:	2900      	cmp	r1, #0
 8003524:	d068      	beq.n	80035f8 <stm32_clock_control_get_subsys_rate+0x100>
 8003526:	3b01      	subs	r3, #1
 8003528:	2b43      	cmp	r3, #67	@ 0x43
 800352a:	d868      	bhi.n	80035fe <stm32_clock_control_get_subsys_rate+0x106>
 800352c:	e8df f003 	tbb	[pc, r3]
 8003530:	5a56533d 	.word	0x5a56533d
 8003534:	67493f5d 	.word	0x67493f5d
 8003538:	67676767 	.word	0x67676767
 800353c:	67676767 	.word	0x67676767
 8003540:	67676767 	.word	0x67676767
 8003544:	67676260 	.word	0x67676260
 8003548:	67676767 	.word	0x67676767
 800354c:	67676767 	.word	0x67676767
 8003550:	67676767 	.word	0x67676767
 8003554:	67676767 	.word	0x67676767
 8003558:	67676767 	.word	0x67676767
 800355c:	35676767 	.word	0x35676767
 8003560:	35676767 	.word	0x35676767
 8003564:	37676767 	.word	0x37676767
 8003568:	67676767 	.word	0x67676767
 800356c:	39676767 	.word	0x39676767
 8003570:	3b676767 	.word	0x3b676767
 8003574:	29a8      	cmp	r1, #168	@ 0xa8
 8003576:	d10d      	bne.n	8003594 <stm32_clock_control_get_subsys_rate+0x9c>
		*rate = ahb3_clock;
 8003578:	602e      	str	r6, [r5, #0]
	if (pclken->div) {
 800357a:	6823      	ldr	r3, [r4, #0]
 800357c:	f5b3 5f80 	cmp.w	r3, #4096	@ 0x1000
 8003580:	d340      	bcc.n	8003604 <stm32_clock_control_get_subsys_rate+0x10c>
		*rate /= (pclken->div + 1);
 8003582:	682a      	ldr	r2, [r5, #0]
 8003584:	f3c3 3313 	ubfx	r3, r3, #12, #20
 8003588:	3301      	adds	r3, #1
 800358a:	fbb2 f2f3 	udiv	r2, r2, r3
 800358e:	602a      	str	r2, [r5, #0]
	return 0;
 8003590:	2000      	movs	r0, #0
 8003592:	e036      	b.n	8003602 <stm32_clock_control_get_subsys_rate+0x10a>
	switch (pclken->bus) {
 8003594:	f06f 0085 	mvn.w	r0, #133	@ 0x85
 8003598:	e033      	b.n	8003602 <stm32_clock_control_get_subsys_rate+0x10a>
		*rate = ahb_clock;
 800359a:	602e      	str	r6, [r5, #0]
		break;
 800359c:	e7ed      	b.n	800357a <stm32_clock_control_get_subsys_rate+0x82>
		*rate = ahb3_clock;
 800359e:	602e      	str	r6, [r5, #0]
		break;
 80035a0:	e7eb      	b.n	800357a <stm32_clock_control_get_subsys_rate+0x82>
		*rate = apb1_clock;
 80035a2:	602f      	str	r7, [r5, #0]
		break;
 80035a4:	e7e9      	b.n	800357a <stm32_clock_control_get_subsys_rate+0x82>
		*rate = apb2_clock;
 80035a6:	6028      	str	r0, [r5, #0]
		break;
 80035a8:	e7e7      	b.n	800357a <stm32_clock_control_get_subsys_rate+0x82>
		*rate = SystemCoreClock * STM32_CORE_PRESCALER;
 80035aa:	602e      	str	r6, [r5, #0]
		break;
 80035ac:	e7e5      	b.n	800357a <stm32_clock_control_get_subsys_rate+0x82>
		*rate = get_pll_div_frequency(get_pllsrc_frequency(),
 80035ae:	f000 f8cf 	bl	8003750 <get_pllsrc_frequency>
 80035b2:	2304      	movs	r3, #4
 80035b4:	f44f 72a8 	mov.w	r2, #336	@ 0x150
 80035b8:	2108      	movs	r1, #8
 80035ba:	f004 fde8 	bl	800818e <get_pll_div_frequency>
 80035be:	6028      	str	r0, [r5, #0]
		break;
 80035c0:	e7db      	b.n	800357a <stm32_clock_control_get_subsys_rate+0x82>
		*rate = get_pll_div_frequency(get_pllsrc_frequency(),
 80035c2:	f000 f8c5 	bl	8003750 <get_pllsrc_frequency>
 80035c6:	2307      	movs	r3, #7
 80035c8:	f44f 72a8 	mov.w	r2, #336	@ 0x150
 80035cc:	2108      	movs	r1, #8
 80035ce:	f004 fdde 	bl	800818e <get_pll_div_frequency>
 80035d2:	6028      	str	r0, [r5, #0]
		break;
 80035d4:	e7d1      	b.n	800357a <stm32_clock_control_get_subsys_rate+0x82>
		*rate = STM32_LSE_FREQ;
 80035d6:	2300      	movs	r3, #0
 80035d8:	602b      	str	r3, [r5, #0]
		break;
 80035da:	e7ce      	b.n	800357a <stm32_clock_control_get_subsys_rate+0x82>
		*rate = STM32_LSI_FREQ;
 80035dc:	f44f 43fa 	mov.w	r3, #32000	@ 0x7d00
 80035e0:	602b      	str	r3, [r5, #0]
		break;
 80035e2:	e7ca      	b.n	800357a <stm32_clock_control_get_subsys_rate+0x82>
		*rate = STM32_HSI_FREQ;
 80035e4:	2300      	movs	r3, #0
 80035e6:	602b      	str	r3, [r5, #0]
		break;
 80035e8:	e7c7      	b.n	800357a <stm32_clock_control_get_subsys_rate+0x82>
		*rate = STM32_HSE_FREQ;
 80035ea:	4b08      	ldr	r3, [pc, #32]	@ (800360c <stm32_clock_control_get_subsys_rate+0x114>)
 80035ec:	602b      	str	r3, [r5, #0]
		break;
 80035ee:	e7c4      	b.n	800357a <stm32_clock_control_get_subsys_rate+0x82>
		*rate = STM32_APB1_PRESCALER <= 2 ? ahb_clock : apb1_clock * 2;
 80035f0:	602e      	str	r6, [r5, #0]
		break;
 80035f2:	e7c2      	b.n	800357a <stm32_clock_control_get_subsys_rate+0x82>
		*rate = STM32_APB2_PRESCALER <= 2 ? ahb_clock : apb2_clock * 2;
 80035f4:	602e      	str	r6, [r5, #0]
		break;
 80035f6:	e7c0      	b.n	800357a <stm32_clock_control_get_subsys_rate+0x82>
	switch (pclken->bus) {
 80035f8:	f06f 0085 	mvn.w	r0, #133	@ 0x85
 80035fc:	e001      	b.n	8003602 <stm32_clock_control_get_subsys_rate+0x10a>
 80035fe:	f06f 0085 	mvn.w	r0, #133	@ 0x85
}
 8003602:	bdf8      	pop	{r3, r4, r5, r6, r7, pc}
	return 0;
 8003604:	2000      	movs	r0, #0
 8003606:	e7fc      	b.n	8003602 <stm32_clock_control_get_subsys_rate+0x10a>
 8003608:	20000118 	.word	0x20000118
 800360c:	007a1200 	.word	0x007a1200

08003610 <set_up_plls>:
{
 8003610:	b508      	push	{r3, lr}
  return (uint32_t)(READ_BIT(RCC->CFGR, RCC_CFGR_SWS));
 8003612:	4b1b      	ldr	r3, [pc, #108]	@ (8003680 <set_up_plls+0x70>)
 8003614:	689b      	ldr	r3, [r3, #8]
 8003616:	f003 030c 	and.w	r3, r3, #12
	if (LL_RCC_GetSysClkSource() == LL_RCC_SYS_CLKSOURCE_STATUS_PLL) {
 800361a:	2b08      	cmp	r3, #8
 800361c:	d027      	beq.n	800366e <set_up_plls+0x5e>
  * @rmtoll CR           PLLON         LL_RCC_PLL_Disable
  * @retval None
  */
__STATIC_INLINE void LL_RCC_PLL_Disable(void)
{
  CLEAR_BIT(RCC->CR, RCC_CR_PLLON);
 800361e:	4a18      	ldr	r2, [pc, #96]	@ (8003680 <set_up_plls+0x70>)
 8003620:	6813      	ldr	r3, [r2, #0]
 8003622:	f023 7380 	bic.w	r3, r3, #16777216	@ 0x1000000
 8003626:	6013      	str	r3, [r2, #0]
  * @rmtoll CR           PLLRDY        LL_RCC_PLL_IsReady
  * @retval State of bit (1 or 0).
  */
__STATIC_INLINE uint32_t LL_RCC_PLL_IsReady(void)
{
  return (READ_BIT(RCC->CR, RCC_CR_PLLRDY) == (RCC_CR_PLLRDY));
 8003628:	4b15      	ldr	r3, [pc, #84]	@ (8003680 <set_up_plls+0x70>)
 800362a:	681b      	ldr	r3, [r3, #0]
	while (LL_RCC_PLL_IsReady() != 0U) {
 800362c:	f013 7f00 	tst.w	r3, #33554432	@ 0x2000000
 8003630:	d1fa      	bne.n	8003628 <set_up_plls+0x18>
	*(volatile uint16_t *)addr = data;
}

static ALWAYS_INLINE uint32_t sys_read32(mem_addr_t addr)
{
	return *(volatile uint32_t *)addr;
 8003632:	4a14      	ldr	r2, [pc, #80]	@ (8003684 <set_up_plls+0x74>)
 8003634:	f8d2 3804 	ldr.w	r3, [r2, #2052]	@ 0x804
}

static ALWAYS_INLINE void stm32_reg_modify_bits(volatile uint32_t *addr, uint32_t mask,
						uint32_t value)
{
	stm32_reg_write(addr, (stm32_reg_read(addr) & ~mask) | value);
 8003638:	f423 3340 	bic.w	r3, r3, #196608	@ 0x30000
 800363c:	f443 3380 	orr.w	r3, r3, #65536	@ 0x10000
}

static ALWAYS_INLINE void sys_write32(uint32_t data, mem_addr_t addr)
{
	*(volatile uint32_t *)addr = data;
 8003640:	f8c2 3804 	str.w	r3, [r2, #2052]	@ 0x804
	return *(volatile uint32_t *)addr;
 8003644:	f8d2 3804 	ldr.w	r3, [r2, #2052]	@ 0x804
 8003648:	f023 6370 	bic.w	r3, r3, #251658240	@ 0xf000000
 800364c:	f043 63e0 	orr.w	r3, r3, #117440512	@ 0x7000000
	*(volatile uint32_t *)addr = data;
 8003650:	f8c2 3804 	str.w	r3, [r2, #2052]	@ 0x804
	config_pll_sysclock();
 8003654:	f000 f880 	bl	8003758 <config_pll_sysclock>
  SET_BIT(RCC->CR, RCC_CR_PLLON);
 8003658:	4a09      	ldr	r2, [pc, #36]	@ (8003680 <set_up_plls+0x70>)
 800365a:	6813      	ldr	r3, [r2, #0]
 800365c:	f043 7380 	orr.w	r3, r3, #16777216	@ 0x1000000
 8003660:	6013      	str	r3, [r2, #0]
  return (READ_BIT(RCC->CR, RCC_CR_PLLRDY) == (RCC_CR_PLLRDY));
 8003662:	4b07      	ldr	r3, [pc, #28]	@ (8003680 <set_up_plls+0x70>)
 8003664:	681b      	ldr	r3, [r3, #0]
	while (LL_RCC_PLL_IsReady() != 1U) {
 8003666:	f013 7f00 	tst.w	r3, #33554432	@ 0x2000000
 800366a:	d0fa      	beq.n	8003662 <set_up_plls+0x52>
}
 800366c:	bd08      	pop	{r3, pc}
		stm32_clock_switch_to_hsi();
 800366e:	f7ff ff0b 	bl	8003488 <stm32_clock_switch_to_hsi>
  MODIFY_REG(RCC->CFGR, RCC_CFGR_HPRE, Prescaler);
 8003672:	4a03      	ldr	r2, [pc, #12]	@ (8003680 <set_up_plls+0x70>)
 8003674:	6893      	ldr	r3, [r2, #8]
 8003676:	f023 03f0 	bic.w	r3, r3, #240	@ 0xf0
 800367a:	6093      	str	r3, [r2, #8]
}
 800367c:	e7cf      	b.n	800361e <set_up_plls+0xe>
 800367e:	bf00      	nop
 8003680:	40023800 	.word	0x40023800
 8003684:	40023000 	.word	0x40023000

08003688 <enabled_clock>:
	switch (src_clk) {
 8003688:	2816      	cmp	r0, #22
 800368a:	d806      	bhi.n	800369a <enabled_clock+0x12>
 800368c:	4b06      	ldr	r3, [pc, #24]	@ (80036a8 <enabled_clock+0x20>)
 800368e:	40c3      	lsrs	r3, r0
 8003690:	f013 0f01 	tst.w	r3, #1
 8003694:	d004      	beq.n	80036a0 <enabled_clock+0x18>
	int r = 0;
 8003696:	2000      	movs	r0, #0
 8003698:	4770      	bx	lr
	switch (src_clk) {
 800369a:	f06f 0085 	mvn.w	r0, #133	@ 0x85
 800369e:	4770      	bx	lr
 80036a0:	f06f 0085 	mvn.w	r0, #133	@ 0x85
}
 80036a4:	4770      	bx	lr
 80036a6:	bf00      	nop
 80036a8:	006000ea 	.word	0x006000ea

080036ac <stm32_clock_control_init>:
 * @param dev clock device struct
 *
 * @return 0
 */
int stm32_clock_control_init(const struct device *dev)
{
 80036ac:	b538      	push	{r3, r4, r5, lr}
	ARG_UNUSED(dev);

	/* Some clocks would be activated by default */
	config_enable_default_clocks();
 80036ae:	f000 f877 	bl	80037a0 <config_enable_default_clocks>
	config_regulator_voltage(CONFIG_SYS_CLOCK_HW_CYCLES_PER_SEC);
 80036b2:	4c23      	ldr	r4, [pc, #140]	@ (8003740 <stm32_clock_control_init+0x94>)
 80036b4:	4620      	mov	r0, r4
 80036b6:	f004 fdee 	bl	8008296 <config_regulator_voltage>

#if defined(FLASH_ACR_LATENCY)
	uint32_t old_flash_freq;
	uint32_t new_flash_freq;

	old_flash_freq = RCC_CALC_FLASH_FREQ(HAL_RCC_GetSysClockFreq(),
 80036ba:	f001 f9ff 	bl	8004abc <HAL_RCC_GetSysClockFreq>
  return (uint32_t)(READ_BIT(RCC->CFGR, RCC_CFGR_HPRE));
 80036be:	4b21      	ldr	r3, [pc, #132]	@ (8003744 <stm32_clock_control_init+0x98>)
 80036c0:	689b      	ldr	r3, [r3, #8]
 80036c2:	f3c3 1303 	ubfx	r3, r3, #4, #4
 80036c6:	4a20      	ldr	r2, [pc, #128]	@ (8003748 <stm32_clock_control_init+0x9c>)
 80036c8:	5cd3      	ldrb	r3, [r2, r3]
 80036ca:	fa20 f503 	lsr.w	r5, r0, r3
					       GET_CURRENT_FLASH_PRESCALER());

	new_flash_freq = RCC_CALC_FLASH_FREQ(CONFIG_SYS_CLOCK_HW_CYCLES_PER_SEC,
 80036ce:	7813      	ldrb	r3, [r2, #0]
 80036d0:	411c      	asrs	r4, r3
				      STM32_FLASH_PRESCALER);

	/* If HCLK increases, set flash latency before any clock setting */
	if (old_flash_freq < new_flash_freq) {
 80036d2:	42a5      	cmp	r5, r4
 80036d4:	d32c      	bcc.n	8003730 <stm32_clock_control_init+0x84>
		LL_SetFlashLatency(new_flash_freq);
	}
#endif /* FLASH_ACR_LATENCY */

	/* Set up individual enabled clocks */
	set_up_fixed_clock_sources();
 80036d6:	f7ff fef3 	bl	80034c0 <set_up_fixed_clock_sources>

	/* Set up PLLs */
	set_up_plls();
 80036da:	f7ff ff99 	bl	8003610 <set_up_plls>
  MODIFY_REG(RCC->CFGR, RCC_CFGR_HPRE, Prescaler);
 80036de:	4a19      	ldr	r2, [pc, #100]	@ (8003744 <stm32_clock_control_init+0x98>)
 80036e0:	6893      	ldr	r3, [r2, #8]
 80036e2:	f023 03f0 	bic.w	r3, r3, #240	@ 0xf0
 80036e6:	6093      	str	r3, [r2, #8]
  MODIFY_REG(RCC->CFGR, RCC_CFGR_SW, Source);
 80036e8:	6893      	ldr	r3, [r2, #8]
 80036ea:	f023 0303 	bic.w	r3, r3, #3
 80036ee:	f043 0302 	orr.w	r3, r3, #2
 80036f2:	6093      	str	r3, [r2, #8]
  return (uint32_t)(READ_BIT(RCC->CFGR, RCC_CFGR_SWS));
 80036f4:	4b13      	ldr	r3, [pc, #76]	@ (8003744 <stm32_clock_control_init+0x98>)
 80036f6:	689b      	ldr	r3, [r3, #8]
 80036f8:	f003 030c 	and.w	r3, r3, #12
	}

#if STM32_SYSCLK_SRC_PLL
	/* Set PLL as System Clock Source */
	LL_RCC_SetSysClkSource(LL_RCC_SYS_CLKSOURCE_PLL);
	while (LL_RCC_GetSysClkSource() != LL_RCC_SYS_CLKSOURCE_STATUS_PLL) {
 80036fc:	2b08      	cmp	r3, #8
 80036fe:	d1f9      	bne.n	80036f4 <stm32_clock_control_init+0x48>
		LL_RCC_SetAHBPrescaler(ahb_prescaler(STM32_CORE_PRESCALER));
	}

#if defined(FLASH_ACR_LATENCY)
	/* If HCLK not increased, set flash latency after all clock setting */
	if (old_flash_freq >= new_flash_freq) {
 8003700:	42a5      	cmp	r5, r4
 8003702:	d219      	bcs.n	8003738 <stm32_clock_control_init+0x8c>
		LL_SetFlashLatency(new_flash_freq);
	}
#endif /* FLASH_ACR_LATENCY */

	SystemCoreClock = CONFIG_SYS_CLOCK_HW_CYCLES_PER_SEC;
 8003704:	4b11      	ldr	r3, [pc, #68]	@ (800374c <stm32_clock_control_init+0xa0>)
 8003706:	4a0e      	ldr	r2, [pc, #56]	@ (8003740 <stm32_clock_control_init+0x94>)
 8003708:	601a      	str	r2, [r3, #0]
  MODIFY_REG(RCC->CFGR, RCC_CFGR_PPRE1, Prescaler);
 800370a:	4b0e      	ldr	r3, [pc, #56]	@ (8003744 <stm32_clock_control_init+0x98>)
 800370c:	689a      	ldr	r2, [r3, #8]
 800370e:	f422 52e0 	bic.w	r2, r2, #7168	@ 0x1c00
 8003712:	f442 5280 	orr.w	r2, r2, #4096	@ 0x1000
 8003716:	609a      	str	r2, [r3, #8]
  MODIFY_REG(RCC->CFGR, RCC_CFGR_PPRE2, Prescaler);
 8003718:	689a      	ldr	r2, [r3, #8]
 800371a:	f422 4260 	bic.w	r2, r2, #57344	@ 0xe000
 800371e:	609a      	str	r2, [r3, #8]
  MODIFY_REG(RCC->DCKCFGR, RCC_DCKCFGR_TIMPRE, Prescaler);
 8003720:	f8d3 208c 	ldr.w	r2, [r3, #140]	@ 0x8c
 8003724:	f022 7280 	bic.w	r2, r2, #16777216	@ 0x1000000
 8003728:	f8c3 208c 	str.w	r2, [r3, #140]	@ 0x8c
		LL_RCC_SetTIMPrescaler(LL_RCC_TIM_PRESCALER_TWICE);
	}
#endif

	return 0;
}
 800372c:	2000      	movs	r0, #0
 800372e:	bd38      	pop	{r3, r4, r5, pc}
		LL_SetFlashLatency(new_flash_freq);
 8003730:	4620      	mov	r0, r4
 8003732:	f001 fa31 	bl	8004b98 <LL_SetFlashLatency>
 8003736:	e7ce      	b.n	80036d6 <stm32_clock_control_init+0x2a>
		LL_SetFlashLatency(new_flash_freq);
 8003738:	4620      	mov	r0, r4
 800373a:	f001 fa2d 	bl	8004b98 <LL_SetFlashLatency>
 800373e:	e7e1      	b.n	8003704 <stm32_clock_control_init+0x58>
 8003740:	0501bd00 	.word	0x0501bd00
 8003744:	40023800 	.word	0x40023800
 8003748:	0800a994 	.word	0x0800a994
 800374c:	20000118 	.word	0x20000118

08003750 <get_pllsrc_frequency>:
		return STM32_HSE_FREQ;
	}

	__ASSERT(0, "Invalid source");
	return 0;
}
 8003750:	4800      	ldr	r0, [pc, #0]	@ (8003754 <get_pllsrc_frequency+0x4>)
 8003752:	4770      	bx	lr
 8003754:	007a1200 	.word	0x007a1200

08003758 <config_pll_sysclock>:

/**
 * @brief Set up pll configuration
 */
void config_pll_sysclock(void)
{
 8003758:	b508      	push	{r3, lr}
#if STM32_PLL_P_ENABLED
	/* All STM32F2x, F4x and F7x */
	LL_RCC_PLL_ConfigDomain_SYS(get_pll_source(),
 800375a:	f004 fd9d 	bl	8008298 <get_pll_source>
  *         (*) value not defined in all devices.
  * @retval None
  */
__STATIC_INLINE void LL_RCC_PLL_ConfigDomain_SYS(uint32_t Source, uint32_t PLLM, uint32_t PLLN, uint32_t PLLP_R)
{
  MODIFY_REG(RCC->PLLCFGR, RCC_PLLCFGR_PLLSRC | RCC_PLLCFGR_PLLM | RCC_PLLCFGR_PLLN,
 800375e:	4b0c      	ldr	r3, [pc, #48]	@ (8003790 <config_pll_sysclock+0x38>)
 8003760:	6859      	ldr	r1, [r3, #4]
 8003762:	4a0c      	ldr	r2, [pc, #48]	@ (8003794 <config_pll_sysclock+0x3c>)
 8003764:	400a      	ands	r2, r1
 8003766:	f440 41a8 	orr.w	r1, r0, #21504	@ 0x5400
 800376a:	f041 0108 	orr.w	r1, r1, #8
 800376e:	430a      	orrs	r2, r1
 8003770:	605a      	str	r2, [r3, #4]
             Source | PLLM | PLLN << RCC_PLLCFGR_PLLN_Pos);
  MODIFY_REG(RCC->PLLCFGR, RCC_PLLCFGR_PLLP, PLLP_R);
 8003772:	685a      	ldr	r2, [r3, #4]
 8003774:	f422 3240 	bic.w	r2, r2, #196608	@ 0x30000
 8003778:	f442 3280 	orr.w	r2, r2, #65536	@ 0x10000
 800377c:	605a      	str	r2, [r3, #4]
  *         @arg @ref LL_RCC_PLLQ_DIV_15
  * @retval None
  */
__STATIC_INLINE void LL_RCC_PLL_ConfigDomain_48M(uint32_t Source, uint32_t PLLM, uint32_t PLLN, uint32_t PLLQ)
{
  MODIFY_REG(RCC->PLLCFGR, RCC_PLLCFGR_PLLSRC | RCC_PLLCFGR_PLLM | RCC_PLLCFGR_PLLN | RCC_PLLCFGR_PLLQ,
 800377e:	6859      	ldr	r1, [r3, #4]
 8003780:	4a05      	ldr	r2, [pc, #20]	@ (8003798 <config_pll_sysclock+0x40>)
 8003782:	400a      	ands	r2, r1
 8003784:	4905      	ldr	r1, [pc, #20]	@ (800379c <config_pll_sysclock+0x44>)
 8003786:	4301      	orrs	r1, r0
 8003788:	430a      	orrs	r2, r1
 800378a:	605a      	str	r2, [r3, #4]
		 * for the overdrive function. The caller will try to turn on the PLL
		 * And start waiting for the PLL locking phase to complete.
		 */
	}
#endif /* CONFIG_SOC_SERIES_STM32F7X */
}
 800378c:	bd08      	pop	{r3, pc}
 800378e:	bf00      	nop
 8003790:	40023800 	.word	0x40023800
 8003794:	ffbf8000 	.word	0xffbf8000
 8003798:	f0bf8000 	.word	0xf0bf8000
 800379c:	07005408 	.word	0x07005408

080037a0 <config_enable_default_clocks>:

/**
 * @brief Activate default clocks
 */
void config_enable_default_clocks(void)
{
 80037a0:	b082      	sub	sp, #8
  * @retval None
  */
__STATIC_INLINE void LL_APB1_GRP1_EnableClock(uint32_t Periphs)
{
  __IO uint32_t tmpreg;
  SET_BIT(RCC->APB1ENR, Periphs);
 80037a2:	4b06      	ldr	r3, [pc, #24]	@ (80037bc <config_enable_default_clocks+0x1c>)
 80037a4:	6c1a      	ldr	r2, [r3, #64]	@ 0x40
 80037a6:	f042 5280 	orr.w	r2, r2, #268435456	@ 0x10000000
 80037aa:	641a      	str	r2, [r3, #64]	@ 0x40
  /* Delay after an RCC peripheral clock enabling */
  tmpreg = READ_BIT(RCC->APB1ENR, Periphs);
 80037ac:	6c1b      	ldr	r3, [r3, #64]	@ 0x40
 80037ae:	f003 5380 	and.w	r3, r3, #268435456	@ 0x10000000
 80037b2:	9301      	str	r3, [sp, #4]
  (void)tmpreg;
 80037b4:	9b01      	ldr	r3, [sp, #4]
	/* Power Interface clock enabled by default */
	LL_APB1_GRP1_EnableClock(LL_APB1_GRP1_PERIPH_PWR);
}
 80037b6:	b002      	add	sp, #8
 80037b8:	4770      	bx	lr
 80037ba:	bf00      	nop
 80037bc:	40023800 	.word	0x40023800

080037c0 <console_out>:
 *
 * @return The character passed as input.
 */

static int console_out(int c)
{
 80037c0:	b510      	push	{r4, lr}
 80037c2:	4604      	mov	r4, r0
		 * function MUST return the byte output.
		 */
		return c;
	}

	if ('\n' == c) {
 80037c4:	280a      	cmp	r0, #10
 80037c6:	d006      	beq.n	80037d6 <console_out+0x16>
		uart_poll_out(uart_console_dev, '\r');
	}
	uart_poll_out(uart_console_dev, c);
 80037c8:	b2e1      	uxtb	r1, r4
	const struct uart_driver_api *api = (const struct uart_driver_api *)dev->api;
 80037ca:	4806      	ldr	r0, [pc, #24]	@ (80037e4 <console_out+0x24>)
 80037cc:	6883      	ldr	r3, [r0, #8]
	api->poll_out(dev, out_char);
 80037ce:	685b      	ldr	r3, [r3, #4]
 80037d0:	4798      	blx	r3
	 * As errors cannot be returned, ignore the return value
	 */
	(void)pm_device_runtime_put_async(uart_console_dev, K_MSEC(1));

	return c;
}
 80037d2:	4620      	mov	r0, r4
 80037d4:	bd10      	pop	{r4, pc}
	const struct uart_driver_api *api = (const struct uart_driver_api *)dev->api;
 80037d6:	4803      	ldr	r0, [pc, #12]	@ (80037e4 <console_out+0x24>)
 80037d8:	6883      	ldr	r3, [r0, #8]
	api->poll_out(dev, out_char);
 80037da:	685b      	ldr	r3, [r3, #4]
 80037dc:	210d      	movs	r1, #13
 80037de:	4798      	blx	r3
		return;
	}
#endif
	compiler_barrier();
	z_impl_uart_poll_out(dev, out_char);
}
 80037e0:	e7f2      	b.n	80037c8 <console_out+0x8>
 80037e2:	bf00      	nop
 80037e4:	08009250 	.word	0x08009250

080037e8 <uart_console_hook_install>:
/**
 * @brief Install printk/stdout hook for UART console output
 */

static void uart_console_hook_install(void)
{
 80037e8:	b510      	push	{r4, lr}
#if defined(CONFIG_STDOUT_CONSOLE)
	__stdout_hook_install(console_out);
 80037ea:	4c04      	ldr	r4, [pc, #16]	@ (80037fc <uart_console_hook_install+0x14>)
 80037ec:	4620      	mov	r0, r4
 80037ee:	f7ff fa31 	bl	8002c54 <__stdout_hook_install>
#endif
#if defined(CONFIG_PRINTK)
	__printk_hook_install(console_out);
 80037f2:	4620      	mov	r0, r4
 80037f4:	f7fd fbfa 	bl	8000fec <__printk_hook_install>
#endif
}
 80037f8:	bd10      	pop	{r4, pc}
 80037fa:	bf00      	nop
 80037fc:	080037c1 	.word	0x080037c1

08003800 <uart_console_init>:
 * @brief Initialize one UART as the console/debug port
 *
 * @return 0 if successful, otherwise failed.
 */
static int uart_console_init(void)
{
 8003800:	b508      	push	{r3, lr}
 8003802:	4805      	ldr	r0, [pc, #20]	@ (8003818 <uart_console_init+0x18>)
 8003804:	f005 fa0a 	bl	8008c1c <z_impl_device_is_ready>
	if (!device_is_ready(uart_console_dev)) {
 8003808:	b118      	cbz	r0, 8003812 <uart_console_init+0x12>
		return -ENODEV;
	}

	uart_console_hook_install();
 800380a:	f7ff ffed 	bl	80037e8 <uart_console_hook_install>

	return 0;
 800380e:	2000      	movs	r0, #0
}
 8003810:	bd08      	pop	{r3, pc}
		return -ENODEV;
 8003812:	f06f 0012 	mvn.w	r0, #18
 8003816:	e7fb      	b.n	8003810 <uart_console_init+0x10>
 8003818:	08009250 	.word	0x08009250

0800381c <gpio_stm32_pin_interrupt_configure>:

static int gpio_stm32_pin_interrupt_configure(const struct device *dev,
					      gpio_pin_t pin,
					      enum gpio_int_mode mode,
					      enum gpio_int_trig trig)
{
 800381c:	e92d 43f8 	stmdb	sp!, {r3, r4, r5, r6, r7, r8, r9, lr}
 8003820:	4680      	mov	r8, r0
 8003822:	460f      	mov	r7, r1
 8003824:	4616      	mov	r6, r2
 8003826:	461c      	mov	r4, r3
	const struct gpio_stm32_config *cfg = dev->config;
 8003828:	f8d0 9004 	ldr.w	r9, [r0, #4]
	const stm32_gpio_irq_line_t irq_line = stm32_gpio_intc_get_pin_irq_line(cfg->port, pin);
 800382c:	f8d9 0008 	ldr.w	r0, [r9, #8]
 8003830:	f004 fb12 	bl	8007e58 <stm32_gpio_intc_get_pin_irq_line>
		stm32_gpio_intc_enable_line(irq_line);
		goto exit;
	}
#endif /* CONFIG_GPIO_ENABLE_DISABLE_INTERRUPT */

	if (mode == GPIO_INT_MODE_DISABLED) {
 8003834:	f5b6 1f00 	cmp.w	r6, #2097152	@ 0x200000
 8003838:	d00e      	beq.n	8003858 <gpio_stm32_pin_interrupt_configure+0x3c>
 800383a:	4605      	mov	r5, r0
		gpio_stm32_disable_pin_irqs(cfg->port, pin);
		goto exit;
	}

	if (mode == GPIO_INT_MODE_LEVEL) {
 800383c:	f5b6 0f80 	cmp.w	r6, #4194304	@ 0x400000
 8003840:	d02a      	beq.n	8003898 <gpio_stm32_pin_interrupt_configure+0x7c>
				err = -EINVAL;
				goto exit;
			}
		}
	} else {
		switch (trig) {
 8003842:	f1b4 6f80 	cmp.w	r4, #67108864	@ 0x4000000
 8003846:	d00e      	beq.n	8003866 <gpio_stm32_pin_interrupt_configure+0x4a>
 8003848:	f1b4 6fc0 	cmp.w	r4, #100663296	@ 0x6000000
 800384c:	d00d      	beq.n	800386a <gpio_stm32_pin_interrupt_configure+0x4e>
 800384e:	f1b4 7f00 	cmp.w	r4, #33554432	@ 0x2000000
 8003852:	d124      	bne.n	800389e <gpio_stm32_pin_interrupt_configure+0x82>
 8003854:	2602      	movs	r6, #2
 8003856:	e009      	b.n	800386c <gpio_stm32_pin_interrupt_configure+0x50>
		gpio_stm32_disable_pin_irqs(cfg->port, pin);
 8003858:	4639      	mov	r1, r7
 800385a:	f8d9 0008 	ldr.w	r0, [r9, #8]
 800385e:	f004 fdef 	bl	8008440 <gpio_stm32_disable_pin_irqs>
	int err = 0;
 8003862:	2400      	movs	r4, #0
		goto exit;
 8003864:	e015      	b.n	8003892 <gpio_stm32_pin_interrupt_configure+0x76>
		case GPIO_INT_TRIG_LOW:
			irq_trigger = STM32_GPIO_IRQ_TRIG_FALLING;
			break;
		case GPIO_INT_TRIG_HIGH:
			irq_trigger = STM32_GPIO_IRQ_TRIG_RISING;
 8003866:	2601      	movs	r6, #1
 8003868:	e000      	b.n	800386c <gpio_stm32_pin_interrupt_configure+0x50>
			break;
		case GPIO_INT_TRIG_BOTH:
			irq_trigger = STM32_GPIO_IRQ_TRIG_BOTH;
 800386a:	2603      	movs	r6, #3
			err = -EINVAL;
			goto exit;
		}
	}

	if (stm32_gpio_intc_set_irq_callback(irq_line, gpio_stm32_isr, (void *)dev) != 0) {
 800386c:	4642      	mov	r2, r8
 800386e:	490f      	ldr	r1, [pc, #60]	@ (80038ac <gpio_stm32_pin_interrupt_configure+0x90>)
 8003870:	4628      	mov	r0, r5
 8003872:	f7ff fb0f 	bl	8002e94 <stm32_gpio_intc_set_irq_callback>
 8003876:	4604      	mov	r4, r0
 8003878:	b9a0      	cbnz	r0, 80038a4 <gpio_stm32_pin_interrupt_configure+0x88>
		err = -EBUSY;
		goto exit;
	}

#if defined(CONFIG_EXTI_STM32)
	stm32_exti_set_line_src_port(pin, cfg->port);
 800387a:	f8d9 1008 	ldr.w	r1, [r9, #8]
 800387e:	4638      	mov	r0, r7
 8003880:	f004 faef 	bl	8007e62 <stm32_exti_set_line_src_port>
#endif

	stm32_gpio_intc_select_line_trigger(irq_line, irq_trigger);
 8003884:	4631      	mov	r1, r6
 8003886:	4628      	mov	r0, r5
 8003888:	f7ff fad8 	bl	8002e3c <stm32_gpio_intc_select_line_trigger>

	stm32_gpio_intc_enable_line(irq_line);
 800388c:	4628      	mov	r0, r5
 800388e:	f7ff fab5 	bl	8002dfc <stm32_gpio_intc_enable_line>

exit:
	return err;
}
 8003892:	4620      	mov	r0, r4
 8003894:	e8bd 83f8 	ldmia.w	sp!, {r3, r4, r5, r6, r7, r8, r9, pc}
			err = -ENOTSUP;
 8003898:	f06f 0485 	mvn.w	r4, #133	@ 0x85
 800389c:	e7f9      	b.n	8003892 <gpio_stm32_pin_interrupt_configure+0x76>
		switch (trig) {
 800389e:	f06f 0415 	mvn.w	r4, #21
 80038a2:	e7f6      	b.n	8003892 <gpio_stm32_pin_interrupt_configure+0x76>
		err = -EBUSY;
 80038a4:	f06f 040f 	mvn.w	r4, #15
	return err;
 80038a8:	e7f3      	b.n	8003892 <gpio_stm32_pin_interrupt_configure+0x76>
 80038aa:	bf00      	nop
 80038ac:	08008363 	.word	0x08008363

080038b0 <LL_TIM_OC_SetMode>:
  *         @arg @ref LL_TIM_OCMODE_PWM1
  *         @arg @ref LL_TIM_OCMODE_PWM2
  * @retval None
  */
__STATIC_INLINE void LL_TIM_OC_SetMode(TIM_TypeDef *TIMx, uint32_t Channel, uint32_t Mode)
{
 80038b0:	b510      	push	{r4, lr}
  uint8_t iChannel = TIM_GET_CHANNEL_INDEX(Channel);
 80038b2:	2940      	cmp	r1, #64	@ 0x40
 80038b4:	d010      	beq.n	80038d8 <LL_TIM_OC_SetMode+0x28>
 80038b6:	d807      	bhi.n	80038c8 <LL_TIM_OC_SetMode+0x18>
 80038b8:	2904      	cmp	r1, #4
 80038ba:	d00f      	beq.n	80038dc <LL_TIM_OC_SetMode+0x2c>
 80038bc:	2910      	cmp	r1, #16
 80038be:	d00f      	beq.n	80038e0 <LL_TIM_OC_SetMode+0x30>
 80038c0:	2901      	cmp	r1, #1
 80038c2:	d10f      	bne.n	80038e4 <LL_TIM_OC_SetMode+0x34>
{
 80038c4:	2100      	movs	r1, #0
 80038c6:	e010      	b.n	80038ea <LL_TIM_OC_SetMode+0x3a>
 80038c8:	f5b1 7f80 	cmp.w	r1, #256	@ 0x100
 80038cc:	d00c      	beq.n	80038e8 <LL_TIM_OC_SetMode+0x38>
 80038ce:	f5b1 6f80 	cmp.w	r1, #1024	@ 0x400
 80038d2:	d11e      	bne.n	8003912 <LL_TIM_OC_SetMode+0x62>
 80038d4:	2105      	movs	r1, #5
 80038d6:	e008      	b.n	80038ea <LL_TIM_OC_SetMode+0x3a>
 80038d8:	2103      	movs	r1, #3
 80038da:	e006      	b.n	80038ea <LL_TIM_OC_SetMode+0x3a>
 80038dc:	2101      	movs	r1, #1
 80038de:	e004      	b.n	80038ea <LL_TIM_OC_SetMode+0x3a>
 80038e0:	2102      	movs	r1, #2
 80038e2:	e002      	b.n	80038ea <LL_TIM_OC_SetMode+0x3a>
 80038e4:	2106      	movs	r1, #6
 80038e6:	e000      	b.n	80038ea <LL_TIM_OC_SetMode+0x3a>
 80038e8:	2104      	movs	r1, #4
  __IO uint32_t *pReg = (__IO uint32_t *)((uint32_t)((uint32_t)(&TIMx->CCMR1) + OFFSET_TAB_CCMRx[iChannel]));
 80038ea:	3018      	adds	r0, #24
 80038ec:	4b0a      	ldr	r3, [pc, #40]	@ (8003918 <LL_TIM_OC_SetMode+0x68>)
 80038ee:	f813 c001 	ldrb.w	ip, [r3, r1]
  MODIFY_REG(*pReg, ((TIM_CCMR1_OC1M  | TIM_CCMR1_CC1S) << SHIFT_TAB_OCxx[iChannel]), Mode << SHIFT_TAB_OCxx[iChannel]);
 80038f2:	f850 300c 	ldr.w	r3, [r0, ip]
 80038f6:	4c09      	ldr	r4, [pc, #36]	@ (800391c <LL_TIM_OC_SetMode+0x6c>)
 80038f8:	f814 e001 	ldrb.w	lr, [r4, r1]
 80038fc:	2173      	movs	r1, #115	@ 0x73
 80038fe:	fa01 f10e 	lsl.w	r1, r1, lr
 8003902:	ea23 0301 	bic.w	r3, r3, r1
 8003906:	fa02 f20e 	lsl.w	r2, r2, lr
 800390a:	4313      	orrs	r3, r2
 800390c:	f840 300c 	str.w	r3, [r0, ip]
}
 8003910:	bd10      	pop	{r4, pc}
{
 8003912:	2106      	movs	r1, #6
 8003914:	e7e9      	b.n	80038ea <LL_TIM_OC_SetMode+0x3a>
 8003916:	bf00      	nop
 8003918:	0800a8c4 	.word	0x0800a8c4
 800391c:	0800a8bc 	.word	0x0800a8bc

08003920 <LL_TIM_OC_SetPolarity>:
  *         @arg @ref LL_TIM_OCPOLARITY_LOW
  * @retval None
  */
__STATIC_INLINE void LL_TIM_OC_SetPolarity(TIM_TypeDef *TIMx, uint32_t Channel, uint32_t Polarity)
{
  uint8_t iChannel = TIM_GET_CHANNEL_INDEX(Channel);
 8003920:	2940      	cmp	r1, #64	@ 0x40
 8003922:	d012      	beq.n	800394a <LL_TIM_OC_SetPolarity+0x2a>
 8003924:	d808      	bhi.n	8003938 <LL_TIM_OC_SetPolarity+0x18>
 8003926:	2904      	cmp	r1, #4
 8003928:	d012      	beq.n	8003950 <LL_TIM_OC_SetPolarity+0x30>
 800392a:	2910      	cmp	r1, #16
 800392c:	d013      	beq.n	8003956 <LL_TIM_OC_SetPolarity+0x36>
 800392e:	2901      	cmp	r1, #1
 8003930:	d114      	bne.n	800395c <LL_TIM_OC_SetPolarity+0x3c>
{
 8003932:	f04f 0c00 	mov.w	ip, #0
 8003936:	e016      	b.n	8003966 <LL_TIM_OC_SetPolarity+0x46>
 8003938:	f5b1 7f80 	cmp.w	r1, #256	@ 0x100
 800393c:	d011      	beq.n	8003962 <LL_TIM_OC_SetPolarity+0x42>
 800393e:	f5b1 6f80 	cmp.w	r1, #1024	@ 0x400
 8003942:	d11e      	bne.n	8003982 <LL_TIM_OC_SetPolarity+0x62>
 8003944:	f04f 0c05 	mov.w	ip, #5
 8003948:	e00d      	b.n	8003966 <LL_TIM_OC_SetPolarity+0x46>
 800394a:	f04f 0c03 	mov.w	ip, #3
 800394e:	e00a      	b.n	8003966 <LL_TIM_OC_SetPolarity+0x46>
 8003950:	f04f 0c01 	mov.w	ip, #1
 8003954:	e007      	b.n	8003966 <LL_TIM_OC_SetPolarity+0x46>
 8003956:	f04f 0c02 	mov.w	ip, #2
 800395a:	e004      	b.n	8003966 <LL_TIM_OC_SetPolarity+0x46>
 800395c:	f04f 0c06 	mov.w	ip, #6
 8003960:	e001      	b.n	8003966 <LL_TIM_OC_SetPolarity+0x46>
 8003962:	f04f 0c04 	mov.w	ip, #4
  MODIFY_REG(TIMx->CCER, (TIM_CCER_CC1P << SHIFT_TAB_CCxP[iChannel]),  Polarity << SHIFT_TAB_CCxP[iChannel]);
 8003966:	6a03      	ldr	r3, [r0, #32]
 8003968:	4907      	ldr	r1, [pc, #28]	@ (8003988 <LL_TIM_OC_SetPolarity+0x68>)
 800396a:	f811 c00c 	ldrb.w	ip, [r1, ip]
 800396e:	2102      	movs	r1, #2
 8003970:	fa01 f10c 	lsl.w	r1, r1, ip
 8003974:	ea23 0301 	bic.w	r3, r3, r1
 8003978:	fa02 f20c 	lsl.w	r2, r2, ip
 800397c:	4313      	orrs	r3, r2
 800397e:	6203      	str	r3, [r0, #32]
}
 8003980:	4770      	bx	lr
{
 8003982:	f04f 0c06 	mov.w	ip, #6
 8003986:	e7ee      	b.n	8003966 <LL_TIM_OC_SetPolarity+0x46>
 8003988:	0800a8b4 	.word	0x0800a8b4

0800398c <LL_TIM_OC_SetIdleState>:
  *         @arg @ref LL_TIM_OCIDLESTATE_HIGH
  * @retval None
  */
__STATIC_INLINE void LL_TIM_OC_SetIdleState(TIM_TypeDef *TIMx, uint32_t Channel, uint32_t IdleState)
{
  uint8_t iChannel = TIM_GET_CHANNEL_INDEX(Channel);
 800398c:	2940      	cmp	r1, #64	@ 0x40
 800398e:	d012      	beq.n	80039b6 <LL_TIM_OC_SetIdleState+0x2a>
 8003990:	d808      	bhi.n	80039a4 <LL_TIM_OC_SetIdleState+0x18>
 8003992:	2904      	cmp	r1, #4
 8003994:	d012      	beq.n	80039bc <LL_TIM_OC_SetIdleState+0x30>
 8003996:	2910      	cmp	r1, #16
 8003998:	d013      	beq.n	80039c2 <LL_TIM_OC_SetIdleState+0x36>
 800399a:	2901      	cmp	r1, #1
 800399c:	d114      	bne.n	80039c8 <LL_TIM_OC_SetIdleState+0x3c>
{
 800399e:	f04f 0c00 	mov.w	ip, #0
 80039a2:	e016      	b.n	80039d2 <LL_TIM_OC_SetIdleState+0x46>
 80039a4:	f5b1 7f80 	cmp.w	r1, #256	@ 0x100
 80039a8:	d011      	beq.n	80039ce <LL_TIM_OC_SetIdleState+0x42>
 80039aa:	f5b1 6f80 	cmp.w	r1, #1024	@ 0x400
 80039ae:	d11f      	bne.n	80039f0 <LL_TIM_OC_SetIdleState+0x64>
 80039b0:	f04f 0c05 	mov.w	ip, #5
 80039b4:	e00d      	b.n	80039d2 <LL_TIM_OC_SetIdleState+0x46>
 80039b6:	f04f 0c03 	mov.w	ip, #3
 80039ba:	e00a      	b.n	80039d2 <LL_TIM_OC_SetIdleState+0x46>
 80039bc:	f04f 0c01 	mov.w	ip, #1
 80039c0:	e007      	b.n	80039d2 <LL_TIM_OC_SetIdleState+0x46>
 80039c2:	f04f 0c02 	mov.w	ip, #2
 80039c6:	e004      	b.n	80039d2 <LL_TIM_OC_SetIdleState+0x46>
 80039c8:	f04f 0c06 	mov.w	ip, #6
 80039cc:	e001      	b.n	80039d2 <LL_TIM_OC_SetIdleState+0x46>
 80039ce:	f04f 0c04 	mov.w	ip, #4
  MODIFY_REG(TIMx->CR2, (TIM_CR2_OIS1 << SHIFT_TAB_OISx[iChannel]),  IdleState << SHIFT_TAB_OISx[iChannel]);
 80039d2:	6843      	ldr	r3, [r0, #4]
 80039d4:	4908      	ldr	r1, [pc, #32]	@ (80039f8 <LL_TIM_OC_SetIdleState+0x6c>)
 80039d6:	f811 c00c 	ldrb.w	ip, [r1, ip]
 80039da:	f44f 7180 	mov.w	r1, #256	@ 0x100
 80039de:	fa01 f10c 	lsl.w	r1, r1, ip
 80039e2:	ea23 0301 	bic.w	r3, r3, r1
 80039e6:	fa02 f20c 	lsl.w	r2, r2, ip
 80039ea:	4313      	orrs	r3, r2
 80039ec:	6043      	str	r3, [r0, #4]
}
 80039ee:	4770      	bx	lr
{
 80039f0:	f04f 0c06 	mov.w	ip, #6
 80039f4:	e7ed      	b.n	80039d2 <LL_TIM_OC_SetIdleState+0x46>
 80039f6:	bf00      	nop
 80039f8:	0800a8ac 	.word	0x0800a8ac

080039fc <LL_TIM_OC_EnablePreload>:
  *         @arg @ref LL_TIM_CHANNEL_CH3
  *         @arg @ref LL_TIM_CHANNEL_CH4
  * @retval None
  */
__STATIC_INLINE void LL_TIM_OC_EnablePreload(TIM_TypeDef *TIMx, uint32_t Channel)
{
 80039fc:	b410      	push	{r4}
  uint8_t iChannel = TIM_GET_CHANNEL_INDEX(Channel);
 80039fe:	2940      	cmp	r1, #64	@ 0x40
 8003a00:	d010      	beq.n	8003a24 <LL_TIM_OC_EnablePreload+0x28>
 8003a02:	d807      	bhi.n	8003a14 <LL_TIM_OC_EnablePreload+0x18>
 8003a04:	2904      	cmp	r1, #4
 8003a06:	d00f      	beq.n	8003a28 <LL_TIM_OC_EnablePreload+0x2c>
 8003a08:	2910      	cmp	r1, #16
 8003a0a:	d00f      	beq.n	8003a2c <LL_TIM_OC_EnablePreload+0x30>
 8003a0c:	2901      	cmp	r1, #1
 8003a0e:	d10f      	bne.n	8003a30 <LL_TIM_OC_EnablePreload+0x34>
{
 8003a10:	2200      	movs	r2, #0
 8003a12:	e010      	b.n	8003a36 <LL_TIM_OC_EnablePreload+0x3a>
 8003a14:	f5b1 7f80 	cmp.w	r1, #256	@ 0x100
 8003a18:	d00c      	beq.n	8003a34 <LL_TIM_OC_EnablePreload+0x38>
 8003a1a:	f5b1 6f80 	cmp.w	r1, #1024	@ 0x400
 8003a1e:	d118      	bne.n	8003a52 <LL_TIM_OC_EnablePreload+0x56>
 8003a20:	2205      	movs	r2, #5
 8003a22:	e008      	b.n	8003a36 <LL_TIM_OC_EnablePreload+0x3a>
 8003a24:	2203      	movs	r2, #3
 8003a26:	e006      	b.n	8003a36 <LL_TIM_OC_EnablePreload+0x3a>
 8003a28:	2201      	movs	r2, #1
 8003a2a:	e004      	b.n	8003a36 <LL_TIM_OC_EnablePreload+0x3a>
 8003a2c:	2202      	movs	r2, #2
 8003a2e:	e002      	b.n	8003a36 <LL_TIM_OC_EnablePreload+0x3a>
 8003a30:	2206      	movs	r2, #6
 8003a32:	e000      	b.n	8003a36 <LL_TIM_OC_EnablePreload+0x3a>
 8003a34:	2204      	movs	r2, #4
  __IO uint32_t *pReg = (__IO uint32_t *)((uint32_t)((uint32_t)(&TIMx->CCMR1) + OFFSET_TAB_CCMRx[iChannel]));
 8003a36:	3018      	adds	r0, #24
 8003a38:	4b07      	ldr	r3, [pc, #28]	@ (8003a58 <LL_TIM_OC_EnablePreload+0x5c>)
 8003a3a:	5c99      	ldrb	r1, [r3, r2]
  SET_BIT(*pReg, (TIM_CCMR1_OC1PE << SHIFT_TAB_OCxx[iChannel]));
 8003a3c:	5843      	ldr	r3, [r0, r1]
 8003a3e:	4c07      	ldr	r4, [pc, #28]	@ (8003a5c <LL_TIM_OC_EnablePreload+0x60>)
 8003a40:	f814 c002 	ldrb.w	ip, [r4, r2]
 8003a44:	2208      	movs	r2, #8
 8003a46:	fa02 f20c 	lsl.w	r2, r2, ip
 8003a4a:	4313      	orrs	r3, r2
 8003a4c:	5043      	str	r3, [r0, r1]
}
 8003a4e:	bc10      	pop	{r4}
 8003a50:	4770      	bx	lr
{
 8003a52:	2206      	movs	r2, #6
 8003a54:	e7ef      	b.n	8003a36 <LL_TIM_OC_EnablePreload+0x3a>
 8003a56:	bf00      	nop
 8003a58:	0800a8c4 	.word	0x0800a8c4
 8003a5c:	0800a8bc 	.word	0x0800a8bc

08003a60 <pwm_stm32_set_cycles>:
}

static int pwm_stm32_set_cycles(const struct device *dev, uint32_t channel,
				uint32_t period_cycles, uint32_t pulse_cycles,
				pwm_flags_t flags)
{
 8003a60:	e92d 43f8 	stmdb	sp!, {r3, r4, r5, r6, r7, r8, r9, lr}
 8003a64:	461e      	mov	r6, r3
 8003a66:	f8bd c020 	ldrh.w	ip, [sp, #32]
	const struct pwm_stm32_config *cfg = dev->config;
 8003a6a:	6843      	ldr	r3, [r0, #4]
	TIM_TypeDef *timer = cfg->timer;
 8003a6c:	681c      	ldr	r4, [r3, #0]

	uint32_t ll_channel;
	uint32_t current_ll_channel; /* complementary output if used */
	uint32_t negative_ll_channel;

	if (channel < 1u || channel > TIMER_MAX_CH) {
 8003a6e:	1e4f      	subs	r7, r1, #1
 8003a70:	2f03      	cmp	r7, #3
 8003a72:	d81d      	bhi.n	8003ab0 <pwm_stm32_set_cycles+0x50>

	/*
	 * Non 32-bit timers count from 0 up to the value in the ARR register
	 * (16-bit). Thus period_cycles cannot be greater than UINT16_MAX + 1.
	 */
	if (!IS_TIM_32B_COUNTER_INSTANCE(timer) &&
 8003a74:	f1b4 4f80 	cmp.w	r4, #1073741824	@ 0x40000000
 8003a78:	d005      	beq.n	8003a86 <pwm_stm32_set_cycles+0x26>
 8003a7a:	4841      	ldr	r0, [pc, #260]	@ (8003b80 <pwm_stm32_set_cycles+0x120>)
 8003a7c:	4284      	cmp	r4, r0
 8003a7e:	d002      	beq.n	8003a86 <pwm_stm32_set_cycles+0x26>
 8003a80:	f5b2 3f80 	cmp.w	r2, #65536	@ 0x10000
 8003a84:	d81d      	bhi.n	8003ac2 <pwm_stm32_set_cycles+0x62>
		LOG_ERR("Cannot set PWM output, capture in progress");
		return -EBUSY;
	}
#endif /* CONFIG_PWM_CAPTURE */

	ll_channel = ch2ll[channel - 1u];
 8003a86:	483f      	ldr	r0, [pc, #252]	@ (8003b84 <pwm_stm32_set_cycles+0x124>)
 8003a88:	f850 8027 	ldr.w	r8, [r0, r7, lsl #2]

	if (channel <= ARRAY_SIZE(ch2ll_n)) {
 8003a8c:	2903      	cmp	r1, #3
 8003a8e:	d821      	bhi.n	8003ad4 <pwm_stm32_set_cycles+0x74>
		negative_ll_channel = ch2ll_n[channel - 1u];
 8003a90:	483d      	ldr	r0, [pc, #244]	@ (8003b88 <pwm_stm32_set_cycles+0x128>)
 8003a92:	f850 5027 	ldr.w	r5, [r0, r7, lsl #2]
	}

	/* in LL_TIM_CC_DisableChannel and LL_TIM_CC_IsEnabledChannel,
	 * the channel param could be the complementary one
	 */
	if ((flags & STM32_PWM_COMPLEMENTARY_MASK) == STM32_PWM_COMPLEMENTARY) {
 8003a96:	f41c 7f80 	tst.w	ip, #256	@ 0x100
 8003a9a:	d01d      	beq.n	8003ad8 <pwm_stm32_set_cycles+0x78>
		if (!negative_ll_channel) {
 8003a9c:	b9ed      	cbnz	r5, 8003ada <pwm_stm32_set_cycles+0x7a>
	z_impl_z_log_msg_simple_create_1(source, level, fmt, arg);
 8003a9e:	460b      	mov	r3, r1
 8003aa0:	4a3a      	ldr	r2, [pc, #232]	@ (8003b8c <pwm_stm32_set_cycles+0x12c>)
 8003aa2:	2101      	movs	r1, #1
 8003aa4:	483a      	ldr	r0, [pc, #232]	@ (8003b90 <pwm_stm32_set_cycles+0x130>)
 8003aa6:	f003 fede 	bl	8007866 <z_impl_z_log_msg_simple_create_1>
			/* setting a flag on a channel that has not this capability */
			LOG_ERR("Channel %d has NO complementary output", channel);
			return -EINVAL;
 8003aaa:	f06f 0015 	mvn.w	r0, #21
 8003aae:	e049      	b.n	8003b44 <pwm_stm32_set_cycles+0xe4>
 8003ab0:	460b      	mov	r3, r1
 8003ab2:	4a38      	ldr	r2, [pc, #224]	@ (8003b94 <pwm_stm32_set_cycles+0x134>)
 8003ab4:	2101      	movs	r1, #1
 8003ab6:	4836      	ldr	r0, [pc, #216]	@ (8003b90 <pwm_stm32_set_cycles+0x130>)
 8003ab8:	f003 fed5 	bl	8007866 <z_impl_z_log_msg_simple_create_1>
		return -EINVAL;
 8003abc:	f06f 0015 	mvn.w	r0, #21
 8003ac0:	e040      	b.n	8003b44 <pwm_stm32_set_cycles+0xe4>
 8003ac2:	4613      	mov	r3, r2
 8003ac4:	4a34      	ldr	r2, [pc, #208]	@ (8003b98 <pwm_stm32_set_cycles+0x138>)
 8003ac6:	2101      	movs	r1, #1
 8003ac8:	4831      	ldr	r0, [pc, #196]	@ (8003b90 <pwm_stm32_set_cycles+0x130>)
 8003aca:	f003 fecc 	bl	8007866 <z_impl_z_log_msg_simple_create_1>
		return -ENOTSUP;
 8003ace:	f06f 0085 	mvn.w	r0, #133	@ 0x85
 8003ad2:	e037      	b.n	8003b44 <pwm_stm32_set_cycles+0xe4>
		negative_ll_channel = 0;
 8003ad4:	2500      	movs	r5, #0
 8003ad6:	e7de      	b.n	8003a96 <pwm_stm32_set_cycles+0x36>
		}
		current_ll_channel = negative_ll_channel;
	} else {
		current_ll_channel = ll_channel;
 8003ad8:	4645      	mov	r5, r8
	}

	if (period_cycles == 0u) {
 8003ada:	2a00      	cmp	r2, #0
 8003adc:	d034      	beq.n	8003b48 <pwm_stm32_set_cycles+0xe8>
		LL_TIM_CC_DisableChannel(timer, current_ll_channel);
		return 0;
	}

	if (cfg->countermode == LL_TIM_COUNTERMODE_UP) {
 8003ade:	689b      	ldr	r3, [r3, #8]
 8003ae0:	2b00      	cmp	r3, #0
 8003ae2:	d137      	bne.n	8003b54 <pwm_stm32_set_cycles+0xf4>
		/* remove 1 period cycle, accounts for 1 extra low cycle */
		period_cycles -= 1U;
 8003ae4:	f102 39ff 	add.w	r9, r2, #4294967295
		period_cycles /= 2U;
	} else {
		return -ENOTSUP;
	}

	LL_TIM_OC_SetPolarity(timer, current_ll_channel, get_polarity(flags));
 8003ae8:	4660      	mov	r0, ip
 8003aea:	f004 fd81 	bl	80085f0 <get_polarity>
 8003aee:	4602      	mov	r2, r0
 8003af0:	4629      	mov	r1, r5
 8003af2:	4620      	mov	r0, r4
 8003af4:	f7ff ff14 	bl	8003920 <LL_TIM_OC_SetPolarity>
	set_timer_compare[channel - 1u](timer, pulse_cycles);
 8003af8:	4b28      	ldr	r3, [pc, #160]	@ (8003b9c <pwm_stm32_set_cycles+0x13c>)
 8003afa:	f853 3027 	ldr.w	r3, [r3, r7, lsl #2]
 8003afe:	4631      	mov	r1, r6
 8003b00:	4620      	mov	r0, r4
 8003b02:	4798      	blx	r3
  WRITE_REG(TIMx->ARR, AutoReload);
 8003b04:	f8c4 902c 	str.w	r9, [r4, #44]	@ 0x2c
  return ((READ_BIT(TIMx->CCER, Channels) == (Channels)) ? 1UL : 0UL);
 8003b08:	6a23      	ldr	r3, [r4, #32]
 8003b0a:	ea35 0303 	bics.w	r3, r5, r3
 8003b0e:	d034      	beq.n	8003b7a <pwm_stm32_set_cycles+0x11a>
			LL_TIM_SetTriggerInput(timer, LL_TIM_TS_ITR0);
			LL_TIM_DisableMasterSlaveMode(timer);
		}
#endif /* CONFIG_PWM_CAPTURE */

		LL_TIM_OC_SetMode(timer, ll_channel, LL_TIM_OCMODE_PWM1);
 8003b10:	2260      	movs	r2, #96	@ 0x60
 8003b12:	4641      	mov	r1, r8
 8003b14:	4620      	mov	r0, r4
 8003b16:	f7ff fecb 	bl	80038b0 <LL_TIM_OC_SetMode>
#ifdef STM32_TIM_OCIDLESTATE_RESET
		LL_TIM_OC_SetIdleState(timer, current_ll_channel, STM32_TIM_OCIDLESTATE_RESET);
 8003b1a:	2200      	movs	r2, #0
 8003b1c:	4629      	mov	r1, r5
 8003b1e:	4620      	mov	r0, r4
 8003b20:	f7ff ff34 	bl	800398c <LL_TIM_OC_SetIdleState>
  SET_BIT(TIMx->CCER, Channels);
 8003b24:	6a23      	ldr	r3, [r4, #32]
 8003b26:	431d      	orrs	r5, r3
 8003b28:	6225      	str	r5, [r4, #32]
  SET_BIT(TIMx->CR1, TIM_CR1_ARPE);
 8003b2a:	6823      	ldr	r3, [r4, #0]
 8003b2c:	f043 0380 	orr.w	r3, r3, #128	@ 0x80
 8003b30:	6023      	str	r3, [r4, #0]
#endif
		LL_TIM_CC_EnableChannel(timer, current_ll_channel);
		LL_TIM_EnableARRPreload(timer);
		/* in LL_TIM_OC_EnablePreload, the channel is always the non-complementary */
		LL_TIM_OC_EnablePreload(timer, ll_channel);
 8003b32:	4641      	mov	r1, r8
 8003b34:	4620      	mov	r0, r4
 8003b36:	f7ff ff61 	bl	80039fc <LL_TIM_OC_EnablePreload>
  * @param  TIMx Timer instance
  * @retval None
  */
__STATIC_INLINE void LL_TIM_GenerateEvent_UPDATE(TIM_TypeDef *TIMx)
{
  SET_BIT(TIMx->EGR, TIM_EGR_UG);
 8003b3a:	6963      	ldr	r3, [r4, #20]
 8003b3c:	f043 0301 	orr.w	r3, r3, #1
 8003b40:	6163      	str	r3, [r4, #20]
		LL_TIM_GenerateEvent_UPDATE(timer);
	}

	return 0;
 8003b42:	2000      	movs	r0, #0
}
 8003b44:	e8bd 83f8 	ldmia.w	sp!, {r3, r4, r5, r6, r7, r8, r9, pc}
  CLEAR_BIT(TIMx->CCER, Channels);
 8003b48:	6a23      	ldr	r3, [r4, #32]
 8003b4a:	ea23 0305 	bic.w	r3, r3, r5
 8003b4e:	6223      	str	r3, [r4, #32]
		return 0;
 8003b50:	2000      	movs	r0, #0
 8003b52:	e7f7      	b.n	8003b44 <pwm_stm32_set_cycles+0xe4>
	} else if (cfg->countermode == LL_TIM_COUNTERMODE_DOWN) {
 8003b54:	2b10      	cmp	r3, #16
 8003b56:	d008      	beq.n	8003b6a <pwm_stm32_set_cycles+0x10a>
		(ll_countermode == LL_TIM_COUNTERMODE_CENTER_UP) ||
 8003b58:	2b20      	cmp	r3, #32
 8003b5a:	d00a      	beq.n	8003b72 <pwm_stm32_set_cycles+0x112>
	return ((ll_countermode == LL_TIM_COUNTERMODE_CENTER_DOWN) ||
 8003b5c:	2b40      	cmp	r3, #64	@ 0x40
 8003b5e:	d008      	beq.n	8003b72 <pwm_stm32_set_cycles+0x112>
		(ll_countermode == LL_TIM_COUNTERMODE_CENTER_UP) ||
 8003b60:	2b60      	cmp	r3, #96	@ 0x60
 8003b62:	d006      	beq.n	8003b72 <pwm_stm32_set_cycles+0x112>
		return -ENOTSUP;
 8003b64:	f06f 0085 	mvn.w	r0, #133	@ 0x85
 8003b68:	e7ec      	b.n	8003b44 <pwm_stm32_set_cycles+0xe4>
		pulse_cycles -= 1U;
 8003b6a:	3e01      	subs	r6, #1
		period_cycles -= 1U;
 8003b6c:	f102 39ff 	add.w	r9, r2, #4294967295
 8003b70:	e7ba      	b.n	8003ae8 <pwm_stm32_set_cycles+0x88>
		pulse_cycles /= 2U;
 8003b72:	0876      	lsrs	r6, r6, #1
		period_cycles /= 2U;
 8003b74:	ea4f 0952 	mov.w	r9, r2, lsr #1
 8003b78:	e7b6      	b.n	8003ae8 <pwm_stm32_set_cycles+0x88>
	return 0;
 8003b7a:	2000      	movs	r0, #0
 8003b7c:	e7e2      	b.n	8003b44 <pwm_stm32_set_cycles+0xe4>
 8003b7e:	bf00      	nop
 8003b80:	40000c00 	.word	0x40000c00
 8003b84:	0800a89c 	.word	0x0800a89c
 8003b88:	0800a890 	.word	0x0800a890
 8003b8c:	0800a180 	.word	0x0800a180
 8003b90:	0800962c 	.word	0x0800962c
 8003b94:	0800a124 	.word	0x0800a124
 8003b98:	0800a13c 	.word	0x0800a13c
 8003b9c:	0800a880 	.word	0x0800a880

08003ba0 <pwm_stm32_init>:
	.disable_capture = pwm_stm32_disable_capture,
#endif /* CONFIG_PWM_CAPTURE */
};

static int pwm_stm32_init(const struct device *dev)
{
 8003ba0:	e92d 47f0 	stmdb	sp!, {r4, r5, r6, r7, r8, r9, sl, lr}
 8003ba4:	b084      	sub	sp, #16
 8003ba6:	af00      	add	r7, sp, #0
	struct pwm_stm32_data *data = dev->data;
 8003ba8:	f8d0 a010 	ldr.w	sl, [r0, #16]
	const struct pwm_stm32_config *cfg = dev->config;
 8003bac:	6845      	ldr	r5, [r0, #4]
	TIM_TypeDef *timer = cfg->timer;
 8003bae:	682e      	ldr	r6, [r5, #0]
	const struct device *clk = DEVICE_DT_GET(STM32_CLOCK_CONTROL_NODE);
	uint32_t tim_clk;
	int r;

	/* Enable clock and store its speed */
	r = clock_control_on(clk, (clock_control_subsys_t)&cfg->pclken[0]);
 8003bb0:	6969      	ldr	r1, [r5, #20]
	const struct clock_control_driver_api *api =
 8003bb2:	4bad      	ldr	r3, [pc, #692]	@ (8003e68 <pwm_stm32_init+0x2c8>)
 8003bb4:	f8d3 9008 	ldr.w	r9, [r3, #8]
	if (api->on == NULL) {
 8003bb8:	f8d9 3000 	ldr.w	r3, [r9]
 8003bbc:	2b00      	cmp	r3, #0
 8003bbe:	f000 80a9 	beq.w	8003d14 <pwm_stm32_init+0x174>
 8003bc2:	4680      	mov	r8, r0
	return api->on(dev, sys);
 8003bc4:	48a8      	ldr	r0, [pc, #672]	@ (8003e68 <pwm_stm32_init+0x2c8>)
 8003bc6:	4798      	blx	r3
	if (r < 0) {
 8003bc8:	1e04      	subs	r4, r0, #0
 8003bca:	f2c0 80a5 	blt.w	8003d18 <pwm_stm32_init+0x178>
		LOG_ERR("Could not initialize clock (%d)", r);
		return r;
	}

	if (cfg->pclk_len > 1) {
 8003bce:	69ab      	ldr	r3, [r5, #24]
 8003bd0:	2b01      	cmp	r3, #1
 8003bd2:	f240 80bf 	bls.w	8003d54 <pwm_stm32_init+0x1b4>
		/* Enable Timer clock source */
		r = clock_control_configure(clk, (clock_control_subsys_t)&cfg->pclken[1], NULL);
 8003bd6:	6969      	ldr	r1, [r5, #20]
 8003bd8:	3108      	adds	r1, #8
	if (api->configure == NULL) {
 8003bda:	f8d9 3018 	ldr.w	r3, [r9, #24]
 8003bde:	2b00      	cmp	r3, #0
 8003be0:	f000 80a5 	beq.w	8003d2e <pwm_stm32_init+0x18e>
	return api->configure(dev, sys, data);
 8003be4:	2200      	movs	r2, #0
 8003be6:	48a0      	ldr	r0, [pc, #640]	@ (8003e68 <pwm_stm32_init+0x2c8>)
 8003be8:	4798      	blx	r3
		if (r != 0) {
 8003bea:	4604      	mov	r4, r0
 8003bec:	2800      	cmp	r0, #0
 8003bee:	f040 80a0 	bne.w	8003d32 <pwm_stm32_init+0x192>
			LOG_ERR("Could not configure clock (%d)", r);
			return r;
		}

		r = clock_control_get_rate(clk, (clock_control_subsys_t)&cfg->pclken[1], &tim_clk);
 8003bf2:	6969      	ldr	r1, [r5, #20]
 8003bf4:	3108      	adds	r1, #8
	if (api->get_rate == NULL) {
 8003bf6:	f8d9 300c 	ldr.w	r3, [r9, #12]
 8003bfa:	2b00      	cmp	r3, #0
 8003bfc:	f000 80a0 	beq.w	8003d40 <pwm_stm32_init+0x1a0>
	return api->get_rate(dev, sys, rate);
 8003c00:	f107 020c 	add.w	r2, r7, #12
 8003c04:	4898      	ldr	r0, [pc, #608]	@ (8003e68 <pwm_stm32_init+0x2c8>)
 8003c06:	4798      	blx	r3
		if (r < 0) {
 8003c08:	f1b0 0900 	subs.w	r9, r0, #0
 8003c0c:	f2c0 809a 	blt.w	8003d44 <pwm_stm32_init+0x1a4>
	} else {
		LOG_ERR("Timer clock source is not specified");
		return -EINVAL;
	}

	data->tim_clk = tim_clk;
 8003c10:	68fb      	ldr	r3, [r7, #12]
 8003c12:	f8ca 3000 	str.w	r3, [sl]
 *
 * @return a value from reset_line_toggle()
 */
static inline int reset_line_toggle_dt(const struct reset_dt_spec *spec)
{
	return reset_line_toggle(spec->dev, spec->id);
 8003c16:	f8da 1008 	ldr.w	r1, [sl, #8]
 8003c1a:	f8da 0004 	ldr.w	r0, [sl, #4]
 8003c1e:	f004 fcde 	bl	80085de <reset_line_toggle>

	/* Reset timer to default state using RCC */
	(void)reset_line_toggle_dt(&data->reset);

	/* configure pinmux */
	r = pinctrl_apply_state(cfg->pcfg, PINCTRL_STATE_DEFAULT);
 8003c22:	2100      	movs	r1, #0
 8003c24:	69e8      	ldr	r0, [r5, #28]
 8003c26:	f004 fcfb 	bl	8008620 <pinctrl_apply_state>
	if (r < 0) {
 8003c2a:	f1b0 0900 	subs.w	r9, r0, #0
 8003c2e:	f2c0 8099 	blt.w	8003d64 <pwm_stm32_init+0x1c4>
		LOG_ERR("PWM pinctrl setup failed (%d)", r);
		return r;
	}

	/* initialize timer */
	LL_TIM_SetPrescaler(timer, cfg->prescaler);
 8003c32:	686b      	ldr	r3, [r5, #4]
  WRITE_REG(TIMx->PSC, Prescaler);
 8003c34:	62b3      	str	r3, [r6, #40]	@ 0x28
  WRITE_REG(TIMx->ARR, AutoReload);
 8003c36:	2300      	movs	r3, #0
 8003c38:	62f3      	str	r3, [r6, #44]	@ 0x2c
	LL_TIM_SetAutoReload(timer, 0U);

	if (IS_TIM_COUNTER_MODE_SELECT_INSTANCE(timer)) {
 8003c3a:	4b8c      	ldr	r3, [pc, #560]	@ (8003e6c <pwm_stm32_init+0x2cc>)
 8003c3c:	429e      	cmp	r6, r3
 8003c3e:	d00e      	beq.n	8003c5e <pwm_stm32_init+0xbe>
 8003c40:	f1b6 4f80 	cmp.w	r6, #1073741824	@ 0x40000000
 8003c44:	d00b      	beq.n	8003c5e <pwm_stm32_init+0xbe>
 8003c46:	f5a3 437c 	sub.w	r3, r3, #64512	@ 0xfc00
 8003c4a:	429e      	cmp	r6, r3
 8003c4c:	d007      	beq.n	8003c5e <pwm_stm32_init+0xbe>
 8003c4e:	f503 6380 	add.w	r3, r3, #1024	@ 0x400
 8003c52:	429e      	cmp	r6, r3
 8003c54:	d003      	beq.n	8003c5e <pwm_stm32_init+0xbe>
 8003c56:	f503 6380 	add.w	r3, r3, #1024	@ 0x400
 8003c5a:	429e      	cmp	r6, r3
 8003c5c:	d105      	bne.n	8003c6a <pwm_stm32_init+0xca>
		LL_TIM_SetCounterMode(timer, cfg->countermode);
 8003c5e:	68ab      	ldr	r3, [r5, #8]
  MODIFY_REG(TIMx->CR1, (TIM_CR1_DIR | TIM_CR1_CMS), CounterMode);
 8003c60:	6832      	ldr	r2, [r6, #0]
 8003c62:	f022 0270 	bic.w	r2, r2, #112	@ 0x70
 8003c66:	4313      	orrs	r3, r2
 8003c68:	6033      	str	r3, [r6, #0]
	}

	if (IS_TIM_CLOCK_DIVISION_INSTANCE(timer)) {
 8003c6a:	4b80      	ldr	r3, [pc, #512]	@ (8003e6c <pwm_stm32_init+0x2cc>)
 8003c6c:	429e      	cmp	r6, r3
 8003c6e:	d01a      	beq.n	8003ca6 <pwm_stm32_init+0x106>
 8003c70:	f1b6 4f80 	cmp.w	r6, #1073741824	@ 0x40000000
 8003c74:	d017      	beq.n	8003ca6 <pwm_stm32_init+0x106>
 8003c76:	f5a3 437c 	sub.w	r3, r3, #64512	@ 0xfc00
 8003c7a:	429e      	cmp	r6, r3
 8003c7c:	d013      	beq.n	8003ca6 <pwm_stm32_init+0x106>
 8003c7e:	f503 6380 	add.w	r3, r3, #1024	@ 0x400
 8003c82:	429e      	cmp	r6, r3
 8003c84:	d00f      	beq.n	8003ca6 <pwm_stm32_init+0x106>
 8003c86:	f503 6380 	add.w	r3, r3, #1024	@ 0x400
 8003c8a:	429e      	cmp	r6, r3
 8003c8c:	d00b      	beq.n	8003ca6 <pwm_stm32_init+0x106>
 8003c8e:	f503 339a 	add.w	r3, r3, #78848	@ 0x13400
 8003c92:	429e      	cmp	r6, r3
 8003c94:	d007      	beq.n	8003ca6 <pwm_stm32_init+0x106>
 8003c96:	f503 6380 	add.w	r3, r3, #1024	@ 0x400
 8003c9a:	429e      	cmp	r6, r3
 8003c9c:	d003      	beq.n	8003ca6 <pwm_stm32_init+0x106>
 8003c9e:	f503 6380 	add.w	r3, r3, #1024	@ 0x400
 8003ca2:	429e      	cmp	r6, r3
 8003ca4:	d103      	bne.n	8003cae <pwm_stm32_init+0x10e>
  MODIFY_REG(TIMx->CR1, TIM_CR1_CKD, ClockDivision);
 8003ca6:	6833      	ldr	r3, [r6, #0]
 8003ca8:	f423 7340 	bic.w	r3, r3, #768	@ 0x300
 8003cac:	6033      	str	r3, [r6, #0]
		LL_TIM_SetClockDivision(timer, LL_TIM_CLOCKDIVISION_DIV1);
	}

#ifdef IS_TIM_REPETITION_COUNTER_INSTANCE
	if (IS_TIM_REPETITION_COUNTER_INSTANCE(timer)) {
 8003cae:	4b6f      	ldr	r3, [pc, #444]	@ (8003e6c <pwm_stm32_init+0x2cc>)
 8003cb0:	429e      	cmp	r6, r3
 8003cb2:	d05f      	beq.n	8003d74 <pwm_stm32_init+0x1d4>
		LL_TIM_SetRepetitionCounter(timer, 0U);
	}
#endif

	if (IS_TIM_MASTER_INSTANCE(timer)) {
 8003cb4:	f1b6 4f80 	cmp.w	r6, #1073741824	@ 0x40000000
 8003cb8:	d05e      	beq.n	8003d78 <pwm_stm32_init+0x1d8>
 8003cba:	4b6d      	ldr	r3, [pc, #436]	@ (8003e70 <pwm_stm32_init+0x2d0>)
 8003cbc:	429e      	cmp	r6, r3
 8003cbe:	d05b      	beq.n	8003d78 <pwm_stm32_init+0x1d8>
 8003cc0:	f503 6380 	add.w	r3, r3, #1024	@ 0x400
 8003cc4:	429e      	cmp	r6, r3
 8003cc6:	d057      	beq.n	8003d78 <pwm_stm32_init+0x1d8>
 8003cc8:	f503 6380 	add.w	r3, r3, #1024	@ 0x400
 8003ccc:	429e      	cmp	r6, r3
 8003cce:	d053      	beq.n	8003d78 <pwm_stm32_init+0x1d8>
		ll_tim_set_trigger_output(timer, cfg->mastermode);
	} else {
		if (cfg->mastermode != 0) {
 8003cd0:	692b      	ldr	r3, [r5, #16]
 8003cd2:	2b00      	cmp	r3, #0
 8003cd4:	d054      	beq.n	8003d80 <pwm_stm32_init+0x1e0>
			LOG_ERR("%s: Timer does not support mastermode", dev->name);
 8003cd6:	f8d8 1000 	ldr.w	r1, [r8]
 8003cda:	466d      	mov	r5, sp
 8003cdc:	2300      	movs	r3, #0
 8003cde:	723b      	strb	r3, [r7, #8]
 8003ce0:	2302      	movs	r3, #2
 8003ce2:	727b      	strb	r3, [r7, #9]
 8003ce4:	b088      	sub	sp, #32
 8003ce6:	466b      	mov	r3, sp
 8003ce8:	f113 0210 	adds.w	r2, r3, #16
 8003cec:	d053      	beq.n	8003d96 <pwm_stm32_init+0x1f6>
 8003cee:	200e      	movs	r0, #14
 8003cf0:	b11a      	cbz	r2, 8003cfa <pwm_stm32_init+0x15a>
 8003cf2:	2804      	cmp	r0, #4
 8003cf4:	dd01      	ble.n	8003cfa <pwm_stm32_init+0x15a>
 8003cf6:	4c5f      	ldr	r4, [pc, #380]	@ (8003e74 <pwm_stm32_init+0x2d4>)
 8003cf8:	615c      	str	r4, [r3, #20]
 8003cfa:	2400      	movs	r4, #0
 8003cfc:	713c      	strb	r4, [r7, #4]
 8003cfe:	2402      	movs	r4, #2
 8003d00:	717c      	strb	r4, [r7, #5]
 8003d02:	2a00      	cmp	r2, #0
 8003d04:	d054      	beq.n	8003db0 <pwm_stm32_init+0x210>
 8003d06:	2808      	cmp	r0, #8
 8003d08:	dd00      	ble.n	8003d0c <pwm_stm32_init+0x16c>
 8003d0a:	6199      	str	r1, [r3, #24]
 8003d0c:	f103 011c 	add.w	r1, r3, #28
 8003d10:	2400      	movs	r4, #0
 8003d12:	e04b      	b.n	8003dac <pwm_stm32_init+0x20c>
		return -ENOSYS;
 8003d14:	f06f 0457 	mvn.w	r4, #87	@ 0x57
 8003d18:	4623      	mov	r3, r4
 8003d1a:	4a57      	ldr	r2, [pc, #348]	@ (8003e78 <pwm_stm32_init+0x2d8>)
 8003d1c:	2101      	movs	r1, #1
 8003d1e:	4857      	ldr	r0, [pc, #348]	@ (8003e7c <pwm_stm32_init+0x2dc>)
 8003d20:	f003 fda1 	bl	8007866 <z_impl_z_log_msg_simple_create_1>
#ifdef CONFIG_PWM_CAPTURE
	cfg->irq_config_func(dev);
#endif /* CONFIG_PWM_CAPTURE */

	return 0;
}
 8003d24:	4620      	mov	r0, r4
 8003d26:	3710      	adds	r7, #16
 8003d28:	46bd      	mov	sp, r7
 8003d2a:	e8bd 87f0 	ldmia.w	sp!, {r4, r5, r6, r7, r8, r9, sl, pc}
		return -ENOSYS;
 8003d2e:	f06f 0457 	mvn.w	r4, #87	@ 0x57
 8003d32:	4623      	mov	r3, r4
 8003d34:	4a52      	ldr	r2, [pc, #328]	@ (8003e80 <pwm_stm32_init+0x2e0>)
 8003d36:	2101      	movs	r1, #1
 8003d38:	4850      	ldr	r0, [pc, #320]	@ (8003e7c <pwm_stm32_init+0x2dc>)
 8003d3a:	f003 fd94 	bl	8007866 <z_impl_z_log_msg_simple_create_1>
			return r;
 8003d3e:	e7f1      	b.n	8003d24 <pwm_stm32_init+0x184>
		return -ENOSYS;
 8003d40:	f06f 0957 	mvn.w	r9, #87	@ 0x57
 8003d44:	464b      	mov	r3, r9
 8003d46:	4a4f      	ldr	r2, [pc, #316]	@ (8003e84 <pwm_stm32_init+0x2e4>)
 8003d48:	2101      	movs	r1, #1
 8003d4a:	484c      	ldr	r0, [pc, #304]	@ (8003e7c <pwm_stm32_init+0x2dc>)
 8003d4c:	f003 fd8b 	bl	8007866 <z_impl_z_log_msg_simple_create_1>
			return r;
 8003d50:	464c      	mov	r4, r9
 8003d52:	e7e7      	b.n	8003d24 <pwm_stm32_init+0x184>
	z_impl_z_log_msg_simple_create_0(source, level, fmt);
 8003d54:	4a4c      	ldr	r2, [pc, #304]	@ (8003e88 <pwm_stm32_init+0x2e8>)
 8003d56:	2101      	movs	r1, #1
 8003d58:	4848      	ldr	r0, [pc, #288]	@ (8003e7c <pwm_stm32_init+0x2dc>)
 8003d5a:	f003 fd7a 	bl	8007852 <z_impl_z_log_msg_simple_create_0>
		return -EINVAL;
 8003d5e:	f06f 0415 	mvn.w	r4, #21
 8003d62:	e7df      	b.n	8003d24 <pwm_stm32_init+0x184>
	z_impl_z_log_msg_simple_create_1(source, level, fmt, arg);
 8003d64:	464b      	mov	r3, r9
 8003d66:	4a49      	ldr	r2, [pc, #292]	@ (8003e8c <pwm_stm32_init+0x2ec>)
 8003d68:	2101      	movs	r1, #1
 8003d6a:	4844      	ldr	r0, [pc, #272]	@ (8003e7c <pwm_stm32_init+0x2dc>)
 8003d6c:	f003 fd7b 	bl	8007866 <z_impl_z_log_msg_simple_create_1>
		return r;
 8003d70:	464c      	mov	r4, r9
 8003d72:	e7d7      	b.n	8003d24 <pwm_stm32_init+0x184>
  WRITE_REG(TIMx->RCR, RepetitionCounter);
 8003d74:	2300      	movs	r3, #0
 8003d76:	6333      	str	r3, [r6, #48]	@ 0x30
		ll_tim_set_trigger_output(timer, cfg->mastermode);
 8003d78:	6929      	ldr	r1, [r5, #16]
 8003d7a:	4630      	mov	r0, r6
 8003d7c:	f004 fc3f 	bl	80085fe <ll_tim_set_trigger_output>
	if (IS_TIM_BREAK_INSTANCE(timer)) {
 8003d80:	4b3a      	ldr	r3, [pc, #232]	@ (8003e6c <pwm_stm32_init+0x2cc>)
 8003d82:	429e      	cmp	r6, r3
 8003d84:	d03e      	beq.n	8003e04 <pwm_stm32_init+0x264>
	} else if (cfg->deadtime != 0) {
 8003d86:	68eb      	ldr	r3, [r5, #12]
 8003d88:	2b00      	cmp	r3, #0
 8003d8a:	d146      	bne.n	8003e1a <pwm_stm32_init+0x27a>
  SET_BIT(TIMx->CR1, TIM_CR1_CEN);
 8003d8c:	6833      	ldr	r3, [r6, #0]
 8003d8e:	f043 0301 	orr.w	r3, r3, #1
 8003d92:	6033      	str	r3, [r6, #0]
	return 0;
 8003d94:	e7c6      	b.n	8003d24 <pwm_stm32_init+0x184>
			LOG_ERR("%s: Timer does not support mastermode", dev->name);
 8003d96:	f06f 4000 	mvn.w	r0, #2147483648	@ 0x80000000
 8003d9a:	e7a9      	b.n	8003cf0 <pwm_stm32_init+0x150>
 8003d9c:	f104 0610 	add.w	r6, r4, #16
 8003da0:	443e      	add	r6, r7
 8003da2:	f816 6c0c 	ldrb.w	r6, [r6, #-12]
 8003da6:	f801 6b01 	strb.w	r6, [r1], #1
 8003daa:	3401      	adds	r4, #1
 8003dac:	2c01      	cmp	r4, #1
 8003dae:	d9f5      	bls.n	8003d9c <pwm_stm32_init+0x1fc>
 8003db0:	280d      	cmp	r0, #13
 8003db2:	dd24      	ble.n	8003dfe <pwm_stm32_init+0x25e>
 8003db4:	240e      	movs	r4, #14
 8003db6:	b142      	cbz	r2, 8003dca <pwm_stm32_init+0x22a>
 8003db8:	2103      	movs	r1, #3
 8003dba:	7239      	strb	r1, [r7, #8]
 8003dbc:	2100      	movs	r1, #0
 8003dbe:	7279      	strb	r1, [r7, #9]
 8003dc0:	72b9      	strb	r1, [r7, #10]
 8003dc2:	2101      	movs	r1, #1
 8003dc4:	72f9      	strb	r1, [r7, #11]
 8003dc6:	68b8      	ldr	r0, [r7, #8]
 8003dc8:	6118      	str	r0, [r3, #16]
 8003dca:	2100      	movs	r1, #0
 8003dcc:	f021 0101 	bic.w	r1, r1, #1
 8003dd0:	f021 0102 	bic.w	r1, r1, #2
 8003dd4:	f021 0104 	bic.w	r1, r1, #4
 8003dd8:	f021 0138 	bic.w	r1, r1, #56	@ 0x38
 8003ddc:	2301      	movs	r3, #1
 8003dde:	f363 1188 	bfi	r1, r3, #6, #3
 8003de2:	f3c4 040a 	ubfx	r4, r4, #0, #11
 8003de6:	f364 2153 	bfi	r1, r4, #9, #11
 8003dea:	f3c1 0113 	ubfx	r1, r1, #0, #20
	z_impl_z_log_msg_static_create(source, desc, package, data);
 8003dee:	2300      	movs	r3, #0
 8003df0:	4822      	ldr	r0, [pc, #136]	@ (8003e7c <pwm_stm32_init+0x2dc>)
 8003df2:	f7fd fd35 	bl	8001860 <z_impl_z_log_msg_static_create>
 8003df6:	46ad      	mov	sp, r5
			return -ENOTSUP;
 8003df8:	f06f 0485 	mvn.w	r4, #133	@ 0x85
 8003dfc:	e792      	b.n	8003d24 <pwm_stm32_init+0x184>
			LOG_ERR("%s: Timer does not support mastermode", dev->name);
 8003dfe:	f06f 041b 	mvn.w	r4, #27
 8003e02:	e7d8      	b.n	8003db6 <pwm_stm32_init+0x216>
		LL_TIM_OC_SetDeadTime(timer, cfg->deadtime);
 8003e04:	68eb      	ldr	r3, [r5, #12]
  MODIFY_REG(TIMx->BDTR, TIM_BDTR_DTG, DeadTime);
 8003e06:	6c72      	ldr	r2, [r6, #68]	@ 0x44
 8003e08:	f022 02ff 	bic.w	r2, r2, #255	@ 0xff
 8003e0c:	4313      	orrs	r3, r2
 8003e0e:	6473      	str	r3, [r6, #68]	@ 0x44
  SET_BIT(TIMx->BDTR, TIM_BDTR_MOE);
 8003e10:	6c73      	ldr	r3, [r6, #68]	@ 0x44
 8003e12:	f443 4300 	orr.w	r3, r3, #32768	@ 0x8000
 8003e16:	6473      	str	r3, [r6, #68]	@ 0x44
}
 8003e18:	e7b8      	b.n	8003d8c <pwm_stm32_init+0x1ec>
		LOG_ERR("Setting deadtime %d on a non-break timer %s",
 8003e1a:	f8d8 1000 	ldr.w	r1, [r8]
 8003e1e:	466d      	mov	r5, sp
 8003e20:	2201      	movs	r2, #1
 8003e22:	723a      	strb	r2, [r7, #8]
 8003e24:	2203      	movs	r2, #3
 8003e26:	727a      	strb	r2, [r7, #9]
 8003e28:	b08a      	sub	sp, #40	@ 0x28
 8003e2a:	466c      	mov	r4, sp
 8003e2c:	f114 0210 	adds.w	r2, r4, #16
 8003e30:	d017      	beq.n	8003e62 <pwm_stm32_init+0x2c2>
 8003e32:	2012      	movs	r0, #18
 8003e34:	b14a      	cbz	r2, 8003e4a <pwm_stm32_init+0x2aa>
 8003e36:	4606      	mov	r6, r0
 8003e38:	2804      	cmp	r0, #4
 8003e3a:	dd03      	ble.n	8003e44 <pwm_stm32_init+0x2a4>
 8003e3c:	f8df c050 	ldr.w	ip, [pc, #80]	@ 8003e90 <pwm_stm32_init+0x2f0>
 8003e40:	f8c4 c014 	str.w	ip, [r4, #20]
 8003e44:	2e08      	cmp	r6, #8
 8003e46:	dd00      	ble.n	8003e4a <pwm_stm32_init+0x2aa>
 8003e48:	61a3      	str	r3, [r4, #24]
 8003e4a:	2301      	movs	r3, #1
 8003e4c:	713b      	strb	r3, [r7, #4]
 8003e4e:	2303      	movs	r3, #3
 8003e50:	717b      	strb	r3, [r7, #5]
 8003e52:	b34a      	cbz	r2, 8003ea8 <pwm_stm32_init+0x308>
 8003e54:	280c      	cmp	r0, #12
 8003e56:	dd00      	ble.n	8003e5a <pwm_stm32_init+0x2ba>
 8003e58:	61e1      	str	r1, [r4, #28]
 8003e5a:	f104 0320 	add.w	r3, r4, #32
 8003e5e:	2100      	movs	r1, #0
 8003e60:	e020      	b.n	8003ea4 <pwm_stm32_init+0x304>
 8003e62:	f06f 4000 	mvn.w	r0, #2147483648	@ 0x80000000
 8003e66:	e7e5      	b.n	8003e34 <pwm_stm32_init+0x294>
 8003e68:	08009100 	.word	0x08009100
 8003e6c:	40010000 	.word	0x40010000
 8003e70:	40000400 	.word	0x40000400
 8003e74:	0800a24c 	.word	0x0800a24c
 8003e78:	0800a1a8 	.word	0x0800a1a8
 8003e7c:	0800962c 	.word	0x0800962c
 8003e80:	0800a1c8 	.word	0x0800a1c8
 8003e84:	0800a1e8 	.word	0x0800a1e8
 8003e88:	0800a208 	.word	0x0800a208
 8003e8c:	0800a22c 	.word	0x0800a22c
 8003e90:	0800a274 	.word	0x0800a274
 8003e94:	f101 0610 	add.w	r6, r1, #16
 8003e98:	443e      	add	r6, r7
 8003e9a:	f816 6c0c 	ldrb.w	r6, [r6, #-12]
 8003e9e:	f803 6b01 	strb.w	r6, [r3], #1
 8003ea2:	3101      	adds	r1, #1
 8003ea4:	2901      	cmp	r1, #1
 8003ea6:	d9f5      	bls.n	8003e94 <pwm_stm32_init+0x2f4>
 8003ea8:	2811      	cmp	r0, #17
 8003eaa:	dd24      	ble.n	8003ef6 <pwm_stm32_init+0x356>
 8003eac:	2312      	movs	r3, #18
 8003eae:	b142      	cbz	r2, 8003ec2 <pwm_stm32_init+0x322>
 8003eb0:	2104      	movs	r1, #4
 8003eb2:	7239      	strb	r1, [r7, #8]
 8003eb4:	2100      	movs	r1, #0
 8003eb6:	7279      	strb	r1, [r7, #9]
 8003eb8:	72b9      	strb	r1, [r7, #10]
 8003eba:	2101      	movs	r1, #1
 8003ebc:	72f9      	strb	r1, [r7, #11]
 8003ebe:	68b8      	ldr	r0, [r7, #8]
 8003ec0:	6120      	str	r0, [r4, #16]
 8003ec2:	2100      	movs	r1, #0
 8003ec4:	f021 0101 	bic.w	r1, r1, #1
 8003ec8:	f021 0102 	bic.w	r1, r1, #2
 8003ecc:	f021 0104 	bic.w	r1, r1, #4
 8003ed0:	f021 0138 	bic.w	r1, r1, #56	@ 0x38
 8003ed4:	2001      	movs	r0, #1
 8003ed6:	f360 1188 	bfi	r1, r0, #6, #3
 8003eda:	f3c3 030a 	ubfx	r3, r3, #0, #11
 8003ede:	f363 2153 	bfi	r1, r3, #9, #11
 8003ee2:	f3c1 0113 	ubfx	r1, r1, #0, #20
 8003ee6:	2300      	movs	r3, #0
 8003ee8:	4804      	ldr	r0, [pc, #16]	@ (8003efc <pwm_stm32_init+0x35c>)
 8003eea:	f7fd fcb9 	bl	8001860 <z_impl_z_log_msg_static_create>
 8003eee:	46ad      	mov	sp, r5
		return -ENOTSUP;
 8003ef0:	f06f 0485 	mvn.w	r4, #133	@ 0x85
 8003ef4:	e716      	b.n	8003d24 <pwm_stm32_init+0x184>
		LOG_ERR("Setting deadtime %d on a non-break timer %s",
 8003ef6:	f06f 031b 	mvn.w	r3, #27
 8003efa:	e7d8      	b.n	8003eae <pwm_stm32_init+0x30e>
 8003efc:	0800962c 	.word	0x0800962c

08003f00 <rtc_stm32_get_time>:

	return err;
}

static int rtc_stm32_get_time(const struct device *dev, struct rtc_time *timeptr)
{
 8003f00:	e92d 43f8 	stmdb	sp!, {r3, r4, r5, r6, r7, r8, r9, lr}
	struct rtc_stm32_data *data = dev->data;

	uint32_t rtc_date, rtc_time;

#if HW_SUBSECOND_SUPPORT
	const struct rtc_stm32_config *cfg = dev->config;
 8003f04:	f8d0 8004 	ldr.w	r8, [r0, #4]
	uint32_t rtc_subsecond;
#endif /* HW_SUBSECOND_SUPPORT */

	if (timeptr == NULL) {
 8003f08:	b1a9      	cbz	r1, 8003f36 <rtc_stm32_get_time+0x36>
 8003f0a:	460f      	mov	r7, r1
  __ASM volatile ("MRS %0, basepri" : "=r" (result) );
 8003f0c:	f3ef 8311 	mrs	r3, BASEPRI
  __ASM volatile ("MSR basepri_max, %0" : : "r" (basePri) : "memory");
 8003f10:	2210      	movs	r2, #16
 8003f12:	f382 8812 	msr	BASEPRI_MAX, r2
  __ASM volatile ("isb 0xF":::"memory");
 8003f16:	f3bf 8f6f 	isb	sy
	}
#endif /* CONFIG_TICKET_SPINLOCKS */
#endif /* CONFIG_SMP */
	z_spinlock_validate_post(l);

	return k;
 8003f1a:	4699      	mov	r9, r3
  * @param  RTCx RTC Instance
  * @retval State of bit (1 or 0).
  */
__STATIC_INLINE uint32_t LL_RTC_IsActiveFlag_INITS(RTC_TypeDef *RTCx)
{
  return ((READ_BIT(RTCx->ISR, RTC_ISR_INITS) == (RTC_ISR_INITS)) ? 1UL : 0UL);
 8003f1c:	4a49      	ldr	r2, [pc, #292]	@ (8004044 <rtc_stm32_get_time+0x144>)
 8003f1e:	68d2      	ldr	r2, [r2, #12]
 8003f20:	f012 0f10 	tst.w	r2, #16
 8003f24:	d10f      	bne.n	8003f46 <rtc_stm32_get_time+0x46>
  __ASM volatile ("MSR basepri, %0" : : "r" (basePri) : "memory");
 8003f26:	f383 8811 	msr	BASEPRI, r3
 8003f2a:	f3bf 8f6f 	isb	sy
		/* INITS flag is set when the calendar has been initialized. This flag is
		 * reset only on backup domain reset, so it can be read after a system
		 * reset to check if the calendar has been initialized.
		 */
		k_spin_unlock(&data->lock, key);
		return -ENODATA;
 8003f2e:	f06f 003c 	mvn.w	r0, #60	@ 0x3c
		timeptr->tm_hour,
		timeptr->tm_min,
		timeptr->tm_sec);

	return 0;
}
 8003f32:	e8bd 83f8 	ldmia.w	sp!, {r3, r4, r5, r6, r7, r8, r9, pc}
	z_impl_z_log_msg_simple_create_0(source, level, fmt);
 8003f36:	4a44      	ldr	r2, [pc, #272]	@ (8004048 <rtc_stm32_get_time+0x148>)
 8003f38:	2101      	movs	r1, #1
 8003f3a:	4844      	ldr	r0, [pc, #272]	@ (800404c <rtc_stm32_get_time+0x14c>)
 8003f3c:	f003 fc89 	bl	8007852 <z_impl_z_log_msg_simple_create_0>
		return -EINVAL;
 8003f40:	f06f 0015 	mvn.w	r0, #21
 8003f44:	e7f5      	b.n	8003f32 <rtc_stm32_get_time+0x32>
		rtc_date = LL_RTC_DATE_Get(STM32_ARG(RTC));
 8003f46:	483f      	ldr	r0, [pc, #252]	@ (8004044 <rtc_stm32_get_time+0x144>)
 8003f48:	f004 fbb5 	bl	80086b6 <LL_RTC_DATE_Get>
 8003f4c:	4606      	mov	r6, r0
  return (uint32_t)(READ_BIT(RTCx->TR, (RTC_TR_HT | RTC_TR_HU | RTC_TR_MNT | RTC_TR_MNU | RTC_TR_ST | RTC_TR_SU)));
 8003f4e:	4b3d      	ldr	r3, [pc, #244]	@ (8004044 <rtc_stm32_get_time+0x144>)
 8003f50:	681d      	ldr	r5, [r3, #0]
 8003f52:	f025 457f 	bic.w	r5, r5, #4278190080	@ 0xff000000
 8003f56:	f425 0540 	bic.w	r5, r5, #12582912	@ 0xc00000
 8003f5a:	f425 4500 	bic.w	r5, r5, #32768	@ 0x8000
 8003f5e:	f025 0580 	bic.w	r5, r5, #128	@ 0x80
  return (uint32_t)(READ_BIT(RTCx->SSR, RTC_SSR_SS));
 8003f62:	4b38      	ldr	r3, [pc, #224]	@ (8004044 <rtc_stm32_get_time+0x144>)
 8003f64:	6a9c      	ldr	r4, [r3, #40]	@ 0x28
 8003f66:	b2a4      	uxth	r4, r4
 8003f68:	6a9b      	ldr	r3, [r3, #40]	@ 0x28
 8003f6a:	b29b      	uxth	r3, r3
			} while (rtc_subsecond != LL_RTC_TIME_GetSubSecond(STM32_ARG(RTC)));
 8003f6c:	429c      	cmp	r4, r3
 8003f6e:	d1f8      	bne.n	8003f62 <rtc_stm32_get_time+0x62>
  return (uint32_t)(READ_BIT(RTCx->TR, (RTC_TR_HT | RTC_TR_HU | RTC_TR_MNT | RTC_TR_MNU | RTC_TR_ST | RTC_TR_SU)));
 8003f70:	4b34      	ldr	r3, [pc, #208]	@ (8004044 <rtc_stm32_get_time+0x144>)
 8003f72:	681b      	ldr	r3, [r3, #0]
 8003f74:	f023 437f 	bic.w	r3, r3, #4278190080	@ 0xff000000
 8003f78:	f423 0340 	bic.w	r3, r3, #12582912	@ 0xc00000
 8003f7c:	f423 4300 	bic.w	r3, r3, #32768	@ 0x8000
 8003f80:	f023 0380 	bic.w	r3, r3, #128	@ 0x80
		} while (rtc_time != LL_RTC_TIME_Get(STM32_ARG(RTC)));
 8003f84:	42ab      	cmp	r3, r5
 8003f86:	d1e2      	bne.n	8003f4e <rtc_stm32_get_time+0x4e>
	} while (rtc_date != LL_RTC_DATE_Get(STM32_ARG(RTC)));
 8003f88:	482e      	ldr	r0, [pc, #184]	@ (8004044 <rtc_stm32_get_time+0x144>)
 8003f8a:	f004 fb94 	bl	80086b6 <LL_RTC_DATE_Get>
 8003f8e:	42b0      	cmp	r0, r6
 8003f90:	d1d9      	bne.n	8003f46 <rtc_stm32_get_time+0x46>
 8003f92:	f389 8811 	msr	BASEPRI, r9
 8003f96:	f3bf 8f6f 	isb	sy
 *
 * @return Binary representation of input value.
 */
static inline uint8_t bcd2bin(uint8_t bcd)
{
	return ((10 * (bcd >> 4)) + (bcd & 0x0F));
 8003f9a:	f006 030f 	and.w	r3, r6, #15
 8003f9e:	f3c6 1203 	ubfx	r2, r6, #4, #4
 8003fa2:	eb02 0282 	add.w	r2, r2, r2, lsl #2
 8003fa6:	eb03 0342 	add.w	r3, r3, r2, lsl #1
 8003faa:	b2db      	uxtb	r3, r3
	timeptr->tm_year = bcd2bin(STM32_RTC_LL_GET_YEAR(rtc_date)) + (RTC_YEAR_REF - TM_YEAR_REF);
 8003fac:	3364      	adds	r3, #100	@ 0x64
 8003fae:	617b      	str	r3, [r7, #20]
 8003fb0:	f3c6 2303 	ubfx	r3, r6, #8, #4
 8003fb4:	f3c6 3203 	ubfx	r2, r6, #12, #4
 8003fb8:	eb02 0282 	add.w	r2, r2, r2, lsl #2
 8003fbc:	eb03 0342 	add.w	r3, r3, r2, lsl #1
 8003fc0:	b2db      	uxtb	r3, r3
	timeptr->tm_mon = bcd2bin(STM32_RTC_LL_GET_MONTH(rtc_date)) - 1;
 8003fc2:	3b01      	subs	r3, #1
 8003fc4:	613b      	str	r3, [r7, #16]
 8003fc6:	f3c6 4303 	ubfx	r3, r6, #16, #4
 8003fca:	f3c6 5203 	ubfx	r2, r6, #20, #4
 8003fce:	eb02 0282 	add.w	r2, r2, r2, lsl #2
 8003fd2:	eb03 0342 	add.w	r3, r3, r2, lsl #1
 8003fd6:	b2db      	uxtb	r3, r3
	timeptr->tm_mday = bcd2bin(STM32_RTC_LL_GET_DAY(rtc_date));
 8003fd8:	60fb      	str	r3, [r7, #12]
	int hw_wday = STM32_RTC_LL_GET_WEEKDAY(rtc_date);
 8003fda:	0e36      	lsrs	r6, r6, #24
	if (hw_wday == LL_RTC_WEEKDAY_SUNDAY) {
 8003fdc:	2e07      	cmp	r6, #7
 8003fde:	d02e      	beq.n	800403e <rtc_stm32_get_time+0x13e>
		timeptr->tm_wday = hw_wday;
 8003fe0:	61be      	str	r6, [r7, #24]
 8003fe2:	f3c5 4203 	ubfx	r2, r5, #16, #4
 8003fe6:	0d2b      	lsrs	r3, r5, #20
 8003fe8:	eb03 0383 	add.w	r3, r3, r3, lsl #2
 8003fec:	eb02 0343 	add.w	r3, r2, r3, lsl #1
	timeptr->tm_hour = bcd2bin(STM32_RTC_LL_GET_HOUR(rtc_time));
 8003ff0:	60bb      	str	r3, [r7, #8]
 8003ff2:	f3c5 2303 	ubfx	r3, r5, #8, #4
 8003ff6:	f3c5 3202 	ubfx	r2, r5, #12, #3
 8003ffa:	eb02 0282 	add.w	r2, r2, r2, lsl #2
 8003ffe:	eb03 0342 	add.w	r3, r3, r2, lsl #1
 8004002:	b2db      	uxtb	r3, r3
	timeptr->tm_min = bcd2bin(STM32_RTC_LL_GET_MINUTE(rtc_time));
 8004004:	607b      	str	r3, [r7, #4]
 8004006:	f005 030f 	and.w	r3, r5, #15
 800400a:	f3c5 1502 	ubfx	r5, r5, #4, #3
 800400e:	eb05 0585 	add.w	r5, r5, r5, lsl #2
 8004012:	eb03 0345 	add.w	r3, r3, r5, lsl #1
 8004016:	b2db      	uxtb	r3, r3
	timeptr->tm_sec = bcd2bin(STM32_RTC_LL_GET_SECOND(rtc_time));
 8004018:	603b      	str	r3, [r7, #0]
	uint64_t temp = ((uint64_t)(cfg->sync_prescaler - rtc_subsecond)) * 1000000000L;
 800401a:	f8d8 2004 	ldr.w	r2, [r8, #4]
 800401e:	1b14      	subs	r4, r2, r4
 8004020:	2500      	movs	r5, #0
 8004022:	480b      	ldr	r0, [pc, #44]	@ (8004050 <rtc_stm32_get_time+0x150>)
	timeptr->tm_nsec = temp / (cfg->sync_prescaler + 1);
 8004024:	3201      	adds	r2, #1
 8004026:	462b      	mov	r3, r5
 8004028:	fba4 0100 	umull	r0, r1, r4, r0
 800402c:	f7fc f9ae 	bl	800038c <__aeabi_uldivmod>
 8004030:	6278      	str	r0, [r7, #36]	@ 0x24
	timeptr->tm_yday  = -1;
 8004032:	f04f 33ff 	mov.w	r3, #4294967295
 8004036:	61fb      	str	r3, [r7, #28]
	timeptr->tm_isdst = -1;
 8004038:	623b      	str	r3, [r7, #32]
	return 0;
 800403a:	4628      	mov	r0, r5
 800403c:	e779      	b.n	8003f32 <rtc_stm32_get_time+0x32>
		timeptr->tm_wday = 0;
 800403e:	2300      	movs	r3, #0
 8004040:	61bb      	str	r3, [r7, #24]
 8004042:	e7ce      	b.n	8003fe2 <rtc_stm32_get_time+0xe2>
 8004044:	40002800 	.word	0x40002800
 8004048:	0800a2c4 	.word	0x0800a2c4
 800404c:	08009634 	.word	0x08009634
 8004050:	3b9aca00 	.word	0x3b9aca00

08004054 <rtc_stm32_enter_init_mode>:
{
 8004054:	b538      	push	{r3, r4, r5, lr}
  return ((READ_BIT(RTCx->ISR, RTC_ISR_INITF) == (RTC_ISR_INITF)) ? 1UL : 0UL);
 8004056:	4b10      	ldr	r3, [pc, #64]	@ (8004098 <rtc_stm32_enter_init_mode+0x44>)
 8004058:	68db      	ldr	r3, [r3, #12]
 800405a:	f013 0f40 	tst.w	r3, #64	@ 0x40
 800405e:	d116      	bne.n	800408e <rtc_stm32_enter_init_mode+0x3a>
  WRITE_REG(RTCx->ISR, RTC_INIT_MASK);
 8004060:	4b0d      	ldr	r3, [pc, #52]	@ (8004098 <rtc_stm32_enter_init_mode+0x44>)
 8004062:	f04f 32ff 	mov.w	r2, #4294967295
 8004066:	60da      	str	r2, [r3, #12]
#ifndef _ASMLANGUAGE
extern uint32_t sys_clock_cycle_get_32(void);

static inline uint32_t arch_k_cycle_get_32(void)
{
	return sys_clock_cycle_get_32();
 8004068:	f000 fd14 	bl	8004a94 <sys_clock_cycle_get_32>
 800406c:	4605      	mov	r5, r0
  return ((READ_BIT(RTCx->ISR, RTC_ISR_INITF) == (RTC_ISR_INITF)) ? 1UL : 0UL);
 800406e:	4b0a      	ldr	r3, [pc, #40]	@ (8004098 <rtc_stm32_enter_init_mode+0x44>)
 8004070:	68dc      	ldr	r4, [r3, #12]
 8004072:	f014 0440 	ands.w	r4, r4, #64	@ 0x40
 8004076:	d106      	bne.n	8004086 <rtc_stm32_enter_init_mode+0x32>
 8004078:	f000 fd0c 	bl	8004a94 <sys_clock_cycle_get_32>
		if (!WAIT_FOR(LL_RTC_IsActiveFlag_INIT(STM32_ARG(RTC)), RTC_TIMEOUT, NULL)) {
 800407c:	1b40      	subs	r0, r0, r5
 800407e:	4b07      	ldr	r3, [pc, #28]	@ (800409c <rtc_stm32_enter_init_mode+0x48>)
 8004080:	4298      	cmp	r0, r3
 8004082:	d9f4      	bls.n	800406e <rtc_stm32_enter_init_mode+0x1a>
 8004084:	e000      	b.n	8004088 <rtc_stm32_enter_init_mode+0x34>
 8004086:	2401      	movs	r4, #1
 8004088:	b11c      	cbz	r4, 8004092 <rtc_stm32_enter_init_mode+0x3e>
	int status = 0;
 800408a:	2000      	movs	r0, #0
 800408c:	e000      	b.n	8004090 <rtc_stm32_enter_init_mode+0x3c>
 800408e:	2000      	movs	r0, #0
}
 8004090:	bd38      	pop	{r3, r4, r5, pc}
			status = -ETIMEDOUT;
 8004092:	f06f 0073 	mvn.w	r0, #115	@ 0x73
	return status;
 8004096:	e7fb      	b.n	8004090 <rtc_stm32_enter_init_mode+0x3c>
 8004098:	40002800 	.word	0x40002800
 800409c:	0001481f 	.word	0x0001481f

080040a0 <rtc_stm32_set_time>:
{
 80040a0:	e92d 4ff0 	stmdb	sp!, {r4, r5, r6, r7, r8, r9, sl, fp, lr}
 80040a4:	b083      	sub	sp, #12
	uint32_t real_year = timeptr->tm_year + TM_YEAR_REF;
 80040a6:	694b      	ldr	r3, [r1, #20]
 80040a8:	f203 736c 	addw	r3, r3, #1900	@ 0x76c
	if (real_year < RTC_YEAR_REF) {
 80040ac:	f5b3 6ffa 	cmp.w	r3, #2000	@ 0x7d0
 80040b0:	f0c0 8096 	bcc.w	80041e0 <rtc_stm32_set_time+0x140>
	if (timeptr->tm_wday == -1) {
 80040b4:	6988      	ldr	r0, [r1, #24]
 80040b6:	f1b0 3fff 	cmp.w	r0, #4294967295
 80040ba:	f000 8094 	beq.w	80041e6 <rtc_stm32_set_time+0x146>
	uint32_t hours = bin2bcd(timeptr->tm_hour);
 80040be:	f891 9008 	ldrb.w	r9, [r1, #8]
 *
 * @return BCD 8421 representation of input value.
 */
static inline uint8_t bin2bcd(uint8_t bin)
{
	return (((bin / 10) << 4) | (bin % 10));
 80040c2:	4a4a      	ldr	r2, [pc, #296]	@ (80041ec <rtc_stm32_set_time+0x14c>)
 80040c4:	fba2 5409 	umull	r5, r4, r2, r9
 80040c8:	08e5      	lsrs	r5, r4, #3
 80040ca:	462c      	mov	r4, r5
 80040cc:	eb05 0585 	add.w	r5, r5, r5, lsl #2
 80040d0:	eba9 0945 	sub.w	r9, r9, r5, lsl #1
 80040d4:	ea49 1904 	orr.w	r9, r9, r4, lsl #4
 80040d8:	fa5f f989 	uxtb.w	r9, r9
	uint32_t minutes = bin2bcd(timeptr->tm_min);
 80040dc:	790e      	ldrb	r6, [r1, #4]
 80040de:	fba2 5406 	umull	r5, r4, r2, r6
 80040e2:	08e5      	lsrs	r5, r4, #3
 80040e4:	462c      	mov	r4, r5
 80040e6:	eb05 0585 	add.w	r5, r5, r5, lsl #2
 80040ea:	eba6 0645 	sub.w	r6, r6, r5, lsl #1
 80040ee:	ea46 1604 	orr.w	r6, r6, r4, lsl #4
 80040f2:	b2f6      	uxtb	r6, r6
	uint32_t seconds = bin2bcd(timeptr->tm_sec);
 80040f4:	f891 8000 	ldrb.w	r8, [r1]
 80040f8:	fba2 5408 	umull	r5, r4, r2, r8
 80040fc:	08e5      	lsrs	r5, r4, #3
 80040fe:	462c      	mov	r4, r5
 8004100:	eb05 0585 	add.w	r5, r5, r5, lsl #2
 8004104:	eba8 0845 	sub.w	r8, r8, r5, lsl #1
 8004108:	ea48 1804 	orr.w	r8, r8, r4, lsl #4
 800410c:	fa5f f888 	uxtb.w	r8, r8
	uint32_t year = bin2bcd((real_year - RTC_YEAR_REF));
 8004110:	3330      	adds	r3, #48	@ 0x30
 8004112:	b2db      	uxtb	r3, r3
 8004114:	fba2 5403 	umull	r5, r4, r2, r3
 8004118:	08e7      	lsrs	r7, r4, #3
 800411a:	463d      	mov	r5, r7
 800411c:	eb07 0787 	add.w	r7, r7, r7, lsl #2
 8004120:	eba3 0447 	sub.w	r4, r3, r7, lsl #1
 8004124:	ea44 1405 	orr.w	r4, r4, r5, lsl #4
 8004128:	b2e4      	uxtb	r4, r4
	uint32_t month = bin2bcd((timeptr->tm_mon + 1));
 800412a:	690d      	ldr	r5, [r1, #16]
 800412c:	3501      	adds	r5, #1
 800412e:	b2ed      	uxtb	r5, r5
 8004130:	fba2 7305 	umull	r7, r3, r2, r5
 8004134:	08df      	lsrs	r7, r3, #3
 8004136:	463b      	mov	r3, r7
 8004138:	eb07 0787 	add.w	r7, r7, r7, lsl #2
 800413c:	eba5 0547 	sub.w	r5, r5, r7, lsl #1
 8004140:	ea45 1503 	orr.w	r5, r5, r3, lsl #4
 8004144:	b2ed      	uxtb	r5, r5
	uint32_t day = bin2bcd(timeptr->tm_mday);
 8004146:	7b0f      	ldrb	r7, [r1, #12]
 8004148:	fba2 3207 	umull	r3, r2, r2, r7
 800414c:	08d3      	lsrs	r3, r2, #3
 800414e:	461a      	mov	r2, r3
 8004150:	eb03 0383 	add.w	r3, r3, r3, lsl #2
 8004154:	eba7 0743 	sub.w	r7, r7, r3, lsl #1
 8004158:	ea47 1702 	orr.w	r7, r7, r2, lsl #4
 800415c:	b2ff      	uxtb	r7, r7
	uint32_t weekDay = ((timeptr->tm_wday == 0) ? (LL_RTC_WEEKDAY_SUNDAY) : (timeptr->tm_wday));
 800415e:	2800      	cmp	r0, #0
 8004160:	d03b      	beq.n	80041da <rtc_stm32_set_time+0x13a>
 8004162:	9001      	str	r0, [sp, #4]
  __ASM volatile ("MRS %0, basepri" : "=r" (result) );
 8004164:	f3ef 8a11 	mrs	sl, BASEPRI
  __ASM volatile ("MSR basepri_max, %0" : : "r" (basePri) : "memory");
 8004168:	2310      	movs	r3, #16
 800416a:	f383 8812 	msr	BASEPRI_MAX, r3
 800416e:	f3bf 8f6f 	isb	sy
	stm32_backup_domain_enable_access();
 8004172:	f7fc ffa9 	bl	80010c8 <stm32_backup_domain_enable_access>
  WRITE_REG(RTCx->WPR, RTC_WRITE_PROTECTION_ENABLE_1);
 8004176:	4b1e      	ldr	r3, [pc, #120]	@ (80041f0 <rtc_stm32_set_time+0x150>)
 8004178:	22ca      	movs	r2, #202	@ 0xca
 800417a:	625a      	str	r2, [r3, #36]	@ 0x24
  WRITE_REG(RTCx->WPR, RTC_WRITE_PROTECTION_ENABLE_2);
 800417c:	2253      	movs	r2, #83	@ 0x53
 800417e:	625a      	str	r2, [r3, #36]	@ 0x24
	err = rtc_stm32_enter_init_mode();
 8004180:	f7ff ff68 	bl	8004054 <rtc_stm32_enter_init_mode>
	if (err == 0) {
 8004184:	4683      	mov	fp, r0
 8004186:	b9c0      	cbnz	r0, 80041ba <rtc_stm32_set_time+0x11a>
         (((Minutes & 0xF0U) << (RTC_TR_MNT_Pos - 4U)) | ((Minutes & 0x0FU) << RTC_TR_MNU_Pos)) | \
 8004188:	0236      	lsls	r6, r6, #8
         (((Hours   & 0xF0U) << (RTC_TR_HT_Pos  - 4U)) | ((Hours & 0x0FU) << RTC_TR_HU_Pos))    | \
 800418a:	ea46 4609 	orr.w	r6, r6, r9, lsl #16
  temp = Format12_24                                                                            | \
 800418e:	ea46 0608 	orr.w	r6, r6, r8
  MODIFY_REG(RTCx->TR, (RTC_TR_PM | RTC_TR_HT | RTC_TR_HU | RTC_TR_MNT | RTC_TR_MNU | RTC_TR_ST | RTC_TR_SU), temp);
 8004192:	4a17      	ldr	r2, [pc, #92]	@ (80041f0 <rtc_stm32_set_time+0x150>)
 8004194:	6813      	ldr	r3, [r2, #0]
 8004196:	f023 137f 	bic.w	r3, r3, #8323199	@ 0x7f007f
 800419a:	f423 43fe 	bic.w	r3, r3, #32512	@ 0x7f00
 800419e:	431e      	orrs	r6, r3
 80041a0:	6016      	str	r6, [r2, #0]
         (((Year  & 0xF0U) << (RTC_DR_YT_Pos - 4U)) | ((Year  & 0x0FU) << RTC_DR_YU_Pos)) | \
 80041a2:	0424      	lsls	r4, r4, #16
  temp = (  WeekDay                                                    << RTC_DR_WDU_Pos) | \
 80041a4:	9b01      	ldr	r3, [sp, #4]
 80041a6:	ea44 3443 	orr.w	r4, r4, r3, lsl #13
         (((Year  & 0xF0U) << (RTC_DR_YT_Pos - 4U)) | ((Year  & 0x0FU) << RTC_DR_YU_Pos)) | \
 80041aa:	ea44 2405 	orr.w	r4, r4, r5, lsl #8
  temp = (  WeekDay                                                    << RTC_DR_WDU_Pos) | \
 80041ae:	433c      	orrs	r4, r7
  MODIFY_REG(RTCx->DR, (RTC_DR_WDU | RTC_DR_MT | RTC_DR_MU | RTC_DR_DT | RTC_DR_DU | RTC_DR_YT | RTC_DR_YU), temp);
 80041b0:	6851      	ldr	r1, [r2, #4]
 80041b2:	4b10      	ldr	r3, [pc, #64]	@ (80041f4 <rtc_stm32_set_time+0x154>)
 80041b4:	400b      	ands	r3, r1
 80041b6:	4323      	orrs	r3, r4
 80041b8:	6053      	str	r3, [r2, #4]
  WRITE_REG(RTCx->ISR, (uint32_t)~RTC_ISR_INIT);
 80041ba:	4b0d      	ldr	r3, [pc, #52]	@ (80041f0 <rtc_stm32_set_time+0x150>)
 80041bc:	f06f 0280 	mvn.w	r2, #128	@ 0x80
 80041c0:	60da      	str	r2, [r3, #12]
  WRITE_REG(RTCx->WPR, RTC_WRITE_PROTECTION_DISABLE);
 80041c2:	22ff      	movs	r2, #255	@ 0xff
 80041c4:	625a      	str	r2, [r3, #36]	@ 0x24
	stm32_backup_domain_disable_access();
 80041c6:	f7fc ffa1 	bl	800110c <stm32_backup_domain_disable_access>
  __ASM volatile ("MSR basepri, %0" : : "r" (basePri) : "memory");
 80041ca:	f38a 8811 	msr	BASEPRI, sl
 80041ce:	f3bf 8f6f 	isb	sy
}
 80041d2:	4658      	mov	r0, fp
 80041d4:	b003      	add	sp, #12
 80041d6:	e8bd 8ff0 	ldmia.w	sp!, {r4, r5, r6, r7, r8, r9, sl, fp, pc}
	uint32_t weekDay = ((timeptr->tm_wday == 0) ? (LL_RTC_WEEKDAY_SUNDAY) : (timeptr->tm_wday));
 80041da:	2307      	movs	r3, #7
 80041dc:	9301      	str	r3, [sp, #4]
 80041de:	e7c1      	b.n	8004164 <rtc_stm32_set_time+0xc4>
		return -EINVAL;
 80041e0:	f06f 0b15 	mvn.w	fp, #21
 80041e4:	e7f5      	b.n	80041d2 <rtc_stm32_set_time+0x132>
		return -EINVAL;
 80041e6:	f06f 0b15 	mvn.w	fp, #21
 80041ea:	e7f2      	b.n	80041d2 <rtc_stm32_set_time+0x132>
 80041ec:	cccccccd 	.word	0xcccccccd
 80041f0:	40002800 	.word	0x40002800
 80041f4:	ff0000c0 	.word	0xff0000c0

080041f8 <rtc_stm32_configure>:
{
 80041f8:	b538      	push	{r3, r4, r5, lr}
	const struct rtc_stm32_config *cfg = dev->config;
 80041fa:	6844      	ldr	r4, [r0, #4]
  return (uint32_t)(READ_BIT(RTCx->CR, RTC_CR_FMT));
 80041fc:	4b1d      	ldr	r3, [pc, #116]	@ (8004274 <rtc_stm32_configure+0x7c>)
 80041fe:	6898      	ldr	r0, [r3, #8]
  return (uint32_t)(READ_BIT(RTCx->PRER, RTC_PRER_PREDIV_S));
 8004200:	691a      	ldr	r2, [r3, #16]
 8004202:	f3c2 020e 	ubfx	r2, r2, #0, #15
  return (uint32_t)(READ_BIT(RTCx->PRER, RTC_PRER_PREDIV_A) >> RTC_PRER_PREDIV_A_Pos);
 8004206:	6919      	ldr	r1, [r3, #16]
 8004208:	f3c1 4106 	ubfx	r1, r1, #16, #7
  WRITE_REG(RTCx->WPR, RTC_WRITE_PROTECTION_ENABLE_1);
 800420c:	25ca      	movs	r5, #202	@ 0xca
 800420e:	625d      	str	r5, [r3, #36]	@ 0x24
  WRITE_REG(RTCx->WPR, RTC_WRITE_PROTECTION_ENABLE_2);
 8004210:	2553      	movs	r5, #83	@ 0x53
 8004212:	625d      	str	r5, [r3, #36]	@ 0x24
	if ((hour_format != STM32_RTC_LL_HOURFORMAT_24H) ||
 8004214:	f010 0f40 	tst.w	r0, #64	@ 0x40
 8004218:	d102      	bne.n	8004220 <rtc_stm32_configure+0x28>
	    (sync_prescaler != cfg->sync_prescaler) ||
 800421a:	6863      	ldr	r3, [r4, #4]
	if ((hour_format != STM32_RTC_LL_HOURFORMAT_24H) ||
 800421c:	4293      	cmp	r3, r2
 800421e:	d024      	beq.n	800426a <rtc_stm32_configure+0x72>
		err = rtc_stm32_enter_init_mode();
 8004220:	f7ff ff18 	bl	8004054 <rtc_stm32_enter_init_mode>
		if (err == 0) {
 8004224:	b988      	cbnz	r0, 800424a <rtc_stm32_configure+0x52>
  MODIFY_REG(RTCx->CR, RTC_CR_FMT, HourFormat);
 8004226:	4b13      	ldr	r3, [pc, #76]	@ (8004274 <rtc_stm32_configure+0x7c>)
 8004228:	689a      	ldr	r2, [r3, #8]
 800422a:	f022 0240 	bic.w	r2, r2, #64	@ 0x40
 800422e:	609a      	str	r2, [r3, #8]
			LL_RTC_SetSynchPrescaler(STM32_ARG(RTC, cfg->sync_prescaler));
 8004230:	6862      	ldr	r2, [r4, #4]
  MODIFY_REG(RTCx->PRER, RTC_PRER_PREDIV_S, SynchPrescaler);
 8004232:	6919      	ldr	r1, [r3, #16]
 8004234:	f36f 010e 	bfc	r1, #0, #15
 8004238:	430a      	orrs	r2, r1
 800423a:	611a      	str	r2, [r3, #16]
			LL_RTC_SetAsynchPrescaler(STM32_ARG(RTC, cfg->async_prescaler));
 800423c:	6821      	ldr	r1, [r4, #0]
  MODIFY_REG(RTCx->PRER, RTC_PRER_PREDIV_A, AsynchPrescaler << RTC_PRER_PREDIV_A_Pos);
 800423e:	691a      	ldr	r2, [r3, #16]
 8004240:	f422 02fe 	bic.w	r2, r2, #8323072	@ 0x7f0000
 8004244:	ea42 4201 	orr.w	r2, r2, r1, lsl #16
 8004248:	611a      	str	r2, [r3, #16]
  WRITE_REG(RTCx->ISR, (uint32_t)~RTC_ISR_INIT);
 800424a:	4b0a      	ldr	r3, [pc, #40]	@ (8004274 <rtc_stm32_configure+0x7c>)
 800424c:	f06f 0280 	mvn.w	r2, #128	@ 0x80
 8004250:	60da      	str	r2, [r3, #12]
  MODIFY_REG(RTCx->CR, RTC_CR_COE | RTC_CR_COSEL, Frequency);
 8004252:	4b08      	ldr	r3, [pc, #32]	@ (8004274 <rtc_stm32_configure+0x7c>)
 8004254:	689a      	ldr	r2, [r3, #8]
 8004256:	f422 0208 	bic.w	r2, r2, #8912896	@ 0x880000
 800425a:	609a      	str	r2, [r3, #8]
  SET_BIT(RTCx->CR, RTC_CR_BYPSHAD);
 800425c:	689a      	ldr	r2, [r3, #8]
 800425e:	f042 0220 	orr.w	r2, r2, #32
 8004262:	609a      	str	r2, [r3, #8]
  WRITE_REG(RTCx->WPR, RTC_WRITE_PROTECTION_DISABLE);
 8004264:	22ff      	movs	r2, #255	@ 0xff
 8004266:	625a      	str	r2, [r3, #36]	@ 0x24
}
 8004268:	bd38      	pop	{r3, r4, r5, pc}
	    (async_prescaler != cfg->async_prescaler)) {
 800426a:	6823      	ldr	r3, [r4, #0]
	    (sync_prescaler != cfg->sync_prescaler) ||
 800426c:	428b      	cmp	r3, r1
 800426e:	d1d7      	bne.n	8004220 <rtc_stm32_configure+0x28>
	int err = 0;
 8004270:	2000      	movs	r0, #0
 8004272:	e7ee      	b.n	8004252 <rtc_stm32_configure+0x5a>
 8004274:	40002800 	.word	0x40002800

08004278 <rtc_stm32_init>:
{
 8004278:	b570      	push	{r4, r5, r6, lr}
	const struct rtc_stm32_config *cfg = dev->config;
 800427a:	6845      	ldr	r5, [r0, #4]
	if (clock_control_on(clk, (clock_control_subsys_t)&cfg->pclken[0]) != 0) {
 800427c:	68a9      	ldr	r1, [r5, #8]
	const struct clock_control_driver_api *api =
 800427e:	4b1a      	ldr	r3, [pc, #104]	@ (80042e8 <rtc_stm32_init+0x70>)
 8004280:	689e      	ldr	r6, [r3, #8]
	if (api->on == NULL) {
 8004282:	6833      	ldr	r3, [r6, #0]
 8004284:	b1f3      	cbz	r3, 80042c4 <rtc_stm32_init+0x4c>
 8004286:	4604      	mov	r4, r0
	return api->on(dev, sys);
 8004288:	4817      	ldr	r0, [pc, #92]	@ (80042e8 <rtc_stm32_init+0x70>)
 800428a:	4798      	blx	r3
 800428c:	b9d0      	cbnz	r0, 80042c4 <rtc_stm32_init+0x4c>
	stm32_backup_domain_enable_access();
 800428e:	f7fc ff1b 	bl	80010c8 <stm32_backup_domain_enable_access>
	if (cfg->pclken[1].enr != NO_SEL) {
 8004292:	68a9      	ldr	r1, [r5, #8]
 8004294:	68cb      	ldr	r3, [r1, #12]
 8004296:	2bff      	cmp	r3, #255	@ 0xff
 8004298:	d007      	beq.n	80042aa <rtc_stm32_init+0x32>
		err = clock_control_configure(clk, (clock_control_subsys_t)&cfg->pclken[1], NULL);
 800429a:	3108      	adds	r1, #8
	if (api->configure == NULL) {
 800429c:	69b3      	ldr	r3, [r6, #24]
 800429e:	b1cb      	cbz	r3, 80042d4 <rtc_stm32_init+0x5c>
	return api->configure(dev, sys, data);
 80042a0:	2200      	movs	r2, #0
 80042a2:	4811      	ldr	r0, [pc, #68]	@ (80042e8 <rtc_stm32_init+0x70>)
 80042a4:	4798      	blx	r3
		if (err < 0) {
 80042a6:	2800      	cmp	r0, #0
 80042a8:	db14      	blt.n	80042d4 <rtc_stm32_init+0x5c>
  SET_BIT(RCC->BDCR, RCC_BDCR_RTCEN);
 80042aa:	4a10      	ldr	r2, [pc, #64]	@ (80042ec <rtc_stm32_init+0x74>)
 80042ac:	6f13      	ldr	r3, [r2, #112]	@ 0x70
 80042ae:	f443 4300 	orr.w	r3, r3, #32768	@ 0x8000
 80042b2:	6713      	str	r3, [r2, #112]	@ 0x70
	err = rtc_stm32_configure(dev);
 80042b4:	4620      	mov	r0, r4
 80042b6:	f7ff ff9f 	bl	80041f8 <rtc_stm32_configure>
 80042ba:	4604      	mov	r4, r0
	stm32_backup_domain_disable_access();
 80042bc:	f7fc ff26 	bl	800110c <stm32_backup_domain_disable_access>
}
 80042c0:	4620      	mov	r0, r4
 80042c2:	bd70      	pop	{r4, r5, r6, pc}
 80042c4:	4a0a      	ldr	r2, [pc, #40]	@ (80042f0 <rtc_stm32_init+0x78>)
 80042c6:	2101      	movs	r1, #1
 80042c8:	480a      	ldr	r0, [pc, #40]	@ (80042f4 <rtc_stm32_init+0x7c>)
 80042ca:	f003 fac2 	bl	8007852 <z_impl_z_log_msg_simple_create_0>
		return -EIO;
 80042ce:	f06f 0404 	mvn.w	r4, #4
 80042d2:	e7f5      	b.n	80042c0 <rtc_stm32_init+0x48>
			stm32_backup_domain_disable_access();
 80042d4:	f7fc ff1a 	bl	800110c <stm32_backup_domain_disable_access>
 80042d8:	4a07      	ldr	r2, [pc, #28]	@ (80042f8 <rtc_stm32_init+0x80>)
 80042da:	2101      	movs	r1, #1
 80042dc:	4805      	ldr	r0, [pc, #20]	@ (80042f4 <rtc_stm32_init+0x7c>)
 80042de:	f003 fab8 	bl	8007852 <z_impl_z_log_msg_simple_create_0>
			return -EIO;
 80042e2:	f06f 0404 	mvn.w	r4, #4
 80042e6:	e7eb      	b.n	80042c0 <rtc_stm32_init+0x48>
 80042e8:	08009100 	.word	0x08009100
 80042ec:	40023800 	.word	0x40023800
 80042f0:	0800a2dc 	.word	0x0800a2dc
 80042f4:	08009634 	.word	0x08009634
 80042f8:	0800a2f0 	.word	0x0800a2f0

080042fc <LL_USART_SetBaudRate>:
  * @param  BaudRate Baud Rate
  * @retval None
  */
__STATIC_INLINE void LL_USART_SetBaudRate(USART_TypeDef *USARTx, uint32_t PeriphClk, uint32_t OverSampling,
                                          uint32_t BaudRate)
{
 80042fc:	b510      	push	{r4, lr}
 80042fe:	4604      	mov	r4, r0
  if (OverSampling == LL_USART_OVERSAMPLING_8)
 8004300:	f5b2 4f00 	cmp.w	r2, #32768	@ 0x8000
 8004304:	d02f      	beq.n	8004366 <LL_USART_SetBaudRate+0x6a>
  {
    USARTx->BRR = (uint16_t)(__LL_USART_DIV_SAMPLING8(PeriphClk, BaudRate));
  }
  else
  {
    USARTx->BRR = (uint16_t)(__LL_USART_DIV_SAMPLING16(PeriphClk, BaudRate));
 8004306:	f04f 0c00 	mov.w	ip, #0
 800430a:	1848      	adds	r0, r1, r1
 800430c:	eb4c 0c0c 	adc.w	ip, ip, ip
 8004310:	1840      	adds	r0, r0, r1
 8004312:	f14c 0c00 	adc.w	ip, ip, #0
 8004316:	ea4f 0ccc 	mov.w	ip, ip, lsl #3
 800431a:	ea4c 7c50 	orr.w	ip, ip, r0, lsr #29
 800431e:	00c0      	lsls	r0, r0, #3
 8004320:	1840      	adds	r0, r0, r1
 8004322:	ea4f 0283 	mov.w	r2, r3, lsl #2
 8004326:	ea4f 7393 	mov.w	r3, r3, lsr #30
 800432a:	f14c 0100 	adc.w	r1, ip, #0
 800432e:	f7fc f82d 	bl	800038c <__aeabi_uldivmod>
 8004332:	4924      	ldr	r1, [pc, #144]	@ (80043c4 <LL_USART_SetBaudRate+0xc8>)
 8004334:	fba1 2300 	umull	r2, r3, r1, r0
 8004338:	095b      	lsrs	r3, r3, #5
 800433a:	011a      	lsls	r2, r3, #4
 800433c:	b292      	uxth	r2, r2
 800433e:	f04f 0c64 	mov.w	ip, #100	@ 0x64
 8004342:	fb0c 0313 	mls	r3, ip, r3, r0
 8004346:	011b      	lsls	r3, r3, #4
 8004348:	3332      	adds	r3, #50	@ 0x32
 800434a:	fba1 1303 	umull	r1, r3, r1, r3
 800434e:	f3c3 134f 	ubfx	r3, r3, #5, #16
 8004352:	f003 01f0 	and.w	r1, r3, #240	@ 0xf0
 8004356:	440a      	add	r2, r1
 8004358:	b292      	uxth	r2, r2
 800435a:	f003 030f 	and.w	r3, r3, #15
 800435e:	4413      	add	r3, r2
 8004360:	b29b      	uxth	r3, r3
 8004362:	60a3      	str	r3, [r4, #8]
  }
}
 8004364:	bd10      	pop	{r4, pc}
    USARTx->BRR = (uint16_t)(__LL_USART_DIV_SAMPLING8(PeriphClk, BaudRate));
 8004366:	f04f 0c00 	mov.w	ip, #0
 800436a:	1848      	adds	r0, r1, r1
 800436c:	eb4c 020c 	adc.w	r2, ip, ip
 8004370:	1840      	adds	r0, r0, r1
 8004372:	f142 0200 	adc.w	r2, r2, #0
 8004376:	00d2      	lsls	r2, r2, #3
 8004378:	ea42 7250 	orr.w	r2, r2, r0, lsr #29
 800437c:	00c0      	lsls	r0, r0, #3
 800437e:	1840      	adds	r0, r0, r1
 8004380:	f142 0100 	adc.w	r1, r2, #0
 8004384:	18da      	adds	r2, r3, r3
 8004386:	eb4c 030c 	adc.w	r3, ip, ip
 800438a:	f7fb ffff 	bl	800038c <__aeabi_uldivmod>
 800438e:	490d      	ldr	r1, [pc, #52]	@ (80043c4 <LL_USART_SetBaudRate+0xc8>)
 8004390:	fba1 2300 	umull	r2, r3, r1, r0
 8004394:	095b      	lsrs	r3, r3, #5
 8004396:	011a      	lsls	r2, r3, #4
 8004398:	b292      	uxth	r2, r2
 800439a:	f04f 0c64 	mov.w	ip, #100	@ 0x64
 800439e:	fb0c 0313 	mls	r3, ip, r3, r0
 80043a2:	00db      	lsls	r3, r3, #3
 80043a4:	3332      	adds	r3, #50	@ 0x32
 80043a6:	fba1 1303 	umull	r1, r3, r1, r3
 80043aa:	f3c3 134f 	ubfx	r3, r3, #5, #16
 80043ae:	0059      	lsls	r1, r3, #1
 80043b0:	f401 71f8 	and.w	r1, r1, #496	@ 0x1f0
 80043b4:	440a      	add	r2, r1
 80043b6:	b292      	uxth	r2, r2
 80043b8:	f003 0307 	and.w	r3, r3, #7
 80043bc:	4413      	add	r3, r2
 80043be:	b29b      	uxth	r3, r3
 80043c0:	60a3      	str	r3, [r4, #8]
 80043c2:	e7cf      	b.n	8004364 <LL_USART_SetBaudRate+0x68>
 80043c4:	51eb851f 	.word	0x51eb851f

080043c8 <uart_stm32_poll_in>:
{
	LL_USART_TransmitData8(usart, (uint8_t)out);
}

static int uart_stm32_poll_in(const struct device *dev, unsigned char *c)
{
 80043c8:	b508      	push	{r3, lr}
	return uart_stm32_poll_in_visitor(dev, (void *)c, poll_in_u8);
 80043ca:	4a02      	ldr	r2, [pc, #8]	@ (80043d4 <uart_stm32_poll_in+0xc>)
 80043cc:	f004 f9da 	bl	8008784 <uart_stm32_poll_in_visitor>
}
 80043d0:	bd08      	pop	{r3, pc}
 80043d2:	bf00      	nop
 80043d4:	080087f3 	.word	0x080087f3

080043d8 <uart_stm32_poll_out>:

static void uart_stm32_poll_out(const struct device *dev, unsigned char c)
{
 80043d8:	b508      	push	{r3, lr}
	uart_stm32_poll_out_visitor(dev, c, poll_out_u8);
 80043da:	4a02      	ldr	r2, [pc, #8]	@ (80043e4 <uart_stm32_poll_out+0xc>)
 80043dc:	f004 f9ec 	bl	80087b8 <uart_stm32_poll_out_visitor>
}
 80043e0:	bd08      	pop	{r3, pc}
 80043e2:	bf00      	nop
 80043e4:	080087f9 	.word	0x080087f9

080043e8 <uart_stm32_fifo_fill>:
	/* Send a character (8bit) */
	LL_USART_TransmitData8(usart, data[offset]);
}

static int uart_stm32_fifo_fill(const struct device *dev, const uint8_t *tx_data, int size)
{
 80043e8:	b510      	push	{r4, lr}
	const struct uart_stm32_config *config = dev->config;
 80043ea:	6843      	ldr	r3, [r0, #4]
	return LL_USART_GetDataWidth(config->usart);
 80043ec:	681b      	ldr	r3, [r3, #0]
  return (uint32_t)(READ_BIT(USARTx->CR1, USART_CR1_M));
 80043ee:	68dc      	ldr	r4, [r3, #12]
  return (uint32_t)(READ_BIT(USARTx->CR1, USART_CR1_PS | USART_CR1_PCE));
 80043f0:	68db      	ldr	r3, [r3, #12]
	switch (db) {
 80043f2:	f414 5f80 	tst.w	r4, #4096	@ 0x1000
 80043f6:	d103      	bne.n	8004400 <uart_stm32_fifo_fill+0x18>
	if (uart_stm32_ll2cfg_databits(uart_stm32_get_databits(dev), uart_stm32_get_parity(dev)) ==
	    UART_CFG_DATA_BITS_9) {
		return -ENOTSUP;
	}
	return uart_stm32_fifo_fill_visitor(dev, (const void *)tx_data, size,
 80043f8:	4b05      	ldr	r3, [pc, #20]	@ (8004410 <uart_stm32_fifo_fill+0x28>)
 80043fa:	f004 fa4d 	bl	8008898 <uart_stm32_fifo_fill_visitor>
					    fifo_fill_with_u8);
}
 80043fe:	bd10      	pop	{r4, pc}
 8004400:	f403 63c0 	and.w	r3, r3, #1536	@ 0x600
		if (p == LL_USART_PARITY_NONE) {
 8004404:	2b00      	cmp	r3, #0
 8004406:	d1f7      	bne.n	80043f8 <uart_stm32_fifo_fill+0x10>
		return -ENOTSUP;
 8004408:	f06f 0085 	mvn.w	r0, #133	@ 0x85
 800440c:	e7f7      	b.n	80043fe <uart_stm32_fifo_fill+0x16>
 800440e:	bf00      	nop
 8004410:	080088eb 	.word	0x080088eb

08004414 <uart_stm32_fifo_read>:

	data[offset] = LL_USART_ReceiveData8(usart);
}

static int uart_stm32_fifo_read(const struct device *dev, uint8_t *rx_data, const int size)
{
 8004414:	b510      	push	{r4, lr}
	const struct uart_stm32_config *config = dev->config;
 8004416:	6843      	ldr	r3, [r0, #4]
	return LL_USART_GetDataWidth(config->usart);
 8004418:	681b      	ldr	r3, [r3, #0]
  return (uint32_t)(READ_BIT(USARTx->CR1, USART_CR1_M));
 800441a:	68dc      	ldr	r4, [r3, #12]
  return (uint32_t)(READ_BIT(USARTx->CR1, USART_CR1_PS | USART_CR1_PCE));
 800441c:	68db      	ldr	r3, [r3, #12]
	switch (db) {
 800441e:	f414 5f80 	tst.w	r4, #4096	@ 0x1000
 8004422:	d103      	bne.n	800442c <uart_stm32_fifo_read+0x18>
	if (uart_stm32_ll2cfg_databits(uart_stm32_get_databits(dev), uart_stm32_get_parity(dev)) ==
	    UART_CFG_DATA_BITS_9) {
		return -ENOTSUP;
	}
	return uart_stm32_fifo_read_visitor(dev, (void *)rx_data, size,
 8004424:	4b05      	ldr	r3, [pc, #20]	@ (800443c <uart_stm32_fifo_read+0x28>)
 8004426:	f004 fa63 	bl	80088f0 <uart_stm32_fifo_read_visitor>
					    fifo_read_with_u8);
}
 800442a:	bd10      	pop	{r4, pc}
 800442c:	f403 63c0 	and.w	r3, r3, #1536	@ 0x600
		if (p == LL_USART_PARITY_NONE) {
 8004430:	2b00      	cmp	r3, #0
 8004432:	d1f7      	bne.n	8004424 <uart_stm32_fifo_read+0x10>
		return -ENOTSUP;
 8004434:	f06f 0085 	mvn.w	r0, #133	@ 0x85
 8004438:	e7f7      	b.n	800442a <uart_stm32_fifo_read+0x16>
 800443a:	bf00      	nop
 800443c:	08008939 	.word	0x08008939

08004440 <uart_stm32_irq_err_enable>:
	return ll_usart_is_active_rxne(config->usart);
}

static void uart_stm32_irq_err_enable(const struct device *dev)
{
	const struct uart_stm32_config *config = dev->config;
 8004440:	6843      	ldr	r3, [r0, #4]
	USART_TypeDef *usart = config->usart;
 8004442:	681a      	ldr	r2, [r3, #0]
 */
__STATIC_FORCEINLINE uint32_t __LDREXW(volatile uint32_t *addr)
{
  uint32_t result;

  __ASM volatile ("ldrex %0, %1" : "=r" (result) : "Q" (*addr) );
 8004444:	f102 0314 	add.w	r3, r2, #20
 8004448:	e853 3f00 	ldrex	r3, [r3]
  * @param  USARTx USART Instance
  * @retval None
  */
__STATIC_INLINE void LL_USART_EnableIT_ERROR(USART_TypeDef *USARTx)
{
  ATOMIC_SET_BIT(USARTx->CR3, USART_CR3_EIE);
 800444c:	f043 0301 	orr.w	r3, r3, #1
 */
__STATIC_FORCEINLINE uint32_t __STREXW(uint32_t value, volatile uint32_t *addr)
{
  uint32_t result;

  __ASM volatile ("strex %0, %2, %1" : "=&r" (result), "=Q" (*addr) : "r" (value) );
 8004450:	f102 0014 	add.w	r0, r2, #20
 8004454:	e840 3100 	strex	r1, r3, [r0]
 8004458:	2900      	cmp	r1, #0
 800445a:	d1f3      	bne.n	8004444 <uart_stm32_irq_err_enable+0x4>

	/* Enable FE, ORE interruptions */
	LL_USART_EnableIT_ERROR(usart);
#if !defined(CONFIG_SOC_SERIES_STM32F0X) || defined(USART_LIN_SUPPORT)
	/* Enable Line break detection */
	if (IS_UART_LIN_INSTANCE(usart)) {
 800445c:	4b0d      	ldr	r3, [pc, #52]	@ (8004494 <uart_stm32_irq_err_enable+0x54>)
 800445e:	429a      	cmp	r2, r3
 8004460:	d007      	beq.n	8004472 <uart_stm32_irq_err_enable+0x32>
 8004462:	f5a3 434c 	sub.w	r3, r3, #52224	@ 0xcc00
 8004466:	429a      	cmp	r2, r3
 8004468:	d003      	beq.n	8004472 <uart_stm32_irq_err_enable+0x32>
 800446a:	f503 4350 	add.w	r3, r3, #53248	@ 0xd000
 800446e:	429a      	cmp	r2, r3
 8004470:	d103      	bne.n	800447a <uart_stm32_irq_err_enable+0x3a>
  SET_BIT(USARTx->CR2, USART_CR2_LBDIE);
 8004472:	6913      	ldr	r3, [r2, #16]
 8004474:	f043 0340 	orr.w	r3, r3, #64	@ 0x40
 8004478:	6113      	str	r3, [r2, #16]
  __ASM volatile ("ldrex %0, %1" : "=r" (result) : "Q" (*addr) );
 800447a:	f102 030c 	add.w	r3, r2, #12
 800447e:	e853 3f00 	ldrex	r3, [r3]
  ATOMIC_SET_BIT(USARTx->CR1, USART_CR1_PEIE);
 8004482:	f443 7380 	orr.w	r3, r3, #256	@ 0x100
  __ASM volatile ("strex %0, %2, %1" : "=&r" (result), "=Q" (*addr) : "r" (value) );
 8004486:	f102 000c 	add.w	r0, r2, #12
 800448a:	e840 3100 	strex	r1, r3, [r0]
 800448e:	2900      	cmp	r1, #0
 8004490:	d1f3      	bne.n	800447a <uart_stm32_irq_err_enable+0x3a>
		LL_USART_EnableIT_LBD(usart);
	}
#endif
	/* Enable parity error interruption */
	LL_USART_EnableIT_PE(usart);
}
 8004492:	4770      	bx	lr
 8004494:	40011000 	.word	0x40011000

08004498 <uart_stm32_irq_err_disable>:

static void uart_stm32_irq_err_disable(const struct device *dev)
{
	const struct uart_stm32_config *config = dev->config;
 8004498:	6843      	ldr	r3, [r0, #4]
	USART_TypeDef *usart = config->usart;
 800449a:	681a      	ldr	r2, [r3, #0]
  __ASM volatile ("ldrex %0, %1" : "=r" (result) : "Q" (*addr) );
 800449c:	f102 0314 	add.w	r3, r2, #20
 80044a0:	e853 3f00 	ldrex	r3, [r3]
  * @param  USARTx USART Instance
  * @retval None
  */
__STATIC_INLINE void LL_USART_DisableIT_ERROR(USART_TypeDef *USARTx)
{
  ATOMIC_CLEAR_BIT(USARTx->CR3, USART_CR3_EIE);
 80044a4:	f023 0301 	bic.w	r3, r3, #1
  __ASM volatile ("strex %0, %2, %1" : "=&r" (result), "=Q" (*addr) : "r" (value) );
 80044a8:	f102 0014 	add.w	r0, r2, #20
 80044ac:	e840 3100 	strex	r1, r3, [r0]
 80044b0:	2900      	cmp	r1, #0
 80044b2:	d1f3      	bne.n	800449c <uart_stm32_irq_err_disable+0x4>

	/* Disable FE, ORE interruptions */
	LL_USART_DisableIT_ERROR(usart);
#if !defined(CONFIG_SOC_SERIES_STM32F0X) || defined(USART_LIN_SUPPORT)
	/* Disable Line break detection */
	if (IS_UART_LIN_INSTANCE(usart)) {
 80044b4:	4b0d      	ldr	r3, [pc, #52]	@ (80044ec <uart_stm32_irq_err_disable+0x54>)
 80044b6:	429a      	cmp	r2, r3
 80044b8:	d007      	beq.n	80044ca <uart_stm32_irq_err_disable+0x32>
 80044ba:	f5a3 434c 	sub.w	r3, r3, #52224	@ 0xcc00
 80044be:	429a      	cmp	r2, r3
 80044c0:	d003      	beq.n	80044ca <uart_stm32_irq_err_disable+0x32>
 80044c2:	f503 4350 	add.w	r3, r3, #53248	@ 0xd000
 80044c6:	429a      	cmp	r2, r3
 80044c8:	d103      	bne.n	80044d2 <uart_stm32_irq_err_disable+0x3a>
  CLEAR_BIT(USARTx->CR2, USART_CR2_LBDIE);
 80044ca:	6913      	ldr	r3, [r2, #16]
 80044cc:	f023 0340 	bic.w	r3, r3, #64	@ 0x40
 80044d0:	6113      	str	r3, [r2, #16]
  __ASM volatile ("ldrex %0, %1" : "=r" (result) : "Q" (*addr) );
 80044d2:	f102 030c 	add.w	r3, r2, #12
 80044d6:	e853 3f00 	ldrex	r3, [r3]
  ATOMIC_CLEAR_BIT(USARTx->CR1, USART_CR1_PEIE);
 80044da:	f423 7380 	bic.w	r3, r3, #256	@ 0x100
  __ASM volatile ("strex %0, %2, %1" : "=&r" (result), "=Q" (*addr) : "r" (value) );
 80044de:	f102 000c 	add.w	r0, r2, #12
 80044e2:	e840 3100 	strex	r1, r3, [r0]
 80044e6:	2900      	cmp	r1, #0
 80044e8:	d1f3      	bne.n	80044d2 <uart_stm32_irq_err_disable+0x3a>
		LL_USART_DisableIT_LBD(usart);
	}
#endif
	/* Disable parity error interruption */
	LL_USART_DisableIT_PE(usart);
}
 80044ea:	4770      	bx	lr
 80044ec:	40011000 	.word	0x40011000

080044f0 <uart_stm32_clocks_enable>:
#endif
#endif /* CONFIG_UART_ASYNC_API */
};

static int uart_stm32_clocks_enable(const struct device *dev)
{
 80044f0:	b510      	push	{r4, lr}
	const struct uart_stm32_config *config = dev->config;
 80044f2:	6843      	ldr	r3, [r0, #4]
	int err;

	/* enable clock */
	err = clock_control_on(config->clock, (clock_control_subsys_t)&config->pclken[0]);
 80044f4:	6858      	ldr	r0, [r3, #4]
 80044f6:	6919      	ldr	r1, [r3, #16]
	const struct clock_control_driver_api *api =
 80044f8:	6883      	ldr	r3, [r0, #8]
	if (api->on == NULL) {
 80044fa:	681b      	ldr	r3, [r3, #0]
 80044fc:	b123      	cbz	r3, 8004508 <uart_stm32_clocks_enable+0x18>
	return api->on(dev, sys);
 80044fe:	4798      	blx	r3
	if (err != 0) {
 8004500:	4604      	mov	r4, r0
 8004502:	b918      	cbnz	r0, 800450c <uart_stm32_clocks_enable+0x1c>
			return err;
		}
	}

	return 0;
}
 8004504:	4620      	mov	r0, r4
 8004506:	bd10      	pop	{r4, pc}
		return -ENOSYS;
 8004508:	f06f 0457 	mvn.w	r4, #87	@ 0x57
 800450c:	4a02      	ldr	r2, [pc, #8]	@ (8004518 <uart_stm32_clocks_enable+0x28>)
 800450e:	2101      	movs	r1, #1
 8004510:	4802      	ldr	r0, [pc, #8]	@ (800451c <uart_stm32_clocks_enable+0x2c>)
 8004512:	f003 f99e 	bl	8007852 <z_impl_z_log_msg_simple_create_0>
		return err;
 8004516:	e7f5      	b.n	8004504 <uart_stm32_clocks_enable+0x14>
 8004518:	0800a324 	.word	0x0800a324
 800451c:	08009654 	.word	0x08009654

08004520 <uart_stm32_set_baudrate>:
{
 8004520:	e92d 41f0 	stmdb	sp!, {r4, r5, r6, r7, r8, lr}
 8004524:	b084      	sub	sp, #16
 8004526:	af00      	add	r7, sp, #0
	const struct uart_stm32_config *config = dev->config;
 8004528:	6843      	ldr	r3, [r0, #4]
	USART_TypeDef *usart = config->usart;
 800452a:	f8d3 8000 	ldr.w	r8, [r3]
	if (baud_rate == 0) {
 800452e:	2900      	cmp	r1, #0
 8004530:	f000 80a8 	beq.w	8004684 <uart_stm32_set_baudrate+0x164>
 8004534:	4605      	mov	r5, r0
 8004536:	460e      	mov	r6, r1
		int ret = clock_control_get_rate(config->clock,
 8004538:	6858      	ldr	r0, [r3, #4]
						 (clock_control_subsys_t)&config->pclken[0],
 800453a:	6919      	ldr	r1, [r3, #16]
	const struct clock_control_driver_api *api =
 800453c:	6883      	ldr	r3, [r0, #8]
	if (api->get_rate == NULL) {
 800453e:	68db      	ldr	r3, [r3, #12]
 8004540:	2b00      	cmp	r3, #0
 8004542:	d03f      	beq.n	80045c4 <uart_stm32_set_baudrate+0xa4>
	return api->get_rate(dev, sys, rate);
 8004544:	f107 020c 	add.w	r2, r7, #12
 8004548:	4798      	blx	r3
		if (ret < 0) {
 800454a:	1e04      	subs	r4, r0, #0
 800454c:	db3c      	blt.n	80045c8 <uart_stm32_set_baudrate+0xa8>
  MODIFY_REG(USARTx->CR1, USART_CR1_OVER8, OverSampling);
 800454e:	f8d8 300c 	ldr.w	r3, [r8, #12]
 8004552:	f423 4300 	bic.w	r3, r3, #32768	@ 0x8000
 8004556:	f8c8 300c 	str.w	r3, [r8, #12]
		uint32_t usartdiv = STM32_USART_DIV_SAMPLING16(clock_rate,
 800455a:	68fc      	ldr	r4, [r7, #12]
 800455c:	2100      	movs	r1, #0
 800455e:	1920      	adds	r0, r4, r4
 8004560:	4149      	adcs	r1, r1
 8004562:	1900      	adds	r0, r0, r4
 8004564:	f141 0100 	adc.w	r1, r1, #0
 8004568:	00c9      	lsls	r1, r1, #3
 800456a:	ea41 7150 	orr.w	r1, r1, r0, lsr #29
 800456e:	00c0      	lsls	r0, r0, #3
 8004570:	1900      	adds	r0, r0, r4
 8004572:	ea4f 0286 	mov.w	r2, r6, lsl #2
 8004576:	ea4f 7396 	mov.w	r3, r6, lsr #30
 800457a:	f141 0100 	adc.w	r1, r1, #0
 800457e:	f7fb ff05 	bl	800038c <__aeabi_uldivmod>
 8004582:	4a42      	ldr	r2, [pc, #264]	@ (800468c <uart_stm32_set_baudrate+0x16c>)
 8004584:	fba2 3100 	umull	r3, r1, r2, r0
 8004588:	0949      	lsrs	r1, r1, #5
 800458a:	2364      	movs	r3, #100	@ 0x64
 800458c:	fb03 0311 	mls	r3, r3, r1, r0
 8004590:	011b      	lsls	r3, r3, #4
 8004592:	3332      	adds	r3, #50	@ 0x32
 8004594:	fba2 2303 	umull	r2, r3, r2, r3
 8004598:	095b      	lsrs	r3, r3, #5
 800459a:	f003 02f0 	and.w	r2, r3, #240	@ 0xf0
 800459e:	eb02 1201 	add.w	r2, r2, r1, lsl #4
 80045a2:	f003 030f 	and.w	r3, r3, #15
 80045a6:	4413      	add	r3, r2
		if (usartdiv < 16) {
 80045a8:	2b0f      	cmp	r3, #15
 80045aa:	d913      	bls.n	80045d4 <uart_stm32_set_baudrate+0xb4>
		LL_USART_SetBaudRate(usart,
 80045ac:	4633      	mov	r3, r6
 80045ae:	2200      	movs	r2, #0
 80045b0:	4621      	mov	r1, r4
 80045b2:	4640      	mov	r0, r8
 80045b4:	f7ff fea2 	bl	80042fc <LL_USART_SetBaudRate>
	return 0;
 80045b8:	2400      	movs	r4, #0
}
 80045ba:	4620      	mov	r0, r4
 80045bc:	3710      	adds	r7, #16
 80045be:	46bd      	mov	sp, r7
 80045c0:	e8bd 81f0 	ldmia.w	sp!, {r4, r5, r6, r7, r8, pc}
		return -ENOSYS;
 80045c4:	f06f 0457 	mvn.w	r4, #87	@ 0x57
 80045c8:	4a31      	ldr	r2, [pc, #196]	@ (8004690 <uart_stm32_set_baudrate+0x170>)
 80045ca:	2101      	movs	r1, #1
 80045cc:	4831      	ldr	r0, [pc, #196]	@ (8004694 <uart_stm32_set_baudrate+0x174>)
 80045ce:	f003 f940 	bl	8007852 <z_impl_z_log_msg_simple_create_0>
			return ret;
 80045d2:	e7f2      	b.n	80045ba <uart_stm32_set_baudrate+0x9a>
			LOG_ERR("Unable to set %s to %d", dev->name, baud_rate);
 80045d4:	6829      	ldr	r1, [r5, #0]
 80045d6:	466d      	mov	r5, sp
 80045d8:	2300      	movs	r3, #0
 80045da:	723b      	strb	r3, [r7, #8]
 80045dc:	2302      	movs	r3, #2
 80045de:	727b      	strb	r3, [r7, #9]
 80045e0:	b08a      	sub	sp, #40	@ 0x28
 80045e2:	466c      	mov	r4, sp
 80045e4:	f114 0210 	adds.w	r2, r4, #16
 80045e8:	d015      	beq.n	8004616 <uart_stm32_set_baudrate+0xf6>
 80045ea:	2012      	movs	r0, #18
 80045ec:	b11a      	cbz	r2, 80045f6 <uart_stm32_set_baudrate+0xd6>
 80045ee:	2804      	cmp	r0, #4
 80045f0:	dd01      	ble.n	80045f6 <uart_stm32_set_baudrate+0xd6>
 80045f2:	4b29      	ldr	r3, [pc, #164]	@ (8004698 <uart_stm32_set_baudrate+0x178>)
 80045f4:	6163      	str	r3, [r4, #20]
 80045f6:	2300      	movs	r3, #0
 80045f8:	713b      	strb	r3, [r7, #4]
 80045fa:	2302      	movs	r3, #2
 80045fc:	717b      	strb	r3, [r7, #5]
 80045fe:	b1ba      	cbz	r2, 8004630 <uart_stm32_set_baudrate+0x110>
 8004600:	4603      	mov	r3, r0
 8004602:	2808      	cmp	r0, #8
 8004604:	dd00      	ble.n	8004608 <uart_stm32_set_baudrate+0xe8>
 8004606:	61a1      	str	r1, [r4, #24]
 8004608:	2b0c      	cmp	r3, #12
 800460a:	dd00      	ble.n	800460e <uart_stm32_set_baudrate+0xee>
 800460c:	61e6      	str	r6, [r4, #28]
 800460e:	f104 0320 	add.w	r3, r4, #32
 8004612:	2100      	movs	r1, #0
 8004614:	e00a      	b.n	800462c <uart_stm32_set_baudrate+0x10c>
 8004616:	f06f 4000 	mvn.w	r0, #2147483648	@ 0x80000000
 800461a:	e7e7      	b.n	80045ec <uart_stm32_set_baudrate+0xcc>
 800461c:	f101 0610 	add.w	r6, r1, #16
 8004620:	443e      	add	r6, r7
 8004622:	f816 6c0c 	ldrb.w	r6, [r6, #-12]
 8004626:	f803 6b01 	strb.w	r6, [r3], #1
 800462a:	3101      	adds	r1, #1
 800462c:	2901      	cmp	r1, #1
 800462e:	d9f5      	bls.n	800461c <uart_stm32_set_baudrate+0xfc>
 8004630:	2811      	cmp	r0, #17
 8004632:	dd24      	ble.n	800467e <uart_stm32_set_baudrate+0x15e>
 8004634:	2312      	movs	r3, #18
 8004636:	b142      	cbz	r2, 800464a <uart_stm32_set_baudrate+0x12a>
 8004638:	2104      	movs	r1, #4
 800463a:	7239      	strb	r1, [r7, #8]
 800463c:	2100      	movs	r1, #0
 800463e:	7279      	strb	r1, [r7, #9]
 8004640:	72b9      	strb	r1, [r7, #10]
 8004642:	2101      	movs	r1, #1
 8004644:	72f9      	strb	r1, [r7, #11]
 8004646:	68b8      	ldr	r0, [r7, #8]
 8004648:	6120      	str	r0, [r4, #16]
 800464a:	2100      	movs	r1, #0
 800464c:	f021 0101 	bic.w	r1, r1, #1
 8004650:	f021 0102 	bic.w	r1, r1, #2
 8004654:	f021 0104 	bic.w	r1, r1, #4
 8004658:	f021 0138 	bic.w	r1, r1, #56	@ 0x38
 800465c:	2001      	movs	r0, #1
 800465e:	f360 1188 	bfi	r1, r0, #6, #3
 8004662:	f3c3 030a 	ubfx	r3, r3, #0, #11
 8004666:	f363 2153 	bfi	r1, r3, #9, #11
 800466a:	f3c1 0113 	ubfx	r1, r1, #0, #20
	z_impl_z_log_msg_static_create(source, desc, package, data);
 800466e:	2300      	movs	r3, #0
 8004670:	4808      	ldr	r0, [pc, #32]	@ (8004694 <uart_stm32_set_baudrate+0x174>)
 8004672:	f7fd f8f5 	bl	8001860 <z_impl_z_log_msg_static_create>
 8004676:	46ad      	mov	sp, r5
			return -EINVAL;
 8004678:	f06f 0415 	mvn.w	r4, #21
 800467c:	e79d      	b.n	80045ba <uart_stm32_set_baudrate+0x9a>
			LOG_ERR("Unable to set %s to %d", dev->name, baud_rate);
 800467e:	f06f 031b 	mvn.w	r3, #27
 8004682:	e7d8      	b.n	8004636 <uart_stm32_set_baudrate+0x116>
		return -EINVAL;
 8004684:	f06f 0415 	mvn.w	r4, #21
 8004688:	e797      	b.n	80045ba <uart_stm32_set_baudrate+0x9a>
 800468a:	bf00      	nop
 800468c:	51eb851f 	.word	0x51eb851f
 8004690:	0800a344 	.word	0x0800a344
 8004694:	08009654 	.word	0x08009654
 8004698:	0800a374 	.word	0x0800a374

0800469c <uart_stm32_configure>:
{
 800469c:	e92d 41f0 	stmdb	sp!, {r4, r5, r6, r7, r8, lr}
 80046a0:	460c      	mov	r4, r1
	const struct uart_stm32_config *config = dev->config;
 80046a2:	6843      	ldr	r3, [r0, #4]
	USART_TypeDef *usart = config->usart;
 80046a4:	681d      	ldr	r5, [r3, #0]
	struct uart_stm32_data *data = dev->data;
 80046a6:	6903      	ldr	r3, [r0, #16]
	struct uart_config *uart_cfg = data->uart_cfg;
 80046a8:	681e      	ldr	r6, [r3, #0]
	const uint32_t parity = uart_stm32_cfg2ll_parity(cfg->parity);
 80046aa:	790b      	ldrb	r3, [r1, #4]
	switch (parity) {
 80046ac:	2b01      	cmp	r3, #1
 80046ae:	d004      	beq.n	80046ba <uart_stm32_configure+0x1e>
 80046b0:	2b02      	cmp	r3, #2
 80046b2:	d10d      	bne.n	80046d0 <uart_stm32_configure+0x34>
		return LL_USART_PARITY_EVEN;
 80046b4:	f44f 6880 	mov.w	r8, #1024	@ 0x400
 80046b8:	e001      	b.n	80046be <uart_stm32_configure+0x22>
	switch (parity) {
 80046ba:	f44f 68c0 	mov.w	r8, #1536	@ 0x600
	const uint32_t stopbits = uart_stm32_cfg2ll_stopbits(config, cfg->stop_bits);
 80046be:	7962      	ldrb	r2, [r4, #5]
	switch (sb) {
 80046c0:	2a01      	cmp	r2, #1
 80046c2:	d008      	beq.n	80046d6 <uart_stm32_configure+0x3a>
 80046c4:	2a02      	cmp	r2, #2
 80046c6:	d008      	beq.n	80046da <uart_stm32_configure+0x3e>
 80046c8:	bb1a      	cbnz	r2, 8004712 <uart_stm32_configure+0x76>
 80046ca:	f44f 5780 	mov.w	r7, #4096	@ 0x1000
 80046ce:	e006      	b.n	80046de <uart_stm32_configure+0x42>
		return LL_USART_PARITY_NONE;
 80046d0:	f04f 0800 	mov.w	r8, #0
 80046d4:	e7f3      	b.n	80046be <uart_stm32_configure+0x22>
		return STM32_USART_STOP_BIT_1;
 80046d6:	2700      	movs	r7, #0
 80046d8:	e001      	b.n	80046de <uart_stm32_configure+0x42>
		return STM32_USART_STOP_BIT_1_5;
 80046da:	f44f 5740 	mov.w	r7, #12288	@ 0x3000
	const uint32_t databits = uart_stm32_cfg2ll_databits(cfg->data_bits,
 80046de:	f894 c006 	ldrb.w	ip, [r4, #6]
	switch (db) {
 80046e2:	f1bc 0f04 	cmp.w	ip, #4
 80046e6:	d017      	beq.n	8004718 <uart_stm32_configure+0x7c>
		if (p != UART_CFG_PARITY_NONE) {
 80046e8:	b9cb      	cbnz	r3, 800471e <uart_stm32_configure+0x82>
		return STM32_USART_DATAWIDTH_8_BIT;
 80046ea:	f04f 0e00 	mov.w	lr, #0
	if ((cfg->parity == UART_CFG_PARITY_MARK) ||
 80046ee:	1ed9      	subs	r1, r3, #3
 80046f0:	b2c9      	uxtb	r1, r1
 80046f2:	2901      	cmp	r1, #1
 80046f4:	d952      	bls.n	800479c <uart_stm32_configure+0x100>
	if ((cfg->parity != UART_CFG_PARITY_NONE) &&
 80046f6:	b113      	cbz	r3, 80046fe <uart_stm32_configure+0x62>
 80046f8:	f1bc 0f04 	cmp.w	ip, #4
 80046fc:	d051      	beq.n	80047a2 <uart_stm32_configure+0x106>
	switch (sb) {
 80046fe:	f5b7 5f80 	cmp.w	r7, #4096	@ 0x1000
 8004702:	d00f      	beq.n	8004724 <uart_stm32_configure+0x88>
 8004704:	f5b7 5f40 	cmp.w	r7, #12288	@ 0x3000
 8004708:	d00e      	beq.n	8004728 <uart_stm32_configure+0x8c>
 800470a:	2f00      	cmp	r7, #0
 800470c:	d13b      	bne.n	8004786 <uart_stm32_configure+0xea>
		return UART_CFG_STOP_BITS_1;
 800470e:	2301      	movs	r3, #1
 8004710:	e00b      	b.n	800472a <uart_stm32_configure+0x8e>
		return STM32_USART_STOP_BIT_2;
 8004712:	f44f 5700 	mov.w	r7, #8192	@ 0x2000
 8004716:	e7e2      	b.n	80046de <uart_stm32_configure+0x42>
		return STM32_USART_DATAWIDTH_9_BIT;
 8004718:	f44f 5e80 	mov.w	lr, #4096	@ 0x1000
 800471c:	e7e7      	b.n	80046ee <uart_stm32_configure+0x52>
			return STM32_USART_DATAWIDTH_9_BIT;
 800471e:	f44f 5e80 	mov.w	lr, #4096	@ 0x1000
 8004722:	e7e4      	b.n	80046ee <uart_stm32_configure+0x52>
	switch (sb) {
 8004724:	2300      	movs	r3, #0
 8004726:	e000      	b.n	800472a <uart_stm32_configure+0x8e>
		return UART_CFG_STOP_BITS_1_5;
 8004728:	2302      	movs	r3, #2
	if (uart_stm32_ll2cfg_stopbits(stopbits) != cfg->stop_bits) {
 800472a:	429a      	cmp	r2, r3
 800472c:	d13c      	bne.n	80047a8 <uart_stm32_configure+0x10c>
	switch (db) {
 800472e:	f1be 0f00 	cmp.w	lr, #0
 8004732:	d12a      	bne.n	800478a <uart_stm32_configure+0xee>
		if (p == LL_USART_PARITY_NONE) {
 8004734:	f1b8 0f00 	cmp.w	r8, #0
 8004738:	d12e      	bne.n	8004798 <uart_stm32_configure+0xfc>
			return UART_CFG_DATA_BITS_8;
 800473a:	2303      	movs	r3, #3
	if (uart_stm32_ll2cfg_databits(databits, parity) != cfg->data_bits) {
 800473c:	459c      	cmp	ip, r3
 800473e:	d136      	bne.n	80047ae <uart_stm32_configure+0x112>
	if (!(cfg->flow_ctrl == UART_CFG_FLOW_CTRL_NONE
 8004740:	79e3      	ldrb	r3, [r4, #7]
 8004742:	b163      	cbz	r3, 800475e <uart_stm32_configure+0xc2>
 8004744:	2b01      	cmp	r3, #1
 8004746:	d135      	bne.n	80047b4 <uart_stm32_configure+0x118>
		|| (cfg->flow_ctrl == UART_CFG_FLOW_CTRL_RTS_CTS &&
 8004748:	4b1f      	ldr	r3, [pc, #124]	@ (80047c8 <uart_stm32_configure+0x12c>)
 800474a:	429d      	cmp	r5, r3
 800474c:	d007      	beq.n	800475e <uart_stm32_configure+0xc2>
			IS_UART_HWFLOW_INSTANCE(usart))
 800474e:	f5a3 434c 	sub.w	r3, r3, #52224	@ 0xcc00
 8004752:	429d      	cmp	r5, r3
 8004754:	d003      	beq.n	800475e <uart_stm32_configure+0xc2>
 8004756:	f503 4350 	add.w	r3, r3, #53248	@ 0xd000
 800475a:	429d      	cmp	r5, r3
 800475c:	d12d      	bne.n	80047ba <uart_stm32_configure+0x11e>
  CLEAR_BIT(USARTx->CR1, USART_CR1_UE);
 800475e:	68eb      	ldr	r3, [r5, #12]
 8004760:	f423 5300 	bic.w	r3, r3, #8192	@ 0x2000
 8004764:	60eb      	str	r3, [r5, #12]
	if (uart_stm32_parameters_set(dev, cfg) < 0) {
 8004766:	4621      	mov	r1, r4
 8004768:	f004 f968 	bl	8008a3c <uart_stm32_parameters_set>
 800476c:	2800      	cmp	r0, #0
 800476e:	db27      	blt.n	80047c0 <uart_stm32_configure+0x124>
  SET_BIT(USARTx->CR1, USART_CR1_UE);
 8004770:	68eb      	ldr	r3, [r5, #12]
 8004772:	f443 5300 	orr.w	r3, r3, #8192	@ 0x2000
 8004776:	60eb      	str	r3, [r5, #12]
	*uart_cfg = *cfg;
 8004778:	e894 0003 	ldmia.w	r4, {r0, r1}
 800477c:	e886 0003 	stmia.w	r6, {r0, r1}
	return 0;
 8004780:	2000      	movs	r0, #0
};
 8004782:	e8bd 81f0 	ldmia.w	sp!, {r4, r5, r6, r7, r8, pc}
		return UART_CFG_STOP_BITS_2;
 8004786:	2303      	movs	r3, #3
 8004788:	e7cf      	b.n	800472a <uart_stm32_configure+0x8e>
		if (p == LL_USART_PARITY_NONE) {
 800478a:	f1b8 0f00 	cmp.w	r8, #0
 800478e:	d101      	bne.n	8004794 <uart_stm32_configure+0xf8>
			return UART_CFG_DATA_BITS_9;
 8004790:	2304      	movs	r3, #4
 8004792:	e7d3      	b.n	800473c <uart_stm32_configure+0xa0>
			return UART_CFG_DATA_BITS_8;
 8004794:	2303      	movs	r3, #3
 8004796:	e7d1      	b.n	800473c <uart_stm32_configure+0xa0>
			return UART_CFG_DATA_BITS_7;
 8004798:	2302      	movs	r3, #2
 800479a:	e7cf      	b.n	800473c <uart_stm32_configure+0xa0>
		return -ENOTSUP;
 800479c:	f06f 0085 	mvn.w	r0, #133	@ 0x85
 80047a0:	e7ef      	b.n	8004782 <uart_stm32_configure+0xe6>
		return -ENOTSUP;
 80047a2:	f06f 0085 	mvn.w	r0, #133	@ 0x85
 80047a6:	e7ec      	b.n	8004782 <uart_stm32_configure+0xe6>
		return -ENOTSUP;
 80047a8:	f06f 0085 	mvn.w	r0, #133	@ 0x85
 80047ac:	e7e9      	b.n	8004782 <uart_stm32_configure+0xe6>
		return -ENOTSUP;
 80047ae:	f06f 0085 	mvn.w	r0, #133	@ 0x85
 80047b2:	e7e6      	b.n	8004782 <uart_stm32_configure+0xe6>
		return -ENOTSUP;
 80047b4:	f06f 0085 	mvn.w	r0, #133	@ 0x85
 80047b8:	e7e3      	b.n	8004782 <uart_stm32_configure+0xe6>
 80047ba:	f06f 0085 	mvn.w	r0, #133	@ 0x85
 80047be:	e7e0      	b.n	8004782 <uart_stm32_configure+0xe6>
		return -ENOTSUP;
 80047c0:	f06f 0085 	mvn.w	r0, #133	@ 0x85
 80047c4:	e7dd      	b.n	8004782 <uart_stm32_configure+0xe6>
 80047c6:	bf00      	nop
 80047c8:	40011000 	.word	0x40011000

080047cc <uart_stm32_registers_configure>:

static int uart_stm32_registers_configure(const struct device *dev)
{
 80047cc:	b5f8      	push	{r3, r4, r5, r6, r7, lr}
 80047ce:	4605      	mov	r5, r0
	const struct uart_stm32_config *config = dev->config;
 80047d0:	6846      	ldr	r6, [r0, #4]
	USART_TypeDef *usart = config->usart;
 80047d2:	6834      	ldr	r4, [r6, #0]
	struct uart_stm32_data *data = dev->data;
 80047d4:	6903      	ldr	r3, [r0, #16]
	struct uart_config *uart_cfg = data->uart_cfg;
 80047d6:	681f      	ldr	r7, [r3, #0]
  CLEAR_BIT(USARTx->CR1, USART_CR1_UE);
 80047d8:	68e3      	ldr	r3, [r4, #12]
 80047da:	f423 5300 	bic.w	r3, r3, #8192	@ 0x2000
 80047de:	60e3      	str	r3, [r4, #12]

	LL_USART_Disable(usart);

	if (!device_is_ready(config->reset.dev)) {
 80047e0:	68b0      	ldr	r0, [r6, #8]
 80047e2:	f004 fa1b 	bl	8008c1c <z_impl_device_is_ready>
 80047e6:	b308      	cbz	r0, 800482c <uart_stm32_registers_configure+0x60>
 80047e8:	68f1      	ldr	r1, [r6, #12]
 80047ea:	68b0      	ldr	r0, [r6, #8]
 80047ec:	f003 ff77 	bl	80086de <reset_line_toggle>
  __ASM volatile ("ldrex %0, %1" : "=r" (result) : "Q" (*addr) );
 80047f0:	f104 030c 	add.w	r3, r4, #12
 80047f4:	e853 3f00 	ldrex	r3, [r3]
  ATOMIC_MODIFY_REG(USARTx->CR1, USART_CR1_RE | USART_CR1_TE, TransferDirection);
 80047f8:	f043 030c 	orr.w	r3, r3, #12
  __ASM volatile ("strex %0, %2, %1" : "=&r" (result), "=Q" (*addr) : "r" (value) );
 80047fc:	f104 010c 	add.w	r1, r4, #12
 8004800:	e841 3200 	strex	r2, r3, [r1]
 8004804:	2a00      	cmp	r2, #0
 8004806:	d1f3      	bne.n	80047f0 <uart_stm32_registers_configure+0x24>

	/* TX/RX direction */
	LL_USART_SetTransferDirection(usart, LL_USART_DIRECTION_TX_RX);

	/* Set basic parameters, such as data-/stop-bit, parity, and baudrate */
	if (uart_stm32_parameters_set(dev, uart_cfg) < 0) {
 8004808:	4639      	mov	r1, r7
 800480a:	4628      	mov	r0, r5
 800480c:	f004 f916 	bl	8008a3c <uart_stm32_parameters_set>
 8004810:	2800      	cmp	r0, #0
 8004812:	db13      	blt.n	800483c <uart_stm32_registers_configure+0x70>
		return -EINVAL;
	}

	/* Enable the single wire / half-duplex mode */
	if (config->single_wire) {
 8004814:	7e33      	ldrb	r3, [r6, #24]
 8004816:	b11b      	cbz	r3, 8004820 <uart_stm32_registers_configure+0x54>
  SET_BIT(USARTx->CR3, USART_CR3_HDSEL);
 8004818:	6963      	ldr	r3, [r4, #20]
 800481a:	f043 0308 	orr.w	r3, r3, #8
 800481e:	6163      	str	r3, [r4, #20]
  SET_BIT(USARTx->CR1, USART_CR1_UE);
 8004820:	68e3      	ldr	r3, [r4, #12]
 8004822:	f443 5300 	orr.w	r3, r3, #8192	@ 0x2000
 8004826:	60e3      	str	r3, [r4, #12]
	/* Wait until REACK flag is set */
	while (!(LL_USART_IsActiveFlag_REACK(usart))) {
	}
#endif /* USART_ISR_REACK */

	return 0;
 8004828:	2000      	movs	r0, #0
}
 800482a:	bdf8      	pop	{r3, r4, r5, r6, r7, pc}
	z_impl_z_log_msg_simple_create_0(source, level, fmt);
 800482c:	4a05      	ldr	r2, [pc, #20]	@ (8004844 <uart_stm32_registers_configure+0x78>)
 800482e:	2101      	movs	r1, #1
 8004830:	4805      	ldr	r0, [pc, #20]	@ (8004848 <uart_stm32_registers_configure+0x7c>)
 8004832:	f003 f80e 	bl	8007852 <z_impl_z_log_msg_simple_create_0>
		return -ENODEV;
 8004836:	f06f 0012 	mvn.w	r0, #18
 800483a:	e7f6      	b.n	800482a <uart_stm32_registers_configure+0x5e>
		return -EINVAL;
 800483c:	f06f 0015 	mvn.w	r0, #21
 8004840:	e7f3      	b.n	800482a <uart_stm32_registers_configure+0x5e>
 8004842:	bf00      	nop
 8004844:	0800a38c 	.word	0x0800a38c
 8004848:	08009654 	.word	0x08009654

0800484c <elapsed>:
 *     - and until the current call of the function is completed.
 * - the function is invoked with interrupts disabled.
 */
static uint32_t elapsed(void)
{
	uint32_t val1 = SysTick->VAL;	/* A */
 800484c:	f04f 23e0 	mov.w	r3, #3758153728	@ 0xe000e000
 8004850:	6999      	ldr	r1, [r3, #24]
	uint32_t ctrl = SysTick->CTRL;	/* B */
 8004852:	6918      	ldr	r0, [r3, #16]
	uint32_t val2 = SysTick->VAL;	/* C */
 8004854:	699a      	ldr	r2, [r3, #24]
	 * 4) After C we'll see it next time
	 *
	 * So the count in val2 is post-wrap and last_load needs to be
	 * added if and only if COUNTFLAG is set or val1 < val2.
	 */
	if (val1 == 0) {
 8004856:	b909      	cbnz	r1, 800485c <elapsed+0x10>
		val1 = last_load;
 8004858:	4b0c      	ldr	r3, [pc, #48]	@ (800488c <elapsed+0x40>)
 800485a:	6819      	ldr	r1, [r3, #0]
	}
	if (val2 == 0) {
 800485c:	b90a      	cbnz	r2, 8004862 <elapsed+0x16>
		val2 = last_load;
 800485e:	4b0b      	ldr	r3, [pc, #44]	@ (800488c <elapsed+0x40>)
 8004860:	681a      	ldr	r2, [r3, #0]
	}

	if ((ctrl & SysTick_CTRL_COUNTFLAG_Msk)
 8004862:	f410 3f80 	tst.w	r0, #65536	@ 0x10000
 8004866:	d101      	bne.n	800486c <elapsed+0x20>
	    || (val1 < val2)) {
 8004868:	4291      	cmp	r1, r2
 800486a:	d208      	bcs.n	800487e <elapsed+0x32>
		overflow_cyc += last_load;
 800486c:	4908      	ldr	r1, [pc, #32]	@ (8004890 <elapsed+0x44>)
 800486e:	680b      	ldr	r3, [r1, #0]
 8004870:	4806      	ldr	r0, [pc, #24]	@ (800488c <elapsed+0x40>)
 8004872:	6800      	ldr	r0, [r0, #0]
 8004874:	4403      	add	r3, r0
 8004876:	600b      	str	r3, [r1, #0]

		/* We know there was a wrap, but we might not have
		 * seen it in CTRL, so clear it. */
		(void)SysTick->CTRL;
 8004878:	f04f 23e0 	mov.w	r3, #3758153728	@ 0xe000e000
 800487c:	691b      	ldr	r3, [r3, #16]
	}

	return (last_load - val2) + overflow_cyc;
 800487e:	4b03      	ldr	r3, [pc, #12]	@ (800488c <elapsed+0x40>)
 8004880:	681b      	ldr	r3, [r3, #0]
 8004882:	1a9b      	subs	r3, r3, r2
 8004884:	4a02      	ldr	r2, [pc, #8]	@ (8004890 <elapsed+0x44>)
 8004886:	6810      	ldr	r0, [r2, #0]
}
 8004888:	4418      	add	r0, r3
 800488a:	4770      	bx	lr
 800488c:	20000a3c 	.word	0x20000a3c
 8004890:	20000a38 	.word	0x20000a38

08004894 <sys_clock_driver_init>:
    SCB->SHPR[(((uint32_t)IRQn) & 0xFUL)-4UL] = (uint8_t)((priority << (8U - __NVIC_PRIO_BITS)) & (uint32_t)0xFFUL);
 8004894:	4b09      	ldr	r3, [pc, #36]	@ (80048bc <sys_clock_driver_init+0x28>)
 8004896:	2210      	movs	r2, #16
 8004898:	f883 2023 	strb.w	r2, [r3, #35]	@ 0x23

static int sys_clock_driver_init(void)
{

	NVIC_SetPriority(SysTick_IRQn, _IRQ_PRIO_OFFSET);
	last_load = CYC_PER_TICK;
 800489c:	4b08      	ldr	r3, [pc, #32]	@ (80048c0 <sys_clock_driver_init+0x2c>)
 800489e:	f242 02d0 	movw	r2, #8400	@ 0x20d0
 80048a2:	601a      	str	r2, [r3, #0]
	overflow_cyc = 0U;
 80048a4:	2000      	movs	r0, #0
 80048a6:	4b07      	ldr	r3, [pc, #28]	@ (80048c4 <sys_clock_driver_init+0x30>)
 80048a8:	6018      	str	r0, [r3, #0]
	SysTick->LOAD = last_load - 1;
 80048aa:	f04f 23e0 	mov.w	r3, #3758153728	@ 0xe000e000
 80048ae:	f242 02cf 	movw	r2, #8399	@ 0x20cf
 80048b2:	615a      	str	r2, [r3, #20]
	SysTick->VAL = 0; /* resets timer to last_load */
 80048b4:	6198      	str	r0, [r3, #24]

	uint32_t ctrl_flags = SysTick_CTRL_ENABLE_Msk |
			      SysTick_CTRL_TICKINT_Msk |
			      SYSTICK_CTRL_CLKSOURCE_MSK_GET();

	SysTick->CTRL = ctrl_flags;
 80048b6:	2207      	movs	r2, #7
 80048b8:	611a      	str	r2, [r3, #16]

	return 0;
}
 80048ba:	4770      	bx	lr
 80048bc:	e000ed00 	.word	0xe000ed00
 80048c0:	20000a3c 	.word	0x20000a3c
 80048c4:	20000a38 	.word	0x20000a38

080048c8 <sys_clock_isr>:
{
 80048c8:	4668      	mov	r0, sp
 80048ca:	f020 0107 	bic.w	r1, r0, #7
 80048ce:	468d      	mov	sp, r1
 80048d0:	b519      	push	{r0, r3, r4, lr}
	elapsed();
 80048d2:	f7ff ffbb 	bl	800484c <elapsed>
	cycle_count += overflow_cyc;
 80048d6:	4812      	ldr	r0, [pc, #72]	@ (8004920 <sys_clock_isr+0x58>)
 80048d8:	6803      	ldr	r3, [r0, #0]
 80048da:	4a12      	ldr	r2, [pc, #72]	@ (8004924 <sys_clock_isr+0x5c>)
 80048dc:	6851      	ldr	r1, [r2, #4]
 80048de:	6814      	ldr	r4, [r2, #0]
 80048e0:	191b      	adds	r3, r3, r4
 80048e2:	f141 0100 	adc.w	r1, r1, #0
 80048e6:	6013      	str	r3, [r2, #0]
 80048e8:	6051      	str	r1, [r2, #4]
	overflow_cyc = 0;
 80048ea:	2200      	movs	r2, #0
 80048ec:	6002      	str	r2, [r0, #0]
		dcycles = cycle_count - announced_cycles;
 80048ee:	490e      	ldr	r1, [pc, #56]	@ (8004928 <sys_clock_isr+0x60>)
 80048f0:	680a      	ldr	r2, [r1, #0]
 80048f2:	1a98      	subs	r0, r3, r2
		dticks = dcycles / CYC_PER_TICK;
 80048f4:	4b0d      	ldr	r3, [pc, #52]	@ (800492c <sys_clock_isr+0x64>)
 80048f6:	fba3 3000 	umull	r3, r0, r3, r0
 80048fa:	0b40      	lsrs	r0, r0, #13
		announced_cycles += dticks * CYC_PER_TICK;
 80048fc:	f242 03d0 	movw	r3, #8400	@ 0x20d0
 8004900:	fb00 f303 	mul.w	r3, r0, r3
 8004904:	18d2      	adds	r2, r2, r3
 8004906:	684b      	ldr	r3, [r1, #4]
 8004908:	f143 0300 	adc.w	r3, r3, #0
 800490c:	600a      	str	r2, [r1, #0]
 800490e:	604b      	str	r3, [r1, #4]
		sys_clock_announce(dticks);
 8004910:	f004 f960 	bl	8008bd4 <sys_clock_announce>
	z_arm_int_exit();
 8004914:	f7fd ffec 	bl	80028f0 <z_arm_exc_exit>
}
 8004918:	e8bd 4019 	ldmia.w	sp!, {r0, r3, r4, lr}
 800491c:	4685      	mov	sp, r0
 800491e:	4770      	bx	lr
 8004920:	20000a38 	.word	0x20000a38
 8004924:	20000690 	.word	0x20000690
 8004928:	20000688 	.word	0x20000688
 800492c:	f9a9342d 	.word	0xf9a9342d

08004930 <sys_clock_set_timeout>:
{
 8004930:	b5f8      	push	{r3, r4, r5, r6, r7, lr}
	if (IS_ENABLED(CONFIG_TICKLESS_KERNEL) && idle && ticks == K_TICKS_FOREVER) {
 8004932:	2900      	cmp	r1, #0
 8004934:	d04d      	beq.n	80049d2 <sys_clock_set_timeout+0xa2>
 8004936:	f1b0 3fff 	cmp.w	r0, #4294967295
 800493a:	d03f      	beq.n	80049bc <sys_clock_set_timeout+0x8c>
	uint32_t last_load_ = last_load;
 800493c:	4b3f      	ldr	r3, [pc, #252]	@ (8004a3c <sys_clock_set_timeout+0x10c>)
 800493e:	681c      	ldr	r4, [r3, #0]
	ticks = CLAMP(ticks - 1, 0, (int32_t)MAX_TICKS);
 8004940:	2801      	cmp	r0, #1
 8004942:	dd4e      	ble.n	80049e2 <sys_clock_set_timeout+0xb2>
 8004944:	f240 73cd 	movw	r3, #1997	@ 0x7cd
 8004948:	4298      	cmp	r0, r3
 800494a:	bfa8      	it	ge
 800494c:	4618      	movge	r0, r3
 800494e:	1e46      	subs	r6, r0, #1
  __ASM volatile ("MRS %0, basepri" : "=r" (result) );
 8004950:	f3ef 8511 	mrs	r5, BASEPRI
  __ASM volatile ("MSR basepri_max, %0" : : "r" (basePri) : "memory");
 8004954:	2310      	movs	r3, #16
 8004956:	f383 8812 	msr	BASEPRI_MAX, r3
  __ASM volatile ("isb 0xF":::"memory");
 800495a:	f3bf 8f6f 	isb	sy
	uint32_t pending = elapsed();
 800495e:	f7ff ff75 	bl	800484c <elapsed>
	val1 = SysTick->VAL;
 8004962:	f04f 23e0 	mov.w	r3, #3758153728	@ 0xe000e000
 8004966:	699f      	ldr	r7, [r3, #24]
	cycle_count += pending;
 8004968:	4a35      	ldr	r2, [pc, #212]	@ (8004a40 <sys_clock_set_timeout+0x110>)
 800496a:	6813      	ldr	r3, [r2, #0]
 800496c:	6851      	ldr	r1, [r2, #4]
 800496e:	18c3      	adds	r3, r0, r3
 8004970:	f141 0100 	adc.w	r1, r1, #0
 8004974:	6013      	str	r3, [r2, #0]
 8004976:	6051      	str	r1, [r2, #4]
	overflow_cyc = 0U;
 8004978:	2100      	movs	r1, #0
 800497a:	4a32      	ldr	r2, [pc, #200]	@ (8004a44 <sys_clock_set_timeout+0x114>)
 800497c:	6011      	str	r1, [r2, #0]
	uint32_t unannounced = cycle_count - announced_cycles;
 800497e:	4a32      	ldr	r2, [pc, #200]	@ (8004a48 <sys_clock_set_timeout+0x118>)
 8004980:	6811      	ldr	r1, [r2, #0]
	if ((int32_t)unannounced < 0) {
 8004982:	1a5a      	subs	r2, r3, r1
 8004984:	d42f      	bmi.n	80049e6 <sys_clock_set_timeout+0xb6>
		delay = ticks * CYC_PER_TICK;
 8004986:	f242 00d0 	movw	r0, #8400	@ 0x20d0
		delay += unannounced;
 800498a:	fb00 2206 	mla	r2, r0, r6, r2
		delay = DIV_ROUND_UP(delay, CYC_PER_TICK) * CYC_PER_TICK;
 800498e:	f502 5203 	add.w	r2, r2, #8384	@ 0x20c0
 8004992:	320f      	adds	r2, #15
 8004994:	4e2d      	ldr	r6, [pc, #180]	@ (8004a4c <sys_clock_set_timeout+0x11c>)
 8004996:	fba6 6202 	umull	r6, r2, r6, r2
 800499a:	0b52      	lsrs	r2, r2, #13
		delay -= unannounced;
 800499c:	1ac9      	subs	r1, r1, r3
 800499e:	fb00 1102 	mla	r1, r0, r2, r1
		delay = MAX(delay, MIN_DELAY);
 80049a2:	460a      	mov	r2, r1
 80049a4:	f5b1 6f80 	cmp.w	r1, #1024	@ 0x400
 80049a8:	bf38      	it	cc
 80049aa:	f44f 6280 	movcc.w	r2, #1024	@ 0x400
		if (delay > MAX_CYCLES) {
 80049ae:	4b28      	ldr	r3, [pc, #160]	@ (8004a50 <sys_clock_set_timeout+0x120>)
 80049b0:	4299      	cmp	r1, r3
 80049b2:	d936      	bls.n	8004a22 <sys_clock_set_timeout+0xf2>
			last_load = MAX_CYCLES;
 80049b4:	4b21      	ldr	r3, [pc, #132]	@ (8004a3c <sys_clock_set_timeout+0x10c>)
 80049b6:	4a26      	ldr	r2, [pc, #152]	@ (8004a50 <sys_clock_set_timeout+0x120>)
 80049b8:	601a      	str	r2, [r3, #0]
 80049ba:	e018      	b.n	80049ee <sys_clock_set_timeout+0xbe>
		SysTick->CTRL &= ~SysTick_CTRL_ENABLE_Msk;
 80049bc:	f04f 22e0 	mov.w	r2, #3758153728	@ 0xe000e000
 80049c0:	6913      	ldr	r3, [r2, #16]
 80049c2:	f023 0301 	bic.w	r3, r3, #1
 80049c6:	6113      	str	r3, [r2, #16]
		last_load = TIMER_STOPPED;
 80049c8:	4b1c      	ldr	r3, [pc, #112]	@ (8004a3c <sys_clock_set_timeout+0x10c>)
 80049ca:	f04f 427f 	mov.w	r2, #4278190080	@ 0xff000000
 80049ce:	601a      	str	r2, [r3, #0]
		return;
 80049d0:	e026      	b.n	8004a20 <sys_clock_set_timeout+0xf0>
	uint32_t last_load_ = last_load;
 80049d2:	4b1a      	ldr	r3, [pc, #104]	@ (8004a3c <sys_clock_set_timeout+0x10c>)
 80049d4:	681c      	ldr	r4, [r3, #0]
	ticks = (ticks == K_TICKS_FOREVER) ? MAX_TICKS : ticks;
 80049d6:	f1b0 3fff 	cmp.w	r0, #4294967295
 80049da:	d1b1      	bne.n	8004940 <sys_clock_set_timeout+0x10>
 80049dc:	f240 70cc 	movw	r0, #1996	@ 0x7cc
 80049e0:	e7b0      	b.n	8004944 <sys_clock_set_timeout+0x14>
	ticks = CLAMP(ticks - 1, 0, (int32_t)MAX_TICKS);
 80049e2:	2600      	movs	r6, #0
 80049e4:	e7b4      	b.n	8004950 <sys_clock_set_timeout+0x20>
		last_load = MIN_DELAY;
 80049e6:	4b15      	ldr	r3, [pc, #84]	@ (8004a3c <sys_clock_set_timeout+0x10c>)
 80049e8:	f44f 6280 	mov.w	r2, #1024	@ 0x400
 80049ec:	601a      	str	r2, [r3, #0]
	val2 = SysTick->VAL;
 80049ee:	f04f 23e0 	mov.w	r3, #3758153728	@ 0xe000e000
 80049f2:	6999      	ldr	r1, [r3, #24]
	SysTick->LOAD = last_load - 1;
 80049f4:	4a11      	ldr	r2, [pc, #68]	@ (8004a3c <sys_clock_set_timeout+0x10c>)
 80049f6:	6812      	ldr	r2, [r2, #0]
 80049f8:	3a01      	subs	r2, #1
 80049fa:	615a      	str	r2, [r3, #20]
	SysTick->VAL = 0; /* resets timer to last_load */
 80049fc:	2200      	movs	r2, #0
 80049fe:	619a      	str	r2, [r3, #24]
	if (val1 < val2) {
 8004a00:	428f      	cmp	r7, r1
 8004a02:	d211      	bcs.n	8004a28 <sys_clock_set_timeout+0xf8>
		cycle_count += (val1 + (last_load_ - val2));
 8004a04:	1a64      	subs	r4, r4, r1
 8004a06:	443c      	add	r4, r7
 8004a08:	4a0d      	ldr	r2, [pc, #52]	@ (8004a40 <sys_clock_set_timeout+0x110>)
 8004a0a:	6813      	ldr	r3, [r2, #0]
 8004a0c:	6851      	ldr	r1, [r2, #4]
 8004a0e:	191b      	adds	r3, r3, r4
 8004a10:	f141 0100 	adc.w	r1, r1, #0
 8004a14:	6013      	str	r3, [r2, #0]
 8004a16:	6051      	str	r1, [r2, #4]
  __ASM volatile ("MSR basepri, %0" : : "r" (basePri) : "memory");
 8004a18:	f385 8811 	msr	BASEPRI, r5
 8004a1c:	f3bf 8f6f 	isb	sy
}
 8004a20:	bdf8      	pop	{r3, r4, r5, r6, r7, pc}
			last_load = delay;
 8004a22:	4b06      	ldr	r3, [pc, #24]	@ (8004a3c <sys_clock_set_timeout+0x10c>)
 8004a24:	601a      	str	r2, [r3, #0]
 8004a26:	e7e2      	b.n	80049ee <sys_clock_set_timeout+0xbe>
		cycle_count += (val1 - val2);
 8004a28:	1a7f      	subs	r7, r7, r1
 8004a2a:	4a05      	ldr	r2, [pc, #20]	@ (8004a40 <sys_clock_set_timeout+0x110>)
 8004a2c:	6813      	ldr	r3, [r2, #0]
 8004a2e:	6851      	ldr	r1, [r2, #4]
 8004a30:	19db      	adds	r3, r3, r7
 8004a32:	f141 0100 	adc.w	r1, r1, #0
 8004a36:	6013      	str	r3, [r2, #0]
 8004a38:	6051      	str	r1, [r2, #4]
 8004a3a:	e7ed      	b.n	8004a18 <sys_clock_set_timeout+0xe8>
 8004a3c:	20000a3c 	.word	0x20000a3c
 8004a40:	20000690 	.word	0x20000690
 8004a44:	20000a38 	.word	0x20000a38
 8004a48:	20000688 	.word	0x20000688
 8004a4c:	f9a9342d 	.word	0xf9a9342d
 8004a50:	00ffd5c0 	.word	0x00ffd5c0

08004a54 <sys_clock_elapsed>:
{
 8004a54:	b538      	push	{r3, r4, r5, lr}
  __ASM volatile ("MRS %0, basepri" : "=r" (result) );
 8004a56:	f3ef 8511 	mrs	r5, BASEPRI
  __ASM volatile ("MSR basepri_max, %0" : : "r" (basePri) : "memory");
 8004a5a:	2310      	movs	r3, #16
 8004a5c:	f383 8812 	msr	BASEPRI_MAX, r3
 8004a60:	f3bf 8f6f 	isb	sy
	uint32_t unannounced = cycle_count - announced_cycles;
 8004a64:	4b08      	ldr	r3, [pc, #32]	@ (8004a88 <sys_clock_elapsed+0x34>)
 8004a66:	681c      	ldr	r4, [r3, #0]
 8004a68:	4b08      	ldr	r3, [pc, #32]	@ (8004a8c <sys_clock_elapsed+0x38>)
 8004a6a:	681b      	ldr	r3, [r3, #0]
 8004a6c:	1ae4      	subs	r4, r4, r3
	uint32_t cyc = elapsed() + unannounced;
 8004a6e:	f7ff feed 	bl	800484c <elapsed>
 8004a72:	4420      	add	r0, r4
  __ASM volatile ("MSR basepri, %0" : : "r" (basePri) : "memory");
 8004a74:	f385 8811 	msr	BASEPRI, r5
 8004a78:	f3bf 8f6f 	isb	sy
	return cyc / CYC_PER_TICK;
 8004a7c:	4b04      	ldr	r3, [pc, #16]	@ (8004a90 <sys_clock_elapsed+0x3c>)
 8004a7e:	fba3 3000 	umull	r3, r0, r3, r0
}
 8004a82:	0b40      	lsrs	r0, r0, #13
 8004a84:	bd38      	pop	{r3, r4, r5, pc}
 8004a86:	bf00      	nop
 8004a88:	20000690 	.word	0x20000690
 8004a8c:	20000688 	.word	0x20000688
 8004a90:	f9a9342d 	.word	0xf9a9342d

08004a94 <sys_clock_cycle_get_32>:
{
 8004a94:	b538      	push	{r3, r4, r5, lr}
  __ASM volatile ("MRS %0, basepri" : "=r" (result) );
 8004a96:	f3ef 8511 	mrs	r5, BASEPRI
  __ASM volatile ("MSR basepri_max, %0" : : "r" (basePri) : "memory");
 8004a9a:	2310      	movs	r3, #16
 8004a9c:	f383 8812 	msr	BASEPRI_MAX, r3
 8004aa0:	f3bf 8f6f 	isb	sy
	uint32_t ret = cycle_count;
 8004aa4:	4b04      	ldr	r3, [pc, #16]	@ (8004ab8 <sys_clock_cycle_get_32+0x24>)
 8004aa6:	681c      	ldr	r4, [r3, #0]
	ret += elapsed();
 8004aa8:	f7ff fed0 	bl	800484c <elapsed>
 8004aac:	4420      	add	r0, r4
  __ASM volatile ("MSR basepri, %0" : : "r" (basePri) : "memory");
 8004aae:	f385 8811 	msr	BASEPRI, r5
 8004ab2:	f3bf 8f6f 	isb	sy
}
 8004ab6:	bd38      	pop	{r3, r4, r5, pc}
 8004ab8:	20000690 	.word	0x20000690

08004abc <HAL_RCC_GetSysClockFreq>:
  *
  *
  * @retval SYSCLK frequency
  */
__weak uint32_t HAL_RCC_GetSysClockFreq(void)
{
 8004abc:	b508      	push	{r3, lr}
  uint32_t pllvco = 0U;
  uint32_t pllp = 0U;
  uint32_t sysclockfreq = 0U;

  /* Get SYSCLK source -------------------------------------------------------*/
  switch (RCC->CFGR & RCC_CFGR_SWS)
 8004abe:	4b33      	ldr	r3, [pc, #204]	@ (8004b8c <HAL_RCC_GetSysClockFreq+0xd0>)
 8004ac0:	689b      	ldr	r3, [r3, #8]
 8004ac2:	f003 030c 	and.w	r3, r3, #12
 8004ac6:	2b04      	cmp	r3, #4
 8004ac8:	d05b      	beq.n	8004b82 <HAL_RCC_GetSysClockFreq+0xc6>
 8004aca:	2b08      	cmp	r3, #8
 8004acc:	d15b      	bne.n	8004b86 <HAL_RCC_GetSysClockFreq+0xca>
    }
    case RCC_CFGR_SWS_PLL:  /* PLL used as system clock  source */
    {
      /* PLL_VCO = (HSE_VALUE or HSI_VALUE / PLLM) * PLLN
      SYSCLK = PLL_VCO / PLLP */
      pllm = RCC->PLLCFGR & RCC_PLLCFGR_PLLM;
 8004ace:	4b2f      	ldr	r3, [pc, #188]	@ (8004b8c <HAL_RCC_GetSysClockFreq+0xd0>)
 8004ad0:	685a      	ldr	r2, [r3, #4]
 8004ad2:	f002 023f 	and.w	r2, r2, #63	@ 0x3f
      if (__HAL_RCC_GET_PLL_OSCSOURCE() != RCC_PLLSOURCE_HSI)
 8004ad6:	685b      	ldr	r3, [r3, #4]
 8004ad8:	f413 0f80 	tst.w	r3, #4194304	@ 0x400000
 8004adc:	d02c      	beq.n	8004b38 <HAL_RCC_GetSysClockFreq+0x7c>
      {
        /* HSE used as PLL clock source */
        pllvco = (uint32_t)((((uint64_t) HSE_VALUE * ((uint64_t)((RCC->PLLCFGR & RCC_PLLCFGR_PLLN) >> RCC_PLLCFGR_PLLN_Pos)))) / (uint64_t)pllm);
 8004ade:	4b2b      	ldr	r3, [pc, #172]	@ (8004b8c <HAL_RCC_GetSysClockFreq+0xd0>)
 8004ae0:	6858      	ldr	r0, [r3, #4]
 8004ae2:	f3c0 1088 	ubfx	r0, r0, #6, #9
 8004ae6:	ea4f 1c40 	mov.w	ip, r0, lsl #5
 8004aea:	ebbc 0c00 	subs.w	ip, ip, r0
 8004aee:	eb6e 0e0e 	sbc.w	lr, lr, lr
 8004af2:	ea4f 138e 	mov.w	r3, lr, lsl #6
 8004af6:	ea43 639c 	orr.w	r3, r3, ip, lsr #26
 8004afa:	ea4f 118c 	mov.w	r1, ip, lsl #6
 8004afe:	ebb1 010c 	subs.w	r1, r1, ip
 8004b02:	eb63 030e 	sbc.w	r3, r3, lr
 8004b06:	00db      	lsls	r3, r3, #3
 8004b08:	ea43 7351 	orr.w	r3, r3, r1, lsr #29
 8004b0c:	00c9      	lsls	r1, r1, #3
 8004b0e:	eb11 0c00 	adds.w	ip, r1, r0
 8004b12:	f143 0300 	adc.w	r3, r3, #0
 8004b16:	0259      	lsls	r1, r3, #9
 8004b18:	2300      	movs	r3, #0
 8004b1a:	ea4f 204c 	mov.w	r0, ip, lsl #9
 8004b1e:	ea41 51dc 	orr.w	r1, r1, ip, lsr #23
 8004b22:	f7fb fc33 	bl	800038c <__aeabi_uldivmod>
      else
      {
        /* HSI used as PLL clock source */
        pllvco = (uint32_t)((((uint64_t) HSI_VALUE * ((uint64_t)((RCC->PLLCFGR & RCC_PLLCFGR_PLLN) >> RCC_PLLCFGR_PLLN_Pos)))) / (uint64_t)pllm);
      }
      pllp = ((((RCC->PLLCFGR & RCC_PLLCFGR_PLLP) >> RCC_PLLCFGR_PLLP_Pos) + 1U) * 2U);
 8004b26:	4b19      	ldr	r3, [pc, #100]	@ (8004b8c <HAL_RCC_GetSysClockFreq+0xd0>)
 8004b28:	685b      	ldr	r3, [r3, #4]
 8004b2a:	f3c3 4301 	ubfx	r3, r3, #16, #2
 8004b2e:	3301      	adds	r3, #1
 8004b30:	005b      	lsls	r3, r3, #1

      sysclockfreq = pllvco / pllp;
 8004b32:	fbb0 f0f3 	udiv	r0, r0, r3
      sysclockfreq = HSI_VALUE;
      break;
    }
  }
  return sysclockfreq;
}
 8004b36:	bd08      	pop	{r3, pc}
        pllvco = (uint32_t)((((uint64_t) HSI_VALUE * ((uint64_t)((RCC->PLLCFGR & RCC_PLLCFGR_PLLN) >> RCC_PLLCFGR_PLLN_Pos)))) / (uint64_t)pllm);
 8004b38:	4b14      	ldr	r3, [pc, #80]	@ (8004b8c <HAL_RCC_GetSysClockFreq+0xd0>)
 8004b3a:	6858      	ldr	r0, [r3, #4]
 8004b3c:	f3c0 1088 	ubfx	r0, r0, #6, #9
 8004b40:	ea4f 1c40 	mov.w	ip, r0, lsl #5
 8004b44:	ebbc 0c00 	subs.w	ip, ip, r0
 8004b48:	eb6e 0e0e 	sbc.w	lr, lr, lr
 8004b4c:	ea4f 138e 	mov.w	r3, lr, lsl #6
 8004b50:	ea43 639c 	orr.w	r3, r3, ip, lsr #26
 8004b54:	ea4f 118c 	mov.w	r1, ip, lsl #6
 8004b58:	ebb1 010c 	subs.w	r1, r1, ip
 8004b5c:	eb63 030e 	sbc.w	r3, r3, lr
 8004b60:	00db      	lsls	r3, r3, #3
 8004b62:	ea43 7351 	orr.w	r3, r3, r1, lsr #29
 8004b66:	00c9      	lsls	r1, r1, #3
 8004b68:	eb11 0c00 	adds.w	ip, r1, r0
 8004b6c:	f143 0300 	adc.w	r3, r3, #0
 8004b70:	0299      	lsls	r1, r3, #10
 8004b72:	2300      	movs	r3, #0
 8004b74:	ea4f 208c 	mov.w	r0, ip, lsl #10
 8004b78:	ea41 519c 	orr.w	r1, r1, ip, lsr #22
 8004b7c:	f7fb fc06 	bl	800038c <__aeabi_uldivmod>
 8004b80:	e7d1      	b.n	8004b26 <HAL_RCC_GetSysClockFreq+0x6a>
      sysclockfreq = HSE_VALUE;
 8004b82:	4803      	ldr	r0, [pc, #12]	@ (8004b90 <HAL_RCC_GetSysClockFreq+0xd4>)
 8004b84:	e7d7      	b.n	8004b36 <HAL_RCC_GetSysClockFreq+0x7a>
  switch (RCC->CFGR & RCC_CFGR_SWS)
 8004b86:	4803      	ldr	r0, [pc, #12]	@ (8004b94 <HAL_RCC_GetSysClockFreq+0xd8>)
  return sysclockfreq;
 8004b88:	e7d5      	b.n	8004b36 <HAL_RCC_GetSysClockFreq+0x7a>
 8004b8a:	bf00      	nop
 8004b8c:	40023800 	.word	0x40023800
 8004b90:	007a1200 	.word	0x007a1200
 8004b94:	00f42400 	.word	0x00f42400

08004b98 <LL_SetFlashLatency>:
  uint32_t latency = LL_FLASH_LATENCY_0;  /* default value 0WS */
  ErrorStatus status = SUCCESS;


  /* Frequency cannot be equal to 0 */
  if(HCLK_Frequency == 0U)
 8004b98:	4602      	mov	r2, r0
 8004b9a:	2800      	cmp	r0, #0
 8004b9c:	d03c      	beq.n	8004c18 <LL_SetFlashLatency+0x80>
  return (uint32_t)(READ_BIT(PWR->CR, PWR_CR_VOS));
 8004b9e:	4b20      	ldr	r3, [pc, #128]	@ (8004c20 <LL_SetFlashLatency+0x88>)
 8004ba0:	6819      	ldr	r1, [r3, #0]
 8004ba2:	681b      	ldr	r3, [r3, #0]
 8004ba4:	f403 4340 	and.w	r3, r3, #49152	@ 0xc000
          latency = LL_FLASH_LATENCY_1;
        }
      }
#endif /* UTILS_SCALE1_LATENCY2_FREQ */
    }
    if(LL_PWR_GetRegulVoltageScaling() == LL_PWR_REGU_VOLTAGE_SCALE2)
 8004ba8:	f5b3 4f00 	cmp.w	r3, #32768	@ 0x8000
 8004bac:	d01b      	beq.n	8004be6 <LL_SetFlashLatency+0x4e>
  uint32_t latency = LL_FLASH_LATENCY_0;  /* default value 0WS */
 8004bae:	2100      	movs	r1, #0
 8004bb0:	4b1b      	ldr	r3, [pc, #108]	@ (8004c20 <LL_SetFlashLatency+0x88>)
 8004bb2:	681b      	ldr	r3, [r3, #0]
 8004bb4:	f403 4340 	and.w	r3, r3, #49152	@ 0xc000
          latency = LL_FLASH_LATENCY_1;
        }
      }
    }
#if defined (LL_PWR_REGU_VOLTAGE_SCALE3)
    if(LL_PWR_GetRegulVoltageScaling() == LL_PWR_REGU_VOLTAGE_SCALE3)
 8004bb8:	f5b3 4f80 	cmp.w	r3, #16384	@ 0x4000
 8004bbc:	d01f      	beq.n	8004bfe <LL_SetFlashLatency+0x66>
  MODIFY_REG(FLASH->ACR, FLASH_ACR_LATENCY, Latency);
 8004bbe:	4a19      	ldr	r2, [pc, #100]	@ (8004c24 <LL_SetFlashLatency+0x8c>)
 8004bc0:	6813      	ldr	r3, [r2, #0]
 8004bc2:	f023 0307 	bic.w	r3, r3, #7
 8004bc6:	430b      	orrs	r3, r1
 8004bc8:	6013      	str	r3, [r2, #0]
#endif /* LL_PWR_REGU_VOLTAGE_SCALE3 */

    LL_FLASH_SetLatency(latency);
    /* Check that the new number of wait states is taken into account to access the Flash
       memory by reading the FLASH_ACR register */
    timeout = 2;
 8004bca:	2202      	movs	r2, #2
  return (uint32_t)(READ_BIT(FLASH->ACR, FLASH_ACR_LATENCY));
 8004bcc:	4b15      	ldr	r3, [pc, #84]	@ (8004c24 <LL_SetFlashLatency+0x8c>)
 8004bce:	681b      	ldr	r3, [r3, #0]
 8004bd0:	f003 0307 	and.w	r3, r3, #7
    do
    {
    /* Wait for Flash latency to be updated */
    getlatency = LL_FLASH_GetLatency();
    timeout--;
 8004bd4:	3a01      	subs	r2, #1
    } while ((getlatency != latency) && (timeout > 0));
 8004bd6:	4299      	cmp	r1, r3
 8004bd8:	d001      	beq.n	8004bde <LL_SetFlashLatency+0x46>
 8004bda:	2a00      	cmp	r2, #0
 8004bdc:	d1f6      	bne.n	8004bcc <LL_SetFlashLatency+0x34>

    if(getlatency != latency)
 8004bde:	4299      	cmp	r1, r3
 8004be0:	d01c      	beq.n	8004c1c <LL_SetFlashLatency+0x84>
    {
      status = ERROR;
 8004be2:	2001      	movs	r0, #1
 8004be4:	4770      	bx	lr
      if((HCLK_Frequency > UTILS_SCALE2_LATENCY2_FREQ)&&(latency == LL_FLASH_LATENCY_0))
 8004be6:	4b10      	ldr	r3, [pc, #64]	@ (8004c28 <LL_SetFlashLatency+0x90>)
 8004be8:	4298      	cmp	r0, r3
 8004bea:	d804      	bhi.n	8004bf6 <LL_SetFlashLatency+0x5e>
        if((HCLK_Frequency > UTILS_SCALE2_LATENCY1_FREQ)&&(latency == LL_FLASH_LATENCY_0))
 8004bec:	4b0f      	ldr	r3, [pc, #60]	@ (8004c2c <LL_SetFlashLatency+0x94>)
 8004bee:	4298      	cmp	r0, r3
 8004bf0:	d803      	bhi.n	8004bfa <LL_SetFlashLatency+0x62>
  uint32_t latency = LL_FLASH_LATENCY_0;  /* default value 0WS */
 8004bf2:	2100      	movs	r1, #0
 8004bf4:	e7dc      	b.n	8004bb0 <LL_SetFlashLatency+0x18>
        latency = LL_FLASH_LATENCY_2;
 8004bf6:	2102      	movs	r1, #2
 8004bf8:	e7da      	b.n	8004bb0 <LL_SetFlashLatency+0x18>
          latency = LL_FLASH_LATENCY_1;
 8004bfa:	2101      	movs	r1, #1
 8004bfc:	e7d8      	b.n	8004bb0 <LL_SetFlashLatency+0x18>
      if((HCLK_Frequency > UTILS_SCALE3_LATENCY2_FREQ)&&(latency == LL_FLASH_LATENCY_0))
 8004bfe:	4b0a      	ldr	r3, [pc, #40]	@ (8004c28 <LL_SetFlashLatency+0x90>)
 8004c00:	429a      	cmp	r2, r3
 8004c02:	d900      	bls.n	8004c06 <LL_SetFlashLatency+0x6e>
 8004c04:	b131      	cbz	r1, 8004c14 <LL_SetFlashLatency+0x7c>
        if((HCLK_Frequency > UTILS_SCALE3_LATENCY1_FREQ)&&(latency == LL_FLASH_LATENCY_0))
 8004c06:	4b09      	ldr	r3, [pc, #36]	@ (8004c2c <LL_SetFlashLatency+0x94>)
 8004c08:	429a      	cmp	r2, r3
 8004c0a:	d9d8      	bls.n	8004bbe <LL_SetFlashLatency+0x26>
 8004c0c:	2900      	cmp	r1, #0
 8004c0e:	d1d6      	bne.n	8004bbe <LL_SetFlashLatency+0x26>
          latency = LL_FLASH_LATENCY_1;
 8004c10:	2101      	movs	r1, #1
 8004c12:	e7d4      	b.n	8004bbe <LL_SetFlashLatency+0x26>
        latency = LL_FLASH_LATENCY_2;
 8004c14:	2102      	movs	r1, #2
 8004c16:	e7d2      	b.n	8004bbe <LL_SetFlashLatency+0x26>
    status = ERROR;
 8004c18:	2001      	movs	r0, #1
 8004c1a:	4770      	bx	lr
    }
    else
    {
      status = SUCCESS;
 8004c1c:	2000      	movs	r0, #0
    }
  }
  return status;
}
 8004c1e:	4770      	bx	lr
 8004c20:	40007000 	.word	0x40007000
 8004c24:	40023c00 	.word	0x40023c00
 8004c28:	03938700 	.word	0x03938700
 8004c2c:	01c9c380 	.word	0x01c9c380

08004c30 <reason_to_str>:
	return thread_name;
}

static const char *reason_to_str(unsigned int reason)
{
	switch (reason) {
 8004c30:	2804      	cmp	r0, #4
 8004c32:	d80c      	bhi.n	8004c4e <reason_to_str+0x1e>
 8004c34:	e8df f000 	tbb	[pc, r0]
 8004c38:	07050d03 	.word	0x07050d03
 8004c3c:	09          	.byte	0x09
 8004c3d:	00          	.byte	0x00
 8004c3e:	4806      	ldr	r0, [pc, #24]	@ (8004c58 <reason_to_str+0x28>)
 8004c40:	4770      	bx	lr
	case K_ERR_CPU_EXCEPTION:
		return "CPU exception";
	case K_ERR_SPURIOUS_IRQ:
		return "Unhandled interrupt";
	case K_ERR_STACK_CHK_FAIL:
		return "Stack overflow";
 8004c42:	4806      	ldr	r0, [pc, #24]	@ (8004c5c <reason_to_str+0x2c>)
 8004c44:	4770      	bx	lr
	case K_ERR_KERNEL_OOPS:
		return "Kernel oops";
 8004c46:	4806      	ldr	r0, [pc, #24]	@ (8004c60 <reason_to_str+0x30>)
 8004c48:	4770      	bx	lr
	case K_ERR_KERNEL_PANIC:
		return "Kernel panic";
 8004c4a:	4806      	ldr	r0, [pc, #24]	@ (8004c64 <reason_to_str+0x34>)
 8004c4c:	4770      	bx	lr
	default:
		return "Unknown error";
 8004c4e:	4806      	ldr	r0, [pc, #24]	@ (8004c68 <reason_to_str+0x38>)
 8004c50:	4770      	bx	lr
		return "Unhandled interrupt";
 8004c52:	4806      	ldr	r0, [pc, #24]	@ (8004c6c <reason_to_str+0x3c>)
	}
}
 8004c54:	4770      	bx	lr
 8004c56:	bf00      	nop
 8004c58:	0800a3d4 	.word	0x0800a3d4
 8004c5c:	0800a3f8 	.word	0x0800a3f8
 8004c60:	0800a408 	.word	0x0800a408
 8004c64:	0800a414 	.word	0x0800a414
 8004c68:	0800a424 	.word	0x0800a424
 8004c6c:	0800a3e4 	.word	0x0800a3e4

08004c70 <thread_name_get>:
	const char *thread_name = (thread != NULL) ? k_thread_name_get(thread) : NULL;
 8004c70:	b130      	cbz	r0, 8004c80 <thread_name_get+0x10>
{
 8004c72:	b508      	push	{r3, lr}
	const char *thread_name = (thread != NULL) ? k_thread_name_get(thread) : NULL;
 8004c74:	f004 f832 	bl	8008cdc <k_thread_name_get>
	if ((thread_name == NULL) || (thread_name[0] == '\0')) {
 8004c78:	b120      	cbz	r0, 8004c84 <thread_name_get+0x14>
 8004c7a:	7803      	ldrb	r3, [r0, #0]
 8004c7c:	b123      	cbz	r3, 8004c88 <thread_name_get+0x18>
}
 8004c7e:	bd08      	pop	{r3, pc}
		thread_name = "unknown";
 8004c80:	4802      	ldr	r0, [pc, #8]	@ (8004c8c <thread_name_get+0x1c>)
}
 8004c82:	4770      	bx	lr
		thread_name = "unknown";
 8004c84:	4801      	ldr	r0, [pc, #4]	@ (8004c8c <thread_name_get+0x1c>)
 8004c86:	e7fa      	b.n	8004c7e <thread_name_get+0xe>
 8004c88:	4800      	ldr	r0, [pc, #0]	@ (8004c8c <thread_name_get+0x1c>)
	return thread_name;
 8004c8a:	e7f8      	b.n	8004c7e <thread_name_get+0xe>
 8004c8c:	0800a434 	.word	0x0800a434

08004c90 <k_sys_fatal_error_handler>:
{
 8004c90:	b510      	push	{r4, lr}
 8004c92:	4604      	mov	r4, r0
	z_impl_log_panic();
 8004c94:	f7fc fd00 	bl	8001698 <z_impl_log_panic>
 8004c98:	4a03      	ldr	r2, [pc, #12]	@ (8004ca8 <k_sys_fatal_error_handler+0x18>)
 8004c9a:	2101      	movs	r1, #1
 8004c9c:	4803      	ldr	r0, [pc, #12]	@ (8004cac <k_sys_fatal_error_handler+0x1c>)
 8004c9e:	f002 fdd8 	bl	8007852 <z_impl_z_log_msg_simple_create_0>
	arch_system_halt(reason);
 8004ca2:	4620      	mov	r0, r4
 8004ca4:	f003 ffca 	bl	8008c3c <arch_system_halt>
 8004ca8:	0800a43c 	.word	0x0800a43c
 8004cac:	0800961c 	.word	0x0800961c

08004cb0 <z_fatal_error>:
	arch_system_halt(reason);
}
/* LCOV_EXCL_STOP */

void z_fatal_error(unsigned int reason, const struct arch_esf *esf)
{
 8004cb0:	e92d 47f0 	stmdb	sp!, {r4, r5, r6, r7, r8, r9, sl, lr}
 8004cb4:	b082      	sub	sp, #8
 8004cb6:	af00      	add	r7, sp, #0
 8004cb8:	4605      	mov	r5, r0
 8004cba:	460c      	mov	r4, r1
  __ASM volatile ("MRS %0, basepri" : "=r" (result) );
 8004cbc:	f3ef 8811 	mrs	r8, BASEPRI
  __ASM volatile ("MSR basepri_max, %0" : : "r" (basePri) : "memory");
 8004cc0:	2310      	movs	r3, #16
 8004cc2:	f383 8812 	msr	BASEPRI_MAX, r3
 8004cc6:	f3bf 8f6f 	isb	sy
	/* We can't allow this code to be preempted, but don't need to
	 * synchronize between CPUs, so an arch-layer lock is
	 * appropriate.
	 */
	unsigned int key = arch_irq_lock();
	struct k_thread *thread = IS_ENABLED(CONFIG_MULTITHREADING) ?
 8004cca:	f8df 91c4 	ldr.w	r9, [pc, #452]	@ 8004e90 <z_fatal_error+0x1e0>
 8004cce:	f8d9 6008 	ldr.w	r6, [r9, #8]
			_current : NULL;

	/* twister looks for the "ZEPHYR FATAL ERROR" string, don't
	 * change it without also updating twister
	 */
	LOG_ERR(">>> ZEPHYR FATAL ERROR %d: %s on CPU %d", reason,
 8004cd2:	f7ff ffad 	bl	8004c30 <reason_to_str>
 8004cd6:	f899 1010 	ldrb.w	r1, [r9, #16]
 8004cda:	46e9      	mov	r9, sp
 8004cdc:	2301      	movs	r3, #1
 8004cde:	713b      	strb	r3, [r7, #4]
 8004ce0:	2303      	movs	r3, #3
 8004ce2:	717b      	strb	r3, [r7, #5]
 8004ce4:	b08a      	sub	sp, #40	@ 0x28
 8004ce6:	46ec      	mov	ip, sp
 8004ce8:	f11c 0210 	adds.w	r2, ip, #16
 8004cec:	d021      	beq.n	8004d32 <z_fatal_error+0x82>
 8004cee:	f04f 0e16 	mov.w	lr, #22
 8004cf2:	b15a      	cbz	r2, 8004d0c <z_fatal_error+0x5c>
 8004cf4:	4673      	mov	r3, lr
 8004cf6:	f1be 0f04 	cmp.w	lr, #4
 8004cfa:	dd03      	ble.n	8004d04 <z_fatal_error+0x54>
 8004cfc:	f8df a194 	ldr.w	sl, [pc, #404]	@ 8004e94 <z_fatal_error+0x1e4>
 8004d00:	f8cc a014 	str.w	sl, [ip, #20]
 8004d04:	2b08      	cmp	r3, #8
 8004d06:	dd01      	ble.n	8004d0c <z_fatal_error+0x5c>
 8004d08:	f8cc 5018 	str.w	r5, [ip, #24]
 8004d0c:	2301      	movs	r3, #1
 8004d0e:	703b      	strb	r3, [r7, #0]
 8004d10:	2303      	movs	r3, #3
 8004d12:	707b      	strb	r3, [r7, #1]
 8004d14:	b1d2      	cbz	r2, 8004d4c <z_fatal_error+0x9c>
 8004d16:	4673      	mov	r3, lr
 8004d18:	f1be 0f0c 	cmp.w	lr, #12
 8004d1c:	dd01      	ble.n	8004d22 <z_fatal_error+0x72>
 8004d1e:	f8cc 001c 	str.w	r0, [ip, #28]
 8004d22:	2b10      	cmp	r3, #16
 8004d24:	dd01      	ble.n	8004d2a <z_fatal_error+0x7a>
 8004d26:	f8cc 1020 	str.w	r1, [ip, #32]
 8004d2a:	f10c 0324 	add.w	r3, ip, #36	@ 0x24
 8004d2e:	2100      	movs	r1, #0
 8004d30:	e00a      	b.n	8004d48 <z_fatal_error+0x98>
 8004d32:	f06f 4e00 	mvn.w	lr, #2147483648	@ 0x80000000
 8004d36:	e7dc      	b.n	8004cf2 <z_fatal_error+0x42>
 8004d38:	f101 0008 	add.w	r0, r1, #8
 8004d3c:	4438      	add	r0, r7
 8004d3e:	f810 0c08 	ldrb.w	r0, [r0, #-8]
 8004d42:	f803 0b01 	strb.w	r0, [r3], #1
 8004d46:	3101      	adds	r1, #1
 8004d48:	2901      	cmp	r1, #1
 8004d4a:	d9f5      	bls.n	8004d38 <z_fatal_error+0x88>
 8004d4c:	f1be 0f15 	cmp.w	lr, #21
 8004d50:	dd50      	ble.n	8004df4 <z_fatal_error+0x144>
 8004d52:	2316      	movs	r3, #22
 8004d54:	b14a      	cbz	r2, 8004d6a <z_fatal_error+0xba>
 8004d56:	2105      	movs	r1, #5
 8004d58:	7139      	strb	r1, [r7, #4]
 8004d5a:	2100      	movs	r1, #0
 8004d5c:	7179      	strb	r1, [r7, #5]
 8004d5e:	71b9      	strb	r1, [r7, #6]
 8004d60:	2101      	movs	r1, #1
 8004d62:	71f9      	strb	r1, [r7, #7]
 8004d64:	6878      	ldr	r0, [r7, #4]
 8004d66:	f8cc 0010 	str.w	r0, [ip, #16]
 8004d6a:	2100      	movs	r1, #0
 8004d6c:	f021 0101 	bic.w	r1, r1, #1
 8004d70:	f021 0102 	bic.w	r1, r1, #2
 8004d74:	f021 0104 	bic.w	r1, r1, #4
 8004d78:	f021 0138 	bic.w	r1, r1, #56	@ 0x38
 8004d7c:	2001      	movs	r0, #1
 8004d7e:	f360 1188 	bfi	r1, r0, #6, #3
 8004d82:	f3c3 030a 	ubfx	r3, r3, #0, #11
 8004d86:	f363 2153 	bfi	r1, r3, #9, #11
 8004d8a:	f3c1 0113 	ubfx	r1, r1, #0, #20
	z_impl_z_log_msg_static_create(source, desc, package, data);
 8004d8e:	2300      	movs	r3, #0
 8004d90:	4841      	ldr	r0, [pc, #260]	@ (8004e98 <z_fatal_error+0x1e8>)
 8004d92:	f7fc fd65 	bl	8001860 <z_impl_z_log_msg_static_create>
 8004d96:	46cd      	mov	sp, r9
	 * an IRQ or exception was being handled, or thread context.
	 *
	 * See #17656
	 */
#if defined(CONFIG_ARCH_HAS_NESTED_EXCEPTION_DETECTION)
	if ((esf != NULL) && arch_is_in_nested_exception(esf)) {
 8004d98:	b11c      	cbz	r4, 8004da2 <z_fatal_error+0xf2>
 * @return true if execution state was in handler mode, before
 *              the current exception occurred, otherwise false.
 */
static ALWAYS_INLINE bool arch_is_in_nested_exception(const struct arch_esf *esf)
{
	return (esf->basic.xpsr & IPSR_ISR_Msk) ? (true) : (false);
 8004d9a:	69e3      	ldr	r3, [r4, #28]
 8004d9c:	f3c3 0308 	ubfx	r3, r3, #0, #9
 8004da0:	bb5b      	cbnz	r3, 8004dfa <z_fatal_error+0x14a>
		LOG_ERR("Fault during interrupt handling\n");
	}
#endif /* CONFIG_ARCH_HAS_NESTED_EXCEPTION_DETECTION */

	if (IS_ENABLED(CONFIG_MULTITHREADING)) {
		LOG_ERR("Current thread: %p (%s)", thread, thread_name_get(thread));
 8004da2:	4630      	mov	r0, r6
 8004da4:	f7ff ff64 	bl	8004c70 <thread_name_get>
 8004da8:	46e9      	mov	r9, sp
 8004daa:	2301      	movs	r3, #1
 8004dac:	713b      	strb	r3, [r7, #4]
 8004dae:	2303      	movs	r3, #3
 8004db0:	717b      	strb	r3, [r7, #5]
 8004db2:	b08a      	sub	sp, #40	@ 0x28
 8004db4:	46ec      	mov	ip, sp
 8004db6:	f11c 0210 	adds.w	r2, ip, #16
 8004dba:	d024      	beq.n	8004e06 <z_fatal_error+0x156>
 8004dbc:	f04f 0e12 	mov.w	lr, #18
 8004dc0:	b152      	cbz	r2, 8004dd8 <z_fatal_error+0x128>
 8004dc2:	4673      	mov	r3, lr
 8004dc4:	f1be 0f04 	cmp.w	lr, #4
 8004dc8:	dd02      	ble.n	8004dd0 <z_fatal_error+0x120>
 8004dca:	4934      	ldr	r1, [pc, #208]	@ (8004e9c <z_fatal_error+0x1ec>)
 8004dcc:	f8cc 1014 	str.w	r1, [ip, #20]
 8004dd0:	2b08      	cmp	r3, #8
 8004dd2:	dd01      	ble.n	8004dd8 <z_fatal_error+0x128>
 8004dd4:	f8cc 6018 	str.w	r6, [ip, #24]
 8004dd8:	2301      	movs	r3, #1
 8004dda:	703b      	strb	r3, [r7, #0]
 8004ddc:	2303      	movs	r3, #3
 8004dde:	707b      	strb	r3, [r7, #1]
 8004de0:	b1f2      	cbz	r2, 8004e20 <z_fatal_error+0x170>
 8004de2:	f1be 0f0c 	cmp.w	lr, #12
 8004de6:	dd01      	ble.n	8004dec <z_fatal_error+0x13c>
 8004de8:	f8cc 001c 	str.w	r0, [ip, #28]
 8004dec:	f10c 0320 	add.w	r3, ip, #32
 8004df0:	2100      	movs	r1, #0
 8004df2:	e013      	b.n	8004e1c <z_fatal_error+0x16c>
	LOG_ERR(">>> ZEPHYR FATAL ERROR %d: %s on CPU %d", reason,
 8004df4:	f06f 031b 	mvn.w	r3, #27
 8004df8:	e7ac      	b.n	8004d54 <z_fatal_error+0xa4>
	z_impl_z_log_msg_simple_create_0(source, level, fmt);
 8004dfa:	4a29      	ldr	r2, [pc, #164]	@ (8004ea0 <z_fatal_error+0x1f0>)
 8004dfc:	2101      	movs	r1, #1
 8004dfe:	4826      	ldr	r0, [pc, #152]	@ (8004e98 <z_fatal_error+0x1e8>)
 8004e00:	f002 fd27 	bl	8007852 <z_impl_z_log_msg_simple_create_0>
		LOG_ERR("Fault during interrupt handling\n");
 8004e04:	e7cd      	b.n	8004da2 <z_fatal_error+0xf2>
		LOG_ERR("Current thread: %p (%s)", thread, thread_name_get(thread));
 8004e06:	f06f 4e00 	mvn.w	lr, #2147483648	@ 0x80000000
 8004e0a:	e7d9      	b.n	8004dc0 <z_fatal_error+0x110>
 8004e0c:	f101 0008 	add.w	r0, r1, #8
 8004e10:	4438      	add	r0, r7
 8004e12:	f810 0c08 	ldrb.w	r0, [r0, #-8]
 8004e16:	f803 0b01 	strb.w	r0, [r3], #1
 8004e1a:	3101      	adds	r1, #1
 8004e1c:	2901      	cmp	r1, #1
 8004e1e:	d9f5      	bls.n	8004e0c <z_fatal_error+0x15c>
 8004e20:	f1be 0f11 	cmp.w	lr, #17
 8004e24:	dd31      	ble.n	8004e8a <z_fatal_error+0x1da>
 8004e26:	2312      	movs	r3, #18
 8004e28:	b14a      	cbz	r2, 8004e3e <z_fatal_error+0x18e>
 8004e2a:	2104      	movs	r1, #4
 8004e2c:	7139      	strb	r1, [r7, #4]
 8004e2e:	2100      	movs	r1, #0
 8004e30:	7179      	strb	r1, [r7, #5]
 8004e32:	71b9      	strb	r1, [r7, #6]
 8004e34:	2101      	movs	r1, #1
 8004e36:	71f9      	strb	r1, [r7, #7]
 8004e38:	6878      	ldr	r0, [r7, #4]
 8004e3a:	f8cc 0010 	str.w	r0, [ip, #16]
 8004e3e:	2100      	movs	r1, #0
 8004e40:	f021 0101 	bic.w	r1, r1, #1
 8004e44:	f021 0102 	bic.w	r1, r1, #2
 8004e48:	f021 0104 	bic.w	r1, r1, #4
 8004e4c:	f021 0138 	bic.w	r1, r1, #56	@ 0x38
 8004e50:	2001      	movs	r0, #1
 8004e52:	f360 1188 	bfi	r1, r0, #6, #3
 8004e56:	f3c3 030a 	ubfx	r3, r3, #0, #11
 8004e5a:	f363 2153 	bfi	r1, r3, #9, #11
 8004e5e:	f3c1 0113 	ubfx	r1, r1, #0, #20
	z_impl_z_log_msg_static_create(source, desc, package, data);
 8004e62:	2300      	movs	r3, #0
 8004e64:	480c      	ldr	r0, [pc, #48]	@ (8004e98 <z_fatal_error+0x1e8>)
 8004e66:	f7fc fcfb 	bl	8001860 <z_impl_z_log_msg_static_create>
 8004e6a:	46cd      	mov	sp, r9
	}

	coredump(reason, esf, thread);

	k_sys_fatal_error_handler(reason, esf);
 8004e6c:	4621      	mov	r1, r4
 8004e6e:	4628      	mov	r0, r5
 8004e70:	f7ff ff0e 	bl	8004c90 <k_sys_fatal_error_handler>
  __ASM volatile ("MSR basepri, %0" : : "r" (basePri) : "memory");
 8004e74:	f388 8811 	msr	BASEPRI, r8
 8004e78:	f3bf 8f6f 	isb	sy
	z_impl_k_thread_abort(thread);
 8004e7c:	4630      	mov	r0, r6
 8004e7e:	f7fd fd47 	bl	8002910 <z_impl_k_thread_abort>
	arch_irq_unlock(key);

	if (IS_ENABLED(CONFIG_MULTITHREADING)) {
		k_thread_abort(thread);
	}
}
 8004e82:	3708      	adds	r7, #8
 8004e84:	46bd      	mov	sp, r7
 8004e86:	e8bd 87f0 	ldmia.w	sp!, {r4, r5, r6, r7, r8, r9, sl, pc}
		LOG_ERR("Current thread: %p (%s)", thread, thread_name_get(thread));
 8004e8a:	f06f 031b 	mvn.w	r3, #27
 8004e8e:	e7cb      	b.n	8004e28 <z_fatal_error+0x178>
 8004e90:	20000a40 	.word	0x20000a40
 8004e94:	0800a44c 	.word	0x0800a44c
 8004e98:	0800961c 	.word	0x0800961c
 8004e9c:	0800a498 	.word	0x0800a498
 8004ea0:	0800a474 	.word	0x0800a474

08004ea4 <init_idle_thread>:
} /* LCOV_EXCL_LINE ... because we just dumped final coverage data */

#if defined(CONFIG_MULTITHREADING)
__boot_func
static void init_idle_thread(int i)
{
 8004ea4:	b510      	push	{r4, lr}
 8004ea6:	b086      	sub	sp, #24
	struct k_thread *thread = &z_idle_threads[i];
 8004ea8:	23b0      	movs	r3, #176	@ 0xb0
 8004eaa:	4c11      	ldr	r4, [pc, #68]	@ (8004ef0 <init_idle_thread+0x4c>)
 8004eac:	fb03 4400 	mla	r4, r3, r0, r4
	k_thread_stack_t *stack = z_idle_stacks[i];
 8004eb0:	eb00 0c40 	add.w	ip, r0, r0, lsl #1
#else
	char *tname = NULL;
#endif /* CONFIG_THREAD_NAME */

	z_setup_new_thread(thread, stack,
			  stack_size, idle, &_kernel.cpus[i],
 8004eb4:	eb00 0080 	add.w	r0, r0, r0, lsl #2
 8004eb8:	4b0e      	ldr	r3, [pc, #56]	@ (8004ef4 <init_idle_thread+0x50>)
 8004eba:	eb03 0380 	add.w	r3, r3, r0, lsl #2
	z_setup_new_thread(thread, stack,
 8004ebe:	4a0e      	ldr	r2, [pc, #56]	@ (8004ef8 <init_idle_thread+0x54>)
 8004ec0:	9205      	str	r2, [sp, #20]
 8004ec2:	2201      	movs	r2, #1
 8004ec4:	9204      	str	r2, [sp, #16]
 8004ec6:	220f      	movs	r2, #15
 8004ec8:	9203      	str	r2, [sp, #12]
 8004eca:	2200      	movs	r2, #0
 8004ecc:	9202      	str	r2, [sp, #8]
 8004ece:	9201      	str	r2, [sp, #4]
 8004ed0:	9300      	str	r3, [sp, #0]
 8004ed2:	4b0a      	ldr	r3, [pc, #40]	@ (8004efc <init_idle_thread+0x58>)
 8004ed4:	f44f 72a0 	mov.w	r2, #320	@ 0x140
 8004ed8:	4909      	ldr	r1, [pc, #36]	@ (8004f00 <init_idle_thread+0x5c>)
 8004eda:	eb01 11cc 	add.w	r1, r1, ip, lsl #7
 8004ede:	4620      	mov	r0, r4
 8004ee0:	f000 f9a4 	bl	800522c <z_setup_new_thread>
	thread->base.thread_state |= _THREAD_SLEEPING;
}

static inline void z_mark_thread_as_not_sleeping(struct k_thread *thread)
{
	thread->base.thread_state &= ~_THREAD_SLEEPING;
 8004ee4:	7c23      	ldrb	r3, [r4, #16]
 8004ee6:	f023 0304 	bic.w	r3, r3, #4
 8004eea:	7423      	strb	r3, [r4, #16]
	z_mark_thread_as_not_sleeping(thread);

#ifdef CONFIG_SMP
	thread->base.is_idle = 1U;
#endif /* CONFIG_SMP */
}
 8004eec:	b006      	add	sp, #24
 8004eee:	bd10      	pop	{r4, pc}
 8004ef0:	20000698 	.word	0x20000698
 8004ef4:	20000a40 	.word	0x20000a40
 8004ef8:	0800a4b0 	.word	0x0800a4b0
 8004efc:	08008c4d 	.word	0x08008c4d
 8004f00:	20001600 	.word	0x20001600

08004f04 <z_sys_init_run_level>:
{
 8004f04:	b538      	push	{r3, r4, r5, lr}
 8004f06:	4605      	mov	r5, r0
	for (entry = levels[level]; entry < levels[level+1]; entry++) {
 8004f08:	4b0b      	ldr	r3, [pc, #44]	@ (8004f38 <z_sys_init_run_level+0x34>)
 8004f0a:	f853 4020 	ldr.w	r4, [r3, r0, lsl #2]
 8004f0e:	e002      	b.n	8004f16 <z_sys_init_run_level+0x12>
			result = entry->init_fn();
 8004f10:	6823      	ldr	r3, [r4, #0]
 8004f12:	4798      	blx	r3
	for (entry = levels[level]; entry < levels[level+1]; entry++) {
 8004f14:	3408      	adds	r4, #8
 8004f16:	1c6b      	adds	r3, r5, #1
 8004f18:	4a07      	ldr	r2, [pc, #28]	@ (8004f38 <z_sys_init_run_level+0x34>)
 8004f1a:	f852 3023 	ldr.w	r3, [r2, r3, lsl #2]
 8004f1e:	42a3      	cmp	r3, r4
 8004f20:	d909      	bls.n	8004f36 <z_sys_init_run_level+0x32>
		const struct device *dev = entry->dev;
 8004f22:	6860      	ldr	r0, [r4, #4]
		if (dev != NULL) {
 8004f24:	2800      	cmp	r0, #0
 8004f26:	d0f3      	beq.n	8004f10 <z_sys_init_run_level+0xc>
			if ((dev->flags & DEVICE_FLAG_INIT_DEFERRED) == 0U) {
 8004f28:	7e03      	ldrb	r3, [r0, #24]
 8004f2a:	f013 0f01 	tst.w	r3, #1
 8004f2e:	d1f1      	bne.n	8004f14 <z_sys_init_run_level+0x10>
				result = do_device_init(dev);
 8004f30:	f003 fe5b 	bl	8008bea <do_device_init>
 8004f34:	e7ee      	b.n	8004f14 <z_sys_init_run_level+0x10>
}
 8004f36:	bd38      	pop	{r3, r4, r5, pc}
 8004f38:	0800a9a4 	.word	0x0800a9a4

08004f3c <thread_schedule_new>:
{
 8004f3c:	b508      	push	{r3, lr}
	if (K_TIMEOUT_EQ(delay, K_NO_WAIT)) {
 8004f3e:	ea53 0102 	orrs.w	r1, r3, r2
 8004f42:	d102      	bne.n	8004f4a <thread_schedule_new+0xe>
	z_impl_k_wakeup(thread);
 8004f44:	f000 fcbc 	bl	80058c0 <z_impl_k_wakeup>
}
 8004f48:	bd08      	pop	{r3, pc}

extern void z_thread_timeout(struct _timeout *timeout);

static inline k_ticks_t z_add_thread_timeout(struct k_thread *thread, k_timeout_t ticks)
{
	return z_add_timeout(&thread->base.timeout, z_thread_timeout, ticks);
 8004f4a:	4902      	ldr	r1, [pc, #8]	@ (8004f54 <thread_schedule_new+0x18>)
 8004f4c:	3018      	adds	r0, #24
 8004f4e:	f000 fe63 	bl	8005c18 <z_add_timeout>
 8004f52:	e7f9      	b.n	8004f48 <thread_schedule_new+0xc>
 8004f54:	08008ea7 	.word	0x08008ea7

08004f58 <z_init_static_threads>:
{
 8004f58:	b510      	push	{r4, lr}
 8004f5a:	b086      	sub	sp, #24
	STRUCT_SECTION_FOREACH(_static_thread_data, thread_data) {
 8004f5c:	4c18      	ldr	r4, [pc, #96]	@ (8004fc0 <z_init_static_threads+0x68>)
 8004f5e:	e014      	b.n	8004f8a <z_init_static_threads+0x32>
		z_setup_new_thread(
 8004f60:	6a63      	ldr	r3, [r4, #36]	@ 0x24
 8004f62:	9305      	str	r3, [sp, #20]
 8004f64:	6a23      	ldr	r3, [r4, #32]
 8004f66:	9304      	str	r3, [sp, #16]
 8004f68:	69e3      	ldr	r3, [r4, #28]
 8004f6a:	9303      	str	r3, [sp, #12]
 8004f6c:	69a3      	ldr	r3, [r4, #24]
 8004f6e:	9302      	str	r3, [sp, #8]
 8004f70:	6963      	ldr	r3, [r4, #20]
 8004f72:	9301      	str	r3, [sp, #4]
 8004f74:	6923      	ldr	r3, [r4, #16]
 8004f76:	9300      	str	r3, [sp, #0]
 8004f78:	68e3      	ldr	r3, [r4, #12]
 8004f7a:	68a2      	ldr	r2, [r4, #8]
 8004f7c:	6861      	ldr	r1, [r4, #4]
 8004f7e:	6820      	ldr	r0, [r4, #0]
 8004f80:	f000 f954 	bl	800522c <z_setup_new_thread>
		thread_data->init_thread->init_data = thread_data;
 8004f84:	6823      	ldr	r3, [r4, #0]
 8004f86:	655c      	str	r4, [r3, #84]	@ 0x54
	STRUCT_SECTION_FOREACH(_static_thread_data, thread_data) {
 8004f88:	3430      	adds	r4, #48	@ 0x30
 8004f8a:	4b0e      	ldr	r3, [pc, #56]	@ (8004fc4 <z_init_static_threads+0x6c>)
 8004f8c:	429c      	cmp	r4, r3
 8004f8e:	d3e7      	bcc.n	8004f60 <z_init_static_threads+0x8>
	k_sched_lock();
 8004f90:	f000 fb7c 	bl	800568c <k_sched_lock>
	STRUCT_SECTION_FOREACH(_static_thread_data, thread_data) {
 8004f94:	4c0a      	ldr	r4, [pc, #40]	@ (8004fc0 <z_init_static_threads+0x68>)
 8004f96:	e003      	b.n	8004fa0 <z_init_static_threads+0x48>
			thread_schedule_new(thread_data->init_thread,
 8004f98:	6820      	ldr	r0, [r4, #0]
 8004f9a:	f7ff ffcf 	bl	8004f3c <thread_schedule_new>
	STRUCT_SECTION_FOREACH(_static_thread_data, thread_data) {
 8004f9e:	3430      	adds	r4, #48	@ 0x30
 8004fa0:	4b08      	ldr	r3, [pc, #32]	@ (8004fc4 <z_init_static_threads+0x6c>)
 8004fa2:	429c      	cmp	r4, r3
 8004fa4:	d208      	bcs.n	8004fb8 <z_init_static_threads+0x60>
		k_timeout_t init_delay = Z_THREAD_INIT_DELAY(thread_data);
 8004fa6:	6aa2      	ldr	r2, [r4, #40]	@ 0x28
 8004fa8:	6ae3      	ldr	r3, [r4, #44]	@ 0x2c
		if (!K_TIMEOUT_EQ(init_delay, K_FOREVER)) {
 8004faa:	f1b3 3fff 	cmp.w	r3, #4294967295
 8004fae:	bf08      	it	eq
 8004fb0:	f1b2 3fff 	cmpeq.w	r2, #4294967295
 8004fb4:	d0f3      	beq.n	8004f9e <z_init_static_threads+0x46>
 8004fb6:	e7ef      	b.n	8004f98 <z_init_static_threads+0x40>
	k_sched_unlock();
 8004fb8:	f000 fb80 	bl	80056bc <k_sched_unlock>
}
 8004fbc:	b006      	add	sp, #24
 8004fbe:	bd10      	pop	{r4, pc}
 8004fc0:	0800952c 	.word	0x0800952c
 8004fc4:	0800952c 	.word	0x0800952c

08004fc8 <bg_thread_main>:
{
 8004fc8:	b508      	push	{r3, lr}
	z_sys_post_kernel = true;
 8004fca:	4b0a      	ldr	r3, [pc, #40]	@ (8004ff4 <bg_thread_main+0x2c>)
 8004fcc:	2201      	movs	r2, #1
 8004fce:	701a      	strb	r2, [r3, #0]
	z_sys_init_run_level(INIT_LEVEL_POST_KERNEL);
 8004fd0:	2003      	movs	r0, #3
 8004fd2:	f7ff ff97 	bl	8004f04 <z_sys_init_run_level>
	boot_banner();
 8004fd6:	f001 f83d 	bl	8006054 <boot_banner>
	z_sys_init_run_level(INIT_LEVEL_APPLICATION);
 8004fda:	2004      	movs	r0, #4
 8004fdc:	f7ff ff92 	bl	8004f04 <z_sys_init_run_level>
	z_init_static_threads();
 8004fe0:	f7ff ffba 	bl	8004f58 <z_init_static_threads>
	(void)main();
 8004fe4:	f004 f828 	bl	8009038 <main>
 * Exceptions raised by this thread may be recoverable.
 * (This is the default tag for a thread.)
 */
static inline void z_thread_essential_clear(struct k_thread *thread)
{
	thread->base.user_options &= ~K_ESSENTIAL;
 8004fe8:	4a03      	ldr	r2, [pc, #12]	@ (8004ff8 <bg_thread_main+0x30>)
 8004fea:	8993      	ldrh	r3, [r2, #12]
 8004fec:	f023 0301 	bic.w	r3, r3, #1
 8004ff0:	8193      	strh	r3, [r2, #12]
} /* LCOV_EXCL_LINE ... because we just dumped final coverage data */
 8004ff2:	bd08      	pop	{r3, pc}
 8004ff4:	20000a77 	.word	0x20000a77
 8004ff8:	20000748 	.word	0x20000748

08004ffc <switch_to_main_thread>:
	return stack_ptr;
}

__boot_func
static FUNC_NORETURN void switch_to_main_thread(char *stack_ptr)
{
 8004ffc:	b508      	push	{r3, lr}
 8004ffe:	4601      	mov	r1, r0
#ifdef CONFIG_ARCH_HAS_CUSTOM_SWAP_TO_MAIN
	arch_switch_to_main_thread(&z_main_thread, stack_ptr, bg_thread_main);
 8005000:	4a01      	ldr	r2, [pc, #4]	@ (8005008 <switch_to_main_thread+0xc>)
 8005002:	4802      	ldr	r0, [pc, #8]	@ (800500c <switch_to_main_thread+0x10>)
 8005004:	f7fd fc4e 	bl	80028a4 <arch_switch_to_main_thread>
	 * current fake thread is not on a wait queue or ready queue, so it
	 * will never be rescheduled in.
	 */
	z_swap_unlocked();
#endif /* CONFIG_ARCH_HAS_CUSTOM_SWAP_TO_MAIN */
	CODE_UNREACHABLE; /* LCOV_EXCL_LINE */
 8005008:	08004fc9 	.word	0x08004fc9
 800500c:	20000748 	.word	0x20000748

08005010 <z_init_cpu>:
{
 8005010:	b510      	push	{r4, lr}
 8005012:	4604      	mov	r4, r0
	init_idle_thread(id);
 8005014:	f7ff ff46 	bl	8004ea4 <init_idle_thread>
	_kernel.cpus[id].idle_thread = &z_idle_threads[id];
 8005018:	23b0      	movs	r3, #176	@ 0xb0
 800501a:	490b      	ldr	r1, [pc, #44]	@ (8005048 <z_init_cpu+0x38>)
 800501c:	fb03 1104 	mla	r1, r3, r4, r1
 8005020:	4a0a      	ldr	r2, [pc, #40]	@ (800504c <z_init_cpu+0x3c>)
 8005022:	eb04 0384 	add.w	r3, r4, r4, lsl #2
 8005026:	eb02 0383 	add.w	r3, r2, r3, lsl #2
 800502a:	60d9      	str	r1, [r3, #12]
	_kernel.cpus[id].id = id;
 800502c:	741c      	strb	r4, [r3, #16]
		(K_KERNEL_STACK_BUFFER(z_interrupt_stacks[id]) +
 800502e:	eb04 1144 	add.w	r1, r4, r4, lsl #5
 8005032:	4b07      	ldr	r3, [pc, #28]	@ (8005050 <z_init_cpu+0x40>)
 8005034:	eb03 1381 	add.w	r3, r3, r1, lsl #6
 8005038:	f503 6304 	add.w	r3, r3, #2112	@ 0x840
	_kernel.cpus[id].irq_stack =
 800503c:	eb04 0484 	add.w	r4, r4, r4, lsl #2
 8005040:	eb02 0284 	add.w	r2, r2, r4, lsl #2
 8005044:	6053      	str	r3, [r2, #4]
}
 8005046:	bd10      	pop	{r4, pc}
 8005048:	20000698 	.word	0x20000698
 800504c:	20000a40 	.word	0x20000a40
 8005050:	20000dc0 	.word	0x20000dc0

08005054 <prepare_multithreading>:
{
 8005054:	b570      	push	{r4, r5, r6, lr}
 8005056:	b086      	sub	sp, #24
	z_sched_init();
 8005058:	f000 fb62 	bl	8005720 <z_sched_init>
	_kernel.ready_q.cache = &z_main_thread;
 800505c:	4d10      	ldr	r5, [pc, #64]	@ (80050a0 <prepare_multithreading+0x4c>)
 800505e:	4b11      	ldr	r3, [pc, #68]	@ (80050a4 <prepare_multithreading+0x50>)
 8005060:	615d      	str	r5, [r3, #20]
	stack_ptr = z_setup_new_thread(&z_main_thread, z_main_stack,
 8005062:	4b11      	ldr	r3, [pc, #68]	@ (80050a8 <prepare_multithreading+0x54>)
 8005064:	9305      	str	r3, [sp, #20]
 8005066:	2301      	movs	r3, #1
 8005068:	9304      	str	r3, [sp, #16]
 800506a:	2400      	movs	r4, #0
 800506c:	9403      	str	r4, [sp, #12]
 800506e:	9402      	str	r4, [sp, #8]
 8005070:	9401      	str	r4, [sp, #4]
 8005072:	9400      	str	r4, [sp, #0]
 8005074:	4b0d      	ldr	r3, [pc, #52]	@ (80050ac <prepare_multithreading+0x58>)
 8005076:	f44f 6280 	mov.w	r2, #1024	@ 0x400
 800507a:	490d      	ldr	r1, [pc, #52]	@ (80050b0 <prepare_multithreading+0x5c>)
 800507c:	4628      	mov	r0, r5
 800507e:	f000 f8d5 	bl	800522c <z_setup_new_thread>
 8005082:	4606      	mov	r6, r0
	thread->base.thread_state &= ~_THREAD_SLEEPING;
 8005084:	7c2b      	ldrb	r3, [r5, #16]
 8005086:	f023 0304 	bic.w	r3, r3, #4
 800508a:	742b      	strb	r3, [r5, #16]
	z_ready_thread(&z_main_thread);
 800508c:	4628      	mov	r0, r5
 800508e:	f003 feb5 	bl	8008dfc <z_ready_thread>
	z_init_cpu(0);
 8005092:	4620      	mov	r0, r4
 8005094:	f7ff ffbc 	bl	8005010 <z_init_cpu>
}
 8005098:	4630      	mov	r0, r6
 800509a:	b006      	add	sp, #24
 800509c:	bd70      	pop	{r4, r5, r6, pc}
 800509e:	bf00      	nop
 80050a0:	20000748 	.word	0x20000748
 80050a4:	20000a40 	.word	0x20000a40
 80050a8:	0800a4b8 	.word	0x0800a4b8
 80050ac:	08004fc9 	.word	0x08004fc9
 80050b0:	20001780 	.word	0x20001780

080050b4 <z_cstart>:
 * @return Does not return
 */
__boot_func
FUNC_NO_STACK_PROTECTOR
FUNC_NORETURN void z_cstart(void)
{
 80050b4:	b508      	push	{r3, lr}
	/* gcov hook needed to get the coverage report.*/
	gcov_static_init();

	/* initialize early init calls */
	z_sys_init_run_level(INIT_LEVEL_EARLY);
 80050b6:	2000      	movs	r0, #0
 80050b8:	f7ff ff24 	bl	8004f04 <z_sys_init_run_level>
 * pointer) register, and switched to automatically when taking an exception.
 *
 */
static ALWAYS_INLINE void z_arm_interrupt_stack_setup(void)
{
	uint32_t msp = (uint32_t)(K_KERNEL_STACK_BUFFER(z_interrupt_stacks[0])) +
 80050bc:	4b19      	ldr	r3, [pc, #100]	@ (8005124 <z_cstart+0x70>)
  __ASM volatile ("MSR msp, %0" : : "r" (topOfMainStack) : );
 80050be:	f383 8808 	msr	MSP, r3
	 * for Cortex-M3 and Cortex-M4 (ARMv7-M) MCUs. For the rest
	 * of ARM Cortex-M processors this setting is enforced by
	 * default and it is not configurable.
	 */
#if defined(CONFIG_CPU_CORTEX_M3) || defined(CONFIG_CPU_CORTEX_M4)
	SCB->CCR |= SCB_CCR_STKALIGN_Msk;
 80050c2:	4c19      	ldr	r4, [pc, #100]	@ (8005128 <z_cstart+0x74>)
 80050c4:	6963      	ldr	r3, [r4, #20]
 80050c6:	f443 7300 	orr.w	r3, r3, #512	@ 0x200
 80050ca:	6163      	str	r3, [r4, #20]
 80050cc:	23f0      	movs	r3, #240	@ 0xf0
 80050ce:	f884 3022 	strb.w	r3, [r4, #34]	@ 0x22
 80050d2:	2300      	movs	r3, #0
 80050d4:	77e3      	strb	r3, [r4, #31]
 80050d6:	7623      	strb	r3, [r4, #24]
 80050d8:	7663      	strb	r3, [r4, #25]
 80050da:	76a3      	strb	r3, [r4, #26]
 80050dc:	f884 3020 	strb.w	r3, [r4, #32]
#if defined(CONFIG_ARM_SECURE_FIRMWARE)
	NVIC_SetPriority(SecureFault_IRQn, _EXC_FAULT_PRIO);
#endif /* CONFIG_ARM_SECURE_FIRMWARE */

	/* Enable Usage, Mem, & Bus Faults */
	SCB->SHCSR |=
 80050e0:	6a63      	ldr	r3, [r4, #36]	@ 0x24
 80050e2:	f443 23e0 	orr.w	r3, r3, #458752	@ 0x70000
 80050e6:	6263      	str	r3, [r4, #36]	@ 0x24

static ALWAYS_INLINE void arch_kernel_init(void)
{
	z_arm_interrupt_stack_setup();
	z_arm_exc_setup();
	z_arm_fault_init();
 80050e8:	f7fd fb02 	bl	80026f0 <z_arm_fault_init>
	z_arm_cpu_idle_init();
 80050ec:	f7fd fbfa 	bl	80028e4 <z_arm_cpu_idle_init>
static ALWAYS_INLINE void z_arm_clear_faults(void)
{
#if defined(CONFIG_ARMV6_M_ARMV8_M_BASELINE)
#elif defined(CONFIG_ARMV7_M_ARMV8_M_MAINLINE)
	/* Reset all faults */
	SCB->CFSR = SCB_CFSR_USGFAULTSR_Msk | SCB_CFSR_MEMFAULTSR_Msk | SCB_CFSR_BUSFAULTSR_Msk;
 80050f0:	f04f 33ff 	mov.w	r3, #4294967295
 80050f4:	62a3      	str	r3, [r4, #40]	@ 0x28

	/* Clear all Hard Faults - HFSR is write-one-to-clear */
	SCB->HFSR = 0xffffffff;
 80050f6:	62e3      	str	r3, [r4, #44]	@ 0x2c
	z_arm_clear_faults();
#if defined(CONFIG_ARM_MPU)
	z_arm_mpu_init();
 80050f8:	f7fd fd48 	bl	8002b8c <z_arm_mpu_init>
	 * to set up access permissions for fixed memory sections, such
	 * as Application Memory or No-Cacheable SRAM area.
	 *
	 * This function is invoked once, upon system initialization.
	 */
	z_arm_configure_static_mpu_regions();
 80050fc:	f7fd fc84 	bl	8002a08 <z_arm_configure_static_mpu_regions>

	/* perform any architecture-specific initialization */
	arch_kernel_init();

	LOG_CORE_INIT();
 8005100:	f7fc fa10 	bl	8001524 <log_core_init>

#if defined(CONFIG_MULTITHREADING)
	z_dummy_thread_init(&_thread_dummy);
 8005104:	4809      	ldr	r0, [pc, #36]	@ (800512c <z_cstart+0x78>)
 8005106:	f000 f8f3 	bl	80052f0 <z_dummy_thread_init>
#endif /* CONFIG_MULTITHREADING */
	/* do any necessary initialization of static devices */
	z_device_state_init();

	soc_early_init_hook();
 800510a:	f7fc f83b 	bl	8001184 <soc_early_init_hook>

	board_early_init_hook();

	/* perform basic hardware initialization */
	z_sys_init_run_level(INIT_LEVEL_PRE_KERNEL_1);
 800510e:	2001      	movs	r0, #1
 8005110:	f7ff fef8 	bl	8004f04 <z_sys_init_run_level>
#if defined(CONFIG_SMP)
	arch_smp_init();
#endif
	z_sys_init_run_level(INIT_LEVEL_PRE_KERNEL_2);
 8005114:	2002      	movs	r0, #2
 8005116:	f7ff fef5 	bl	8004f04 <z_sys_init_run_level>
	timing_init();
	timing_start();
#endif /* CONFIG_TIMING_FUNCTIONS_NEED_AT_BOOT */

#ifdef CONFIG_MULTITHREADING
	switch_to_main_thread(prepare_multithreading());
 800511a:	f7ff ff9b 	bl	8005054 <prepare_multithreading>
 800511e:	f7ff ff6d 	bl	8004ffc <switch_to_main_thread>
 8005122:	bf00      	nop
 8005124:	20001600 	.word	0x20001600
 8005128:	e000ed00 	.word	0xe000ed00
 800512c:	200007f8 	.word	0x200007f8

08005130 <z_impl_k_sem_give>:
	return false;
#endif /* CONFIG_POLL */
}

void z_impl_k_sem_give(struct k_sem *sem)
{
 8005130:	b570      	push	{r4, r5, r6, lr}
  __ASM volatile ("MRS %0, basepri" : "=r" (result) );
 8005132:	f3ef 8611 	mrs	r6, BASEPRI
  __ASM volatile ("MSR basepri_max, %0" : : "r" (basePri) : "memory");
 8005136:	2310      	movs	r3, #16
 8005138:	f383 8812 	msr	BASEPRI_MAX, r3
 800513c:	f3bf 8f6f 	isb	sy
 * @return true if empty, false otherwise
 */

static inline bool sys_dlist_is_empty(const sys_dlist_t *list)
{
	return list->head == list;
 8005140:	6804      	ldr	r4, [r0, #0]
 * @return a pointer to the head element, NULL if list is empty
 */

static inline sys_dnode_t *sys_dlist_peek_head(const sys_dlist_t *list)
{
	return sys_dlist_is_empty(list) ? NULL : list->head;
 8005142:	42a0      	cmp	r0, r4
 8005144:	d01a      	beq.n	800517c <z_impl_k_sem_give+0x4c>
static ALWAYS_INLINE struct k_thread *z_priq_simple_best(sys_dlist_t *pq)
{
	struct k_thread *thread = NULL;
	sys_dnode_t *n = sys_dlist_peek_head(pq);

	if (n != NULL) {
 8005146:	b1cc      	cbz	r4, 800517c <z_impl_k_sem_give+0x4c>
 * @param node the node to remove
 */

static inline void sys_dlist_remove(sys_dnode_t *node)
{
	sys_dnode_t *const prev = node->prev;
 8005148:	6862      	ldr	r2, [r4, #4]
	sys_dnode_t *const next = node->next;
 800514a:	6823      	ldr	r3, [r4, #0]

	prev->next = next;
 800514c:	6013      	str	r3, [r2, #0]
	next->prev = prev;
 800514e:	605a      	str	r2, [r3, #4]
	node->next = NULL;
 8005150:	2500      	movs	r5, #0
 8005152:	6025      	str	r5, [r4, #0]
	node->prev = NULL;
 8005154:	6065      	str	r5, [r4, #4]
	thread->base.thread_state &= ~_THREAD_PENDING;
 8005156:	7c23      	ldrb	r3, [r4, #16]
 8005158:	f023 0302 	bic.w	r3, r3, #2
 800515c:	7423      	strb	r3, [r4, #16]

static inline void unpend_thread_no_timeout(struct k_thread *thread)
{
	_priq_wait_remove(&pended_on_thread(thread)->waitq, thread);
	z_mark_thread_as_not_pending(thread);
	thread->base.pended_on = NULL;
 800515e:	60a5      	str	r5, [r4, #8]
}

static inline void z_abort_thread_timeout(struct k_thread *thread)
{
	z_abort_timeout(&thread->base.timeout);
 8005160:	f104 0018 	add.w	r0, r4, #24
 8005164:	f003 ff15 	bl	8008f92 <z_abort_timeout>
}

#ifndef CONFIG_USE_SWITCH
static ALWAYS_INLINE void arch_thread_return_value_set(struct k_thread *thread, unsigned int value)
{
	thread->arch.swap_return_value = value;
 8005168:	f8c4 50ac 	str.w	r5, [r4, #172]	@ 0xac

	thread = z_unpend_first_thread(&sem->wait_q);

	if (unlikely(thread != NULL)) {
		arch_thread_return_value_set(thread, 0);
		z_ready_thread(thread);
 800516c:	4620      	mov	r0, r4
 800516e:	f003 fe45 	bl	8008dfc <z_ready_thread>
		sem->count += (sem->count != sem->limit) ? 1U : 0U;
		resched = handle_poll_events(sem);
	}

	if (unlikely(resched)) {
		z_reschedule(&lock, key);
 8005172:	4631      	mov	r1, r6
 8005174:	4808      	ldr	r0, [pc, #32]	@ (8005198 <z_impl_k_sem_give+0x68>)
 8005176:	f003 fed2 	bl	8008f1e <z_reschedule>
	} else {
		k_spin_unlock(&lock, key);
	}

	SYS_PORT_TRACING_OBJ_FUNC_EXIT(k_sem, give, sem);
}
 800517a:	bd70      	pop	{r4, r5, r6, pc}
		sem->count += (sem->count != sem->limit) ? 1U : 0U;
 800517c:	6883      	ldr	r3, [r0, #8]
 800517e:	68c2      	ldr	r2, [r0, #12]
 8005180:	4293      	cmp	r3, r2
 8005182:	d007      	beq.n	8005194 <z_impl_k_sem_give+0x64>
 8005184:	2201      	movs	r2, #1
 8005186:	4413      	add	r3, r2
 8005188:	6083      	str	r3, [r0, #8]
  __ASM volatile ("MSR basepri, %0" : : "r" (basePri) : "memory");
 800518a:	f386 8811 	msr	BASEPRI, r6
 800518e:	f3bf 8f6f 	isb	sy
}
 8005192:	e7f2      	b.n	800517a <z_impl_k_sem_give+0x4a>
		sem->count += (sem->count != sem->limit) ? 1U : 0U;
 8005194:	2200      	movs	r2, #0
 8005196:	e7f6      	b.n	8005186 <z_impl_k_sem_give+0x56>
 8005198:	20000a64 	.word	0x20000a64

0800519c <z_impl_k_sem_take>:
}
#include <zephyr/syscalls/k_sem_give_mrsh.c>
#endif /* CONFIG_USERSPACE */

int z_impl_k_sem_take(struct k_sem *sem, k_timeout_t timeout)
{
 800519c:	b510      	push	{r4, lr}
 800519e:	b082      	sub	sp, #8
  __ASM volatile ("MRS %0, basepri" : "=r" (result) );
 80051a0:	f3ef 8111 	mrs	r1, BASEPRI
  __ASM volatile ("MSR basepri_max, %0" : : "r" (basePri) : "memory");
 80051a4:	2410      	movs	r4, #16
 80051a6:	f384 8812 	msr	BASEPRI_MAX, r4
 80051aa:	f3bf 8f6f 	isb	sy

	k_spinlock_key_t key = k_spin_lock(&lock);

	SYS_PORT_TRACING_OBJ_FUNC_ENTER(k_sem, take, sem, timeout);

	if (likely(sem->count > 0U)) {
 80051ae:	6884      	ldr	r4, [r0, #8]
 80051b0:	b144      	cbz	r4, 80051c4 <z_impl_k_sem_take+0x28>
		sem->count--;
 80051b2:	3c01      	subs	r4, #1
 80051b4:	6084      	str	r4, [r0, #8]
  __ASM volatile ("MSR basepri, %0" : : "r" (basePri) : "memory");
 80051b6:	f381 8811 	msr	BASEPRI, r1
 80051ba:	f3bf 8f6f 	isb	sy
		k_spin_unlock(&lock, key);
		ret = 0;
 80051be:	2000      	movs	r0, #0

out:
	SYS_PORT_TRACING_OBJ_FUNC_EXIT(k_sem, take, sem, timeout, ret);

	return ret;
}
 80051c0:	b002      	add	sp, #8
 80051c2:	bd10      	pop	{r4, pc}
	if (K_TIMEOUT_EQ(timeout, K_NO_WAIT)) {
 80051c4:	ea53 0402 	orrs.w	r4, r3, r2
 80051c8:	d006      	beq.n	80051d8 <z_impl_k_sem_take+0x3c>
	ret = z_pend_curr(&lock, key, &sem->wait_q, timeout);
 80051ca:	9200      	str	r2, [sp, #0]
 80051cc:	9301      	str	r3, [sp, #4]
 80051ce:	4602      	mov	r2, r0
 80051d0:	4805      	ldr	r0, [pc, #20]	@ (80051e8 <z_impl_k_sem_take+0x4c>)
 80051d2:	f000 fa3f 	bl	8005654 <z_pend_curr>
	return ret;
 80051d6:	e7f3      	b.n	80051c0 <z_impl_k_sem_take+0x24>
 80051d8:	f381 8811 	msr	BASEPRI, r1
 80051dc:	f3bf 8f6f 	isb	sy
		ret = -EBUSY;
 80051e0:	f06f 000f 	mvn.w	r0, #15
 80051e4:	e7ec      	b.n	80051c0 <z_impl_k_sem_take+0x24>
 80051e6:	bf00      	nop
 80051e8:	20000a64 	.word	0x20000a64

080051ec <thread_schedule_new>:
{
 80051ec:	b508      	push	{r3, lr}
	if (K_TIMEOUT_EQ(delay, K_NO_WAIT)) {
 80051ee:	ea53 0102 	orrs.w	r1, r3, r2
 80051f2:	d102      	bne.n	80051fa <thread_schedule_new+0xe>
 80051f4:	f000 fb64 	bl	80058c0 <z_impl_k_wakeup>
}
 80051f8:	bd08      	pop	{r3, pc}
	return z_add_timeout(&thread->base.timeout, z_thread_timeout, ticks);
 80051fa:	4902      	ldr	r1, [pc, #8]	@ (8005204 <thread_schedule_new+0x18>)
 80051fc:	3018      	adds	r0, #24
 80051fe:	f000 fd0b 	bl	8005c18 <z_add_timeout>
 8005202:	e7f9      	b.n	80051f8 <thread_schedule_new+0xc>
 8005204:	08008ea7 	.word	0x08008ea7

08005208 <z_impl_k_thread_name_set>:
}
#include <zephyr/syscalls/k_thread_priority_get_mrsh.c>
#endif /* CONFIG_USERSPACE */

int z_impl_k_thread_name_set(k_tid_t thread, const char *str)
{
 8005208:	b510      	push	{r4, lr}
#ifdef CONFIG_THREAD_NAME
	if (thread == NULL) {
 800520a:	4604      	mov	r4, r0
 800520c:	b140      	cbz	r0, 8005220 <z_impl_k_thread_name_set+0x18>
		thread = _current;
	}

	strncpy(thread->name, str, CONFIG_THREAD_MAX_NAME_LEN - 1);
 800520e:	221f      	movs	r2, #31
 8005210:	f104 0074 	add.w	r0, r4, #116	@ 0x74
 8005214:	f000 ff7e 	bl	8006114 <strncpy>
	thread->name[CONFIG_THREAD_MAX_NAME_LEN - 1] = '\0';
 8005218:	2000      	movs	r0, #0
 800521a:	f884 0093 	strb.w	r0, [r4, #147]	@ 0x93

	SYS_PORT_TRACING_OBJ_FUNC(k_thread, name_set, thread, -ENOSYS);

	return -ENOSYS;
#endif /* CONFIG_THREAD_NAME */
}
 800521e:	bd10      	pop	{r4, pc}
		thread = _current;
 8005220:	4b01      	ldr	r3, [pc, #4]	@ (8005228 <z_impl_k_thread_name_set+0x20>)
 8005222:	689c      	ldr	r4, [r3, #8]
 8005224:	e7f3      	b.n	800520e <z_impl_k_thread_name_set+0x6>
 8005226:	bf00      	nop
 8005228:	20000a40 	.word	0x20000a40

0800522c <z_setup_new_thread>:
char *z_setup_new_thread(struct k_thread *new_thread,
			 k_thread_stack_t *stack, size_t stack_size,
			 k_thread_entry_t entry,
			 void *p1, void *p2, void *p3,
			 int prio, uint32_t options, const char *name)
{
 800522c:	e92d 4ff0 	stmdb	sp!, {r4, r5, r6, r7, r8, r9, sl, fp, lr}
 8005230:	b085      	sub	sp, #20
 8005232:	4604      	mov	r4, r0
 8005234:	460f      	mov	r7, r1
 8005236:	4615      	mov	r5, r2
 8005238:	461e      	mov	r6, r3
 800523a:	f8dd a038 	ldr.w	sl, [sp, #56]	@ 0x38
 800523e:	f8dd 903c 	ldr.w	r9, [sp, #60]	@ 0x3c
 8005242:	f8dd 8040 	ldr.w	r8, [sp, #64]	@ 0x40
 8005246:	f8dd b04c 	ldr.w	fp, [sp, #76]	@ 0x4c
	SYS_DLIST_FOR_EACH_CONTAINER_SAFE(&((wq)->waitq), thread_ptr, \
					  loop_ptr, base.qnode_dlist)

static inline void z_waitq_init(_wait_q_t *w)
{
	sys_dlist_init(&w->waitq);
 800524a:	f100 0358 	add.w	r3, r0, #88	@ 0x58
	list->head = (sys_dnode_t *)list;
 800524e:	6583      	str	r3, [r0, #88]	@ 0x58
	list->tail = (sys_dnode_t *)list;
 8005250:	65c3      	str	r3, [r0, #92]	@ 0x5c
	k_object_access_grant(new_thread, new_thread);
#endif /* CONFIG_USERSPACE */
	z_waitq_init(&new_thread->join_queue);

	/* Initialize various struct k_thread members */
	z_init_thread_base(&new_thread->base, prio, _THREAD_SLEEPING, options);
 8005252:	9b12      	ldr	r3, [sp, #72]	@ 0x48
 8005254:	2204      	movs	r2, #4
 8005256:	9911      	ldr	r1, [sp, #68]	@ 0x44
 8005258:	f003 fd42 	bl	8008ce0 <z_init_thread_base>
	stack_ptr = setup_thread_stack(new_thread, stack, stack_size);
 800525c:	462a      	mov	r2, r5
 800525e:	4639      	mov	r1, r7
 8005260:	4620      	mov	r0, r4
 8005262:	f003 fd0f 	bl	8008c84 <setup_thread_stack>
 8005266:	4605      	mov	r5, r0
	__ASSERT_NO_MSG(!sys_cache_is_mem_coherent(stack));
#endif  /* CONFIG_DYNAMIC_THREAD */

#endif /* CONFIG_KERNEL_COHERENCE */

	arch_new_thread(new_thread, stack, stack_ptr, entry, p1, p2, p3);
 8005268:	f8cd 8008 	str.w	r8, [sp, #8]
 800526c:	f8cd 9004 	str.w	r9, [sp, #4]
 8005270:	f8cd a000 	str.w	sl, [sp]
 8005274:	4633      	mov	r3, r6
 8005276:	4602      	mov	r2, r0
 8005278:	4639      	mov	r1, r7
 800527a:	4620      	mov	r0, r4
 800527c:	f7fd faf0 	bl	8002860 <arch_new_thread>

	/* static threads overwrite it afterwards with real value */
	new_thread->init_data = NULL;
 8005280:	2300      	movs	r3, #0
 8005282:	6563      	str	r3, [r4, #84]	@ 0x54
#ifdef CONFIG_THREAD_CUSTOM_DATA
	/* Initialize custom data field (value is opaque to kernel) */
	new_thread->custom_data = NULL;
#endif /* CONFIG_THREAD_CUSTOM_DATA */
#ifdef CONFIG_THREAD_MONITOR
	new_thread->entry.pEntry = entry;
 8005284:	6626      	str	r6, [r4, #96]	@ 0x60
	new_thread->entry.parameter1 = p1;
 8005286:	f8c4 a064 	str.w	sl, [r4, #100]	@ 0x64
	new_thread->entry.parameter2 = p2;
 800528a:	f8c4 9068 	str.w	r9, [r4, #104]	@ 0x68
	new_thread->entry.parameter3 = p3;
 800528e:	f8c4 806c 	str.w	r8, [r4, #108]	@ 0x6c
  __ASM volatile ("MRS %0, basepri" : "=r" (result) );
 8005292:	f3ef 8211 	mrs	r2, BASEPRI
  __ASM volatile ("MSR basepri_max, %0" : : "r" (basePri) : "memory");
 8005296:	2310      	movs	r3, #16
 8005298:	f383 8812 	msr	BASEPRI_MAX, r3
 800529c:	f3bf 8f6f 	isb	sy

	k_spinlock_key_t key = k_spin_lock(&z_thread_monitor_lock);

	new_thread->next_thread = _kernel.threads;
 80052a0:	4b12      	ldr	r3, [pc, #72]	@ (80052ec <z_setup_new_thread+0xc0>)
 80052a2:	6a19      	ldr	r1, [r3, #32]
 80052a4:	6721      	str	r1, [r4, #112]	@ 0x70
	_kernel.threads = new_thread;
 80052a6:	621c      	str	r4, [r3, #32]
  __ASM volatile ("MSR basepri, %0" : : "r" (basePri) : "memory");
 80052a8:	f382 8811 	msr	BASEPRI, r2
 80052ac:	f3bf 8f6f 	isb	sy
	k_spin_unlock(&z_thread_monitor_lock, key);
#endif /* CONFIG_THREAD_MONITOR */
#ifdef CONFIG_THREAD_NAME
	if (name != NULL) {
 80052b0:	f1bb 0f00 	cmp.w	fp, #0
 80052b4:	d013      	beq.n	80052de <z_setup_new_thread+0xb2>
		strncpy(new_thread->name, name,
 80052b6:	221f      	movs	r2, #31
 80052b8:	4659      	mov	r1, fp
 80052ba:	f104 0074 	add.w	r0, r4, #116	@ 0x74
 80052be:	f000 ff29 	bl	8006114 <strncpy>
			CONFIG_THREAD_MAX_NAME_LEN - 1);
		/* Ensure NULL termination, truncate if longer */
		new_thread->name[CONFIG_THREAD_MAX_NAME_LEN - 1] = '\0';
 80052c2:	2300      	movs	r3, #0
 80052c4:	f884 3093 	strb.w	r3, [r4, #147]	@ 0x93
		new_thread->base.cpu_mask = -1; /* allow all cpus */
	}
#endif /* CONFIG_SCHED_CPU_MASK */
#ifdef CONFIG_ARCH_HAS_CUSTOM_SWAP_TO_MAIN
	/* _current may be null if the dummy thread is not used */
	if (!_current) {
 80052c8:	4b08      	ldr	r3, [pc, #32]	@ (80052ec <z_setup_new_thread+0xc0>)
 80052ca:	689b      	ldr	r3, [r3, #8]
 80052cc:	b15b      	cbz	r3, 80052e6 <z_setup_new_thread+0xba>
	}
#endif /* CONFIG_USERSPACE */
#ifdef CONFIG_SCHED_DEADLINE
	new_thread->base.prio_deadline = 0;
#endif /* CONFIG_SCHED_DEADLINE */
	new_thread->resource_pool = _current->resource_pool;
 80052ce:	f8d3 30a0 	ldr.w	r3, [r3, #160]	@ 0xa0
 80052d2:	f8c4 30a0 	str.w	r3, [r4, #160]	@ 0xa0
#endif /* CONFIG_SCHED_THREAD_USAGE */

	SYS_PORT_TRACING_OBJ_FUNC(k_thread, create, new_thread);

	return stack_ptr;
}
 80052d6:	4628      	mov	r0, r5
 80052d8:	b005      	add	sp, #20
 80052da:	e8bd 8ff0 	ldmia.w	sp!, {r4, r5, r6, r7, r8, r9, sl, fp, pc}
		new_thread->name[0] = '\0';
 80052de:	2300      	movs	r3, #0
 80052e0:	f884 3074 	strb.w	r3, [r4, #116]	@ 0x74
 80052e4:	e7f0      	b.n	80052c8 <z_setup_new_thread+0x9c>
		new_thread->resource_pool = NULL;
 80052e6:	f8c4 30a0 	str.w	r3, [r4, #160]	@ 0xa0
		return stack_ptr;
 80052ea:	e7f4      	b.n	80052d6 <z_setup_new_thread+0xaa>
 80052ec:	20000a40 	.word	0x20000a40

080052f0 <z_dummy_thread_init>:

#endif /* CONFIG_THREAD_ABORT_NEED_CLEANUP */

void z_dummy_thread_init(struct k_thread *dummy_thread)
{
	dummy_thread->base.thread_state = _THREAD_DUMMY;
 80052f0:	2301      	movs	r3, #1
 80052f2:	7403      	strb	r3, [r0, #16]
#ifdef CONFIG_SCHED_CPU_MASK
	dummy_thread->base.cpu_mask = -1;
#endif /* CONFIG_SCHED_CPU_MASK */
	dummy_thread->base.user_options = K_ESSENTIAL;
 80052f4:	8183      	strh	r3, [r0, #12]
#ifdef CONFIG_THREAD_STACK_INFO
	dummy_thread->stack_info.start = 0U;
 80052f6:	2300      	movs	r3, #0
 80052f8:	f8c0 3094 	str.w	r3, [r0, #148]	@ 0x94
	dummy_thread->stack_info.size = 0U;
 80052fc:	f8c0 3098 	str.w	r3, [r0, #152]	@ 0x98
	dummy_thread->mem_domain_info.mem_domain = &k_mem_domain_default;
#endif /* CONFIG_USERSPACE */
#if (K_HEAP_MEM_POOL_SIZE > 0)
	k_thread_system_pool_assign(dummy_thread);
#else
	dummy_thread->resource_pool = NULL;
 8005300:	f8c0 30a0 	str.w	r3, [r0, #160]	@ 0xa0

#ifdef CONFIG_TIMESLICE_PER_THREAD
	dummy_thread->base.slice_ticks = 0;
#endif /* CONFIG_TIMESLICE_PER_THREAD */

	z_current_thread_set(dummy_thread);
 8005304:	4b01      	ldr	r3, [pc, #4]	@ (800530c <z_dummy_thread_init+0x1c>)
 8005306:	6098      	str	r0, [r3, #8]
}
 8005308:	4770      	bx	lr
 800530a:	bf00      	nop
 800530c:	20000a40 	.word	0x20000a40

08005310 <z_swap_irqlock>:

#ifndef CONFIG_USE_SWITCH
static ALWAYS_INLINE int arch_swap(unsigned int key)
{
	/* store off key and return value */
	_current->arch.basepri = key;
 8005310:	4a0a      	ldr	r2, [pc, #40]	@ (800533c <z_swap_irqlock+0x2c>)
 8005312:	6893      	ldr	r3, [r2, #8]
 8005314:	f8c3 00a8 	str.w	r0, [r3, #168]	@ 0xa8
	_current->arch.swap_return_value = -EAGAIN;
 8005318:	f06f 010a 	mvn.w	r1, #10
 800531c:	f8c3 10ac 	str.w	r1, [r3, #172]	@ 0xac

	/* set pending bit to make sure we will take a PendSV exception */
	SCB->ICSR |= SCB_ICSR_PENDSVSET_Msk;
 8005320:	4907      	ldr	r1, [pc, #28]	@ (8005340 <z_swap_irqlock+0x30>)
 8005322:	684b      	ldr	r3, [r1, #4]
 8005324:	f043 5380 	orr.w	r3, r3, #268435456	@ 0x10000000
 8005328:	604b      	str	r3, [r1, #4]
 800532a:	2300      	movs	r3, #0
 800532c:	f383 8811 	msr	BASEPRI, r3
 8005330:	f3bf 8f6f 	isb	sy
	irq_unlock(0);

	/* Context switch is performed here. Returning implies the
	 * thread has been context-switched-in again.
	 */
	return _current->arch.swap_return_value;
 8005334:	6893      	ldr	r3, [r2, #8]
# endif /* CONFIG_ARM64 */
#endif /* CONFIG_SPIN_VALIDATE */

	ret = arch_swap(key);
	return ret;
}
 8005336:	f8d3 00ac 	ldr.w	r0, [r3, #172]	@ 0xac
 800533a:	4770      	bx	lr
 800533c:	20000a40 	.word	0x20000a40
 8005340:	e000ed00 	.word	0xe000ed00

08005344 <reschedule>:
{
#ifdef CONFIG_SMP
	_current_cpu->swap_ok = 0;
#endif /* CONFIG_SMP */

	return arch_irq_unlocked(key) && !arch_is_in_isr();
 8005344:	4608      	mov	r0, r1
 8005346:	b981      	cbnz	r1, 800536a <reschedule+0x26>
	return new_thread != _current;
#endif /* CONFIG_SMP */
}

static void reschedule(struct k_spinlock *lock, k_spinlock_key_t key)
{
 8005348:	b508      	push	{r3, lr}
  __ASM volatile ("MRS %0, ipsr" : "=r" (result) );
 800534a:	f3ef 8305 	mrs	r3, IPSR
	return arch_irq_unlocked(key) && !arch_is_in_isr();
 800534e:	b93b      	cbnz	r3, 8005360 <reschedule+0x1c>
	new_thread = _kernel.ready_q.cache;
 8005350:	4b08      	ldr	r3, [pc, #32]	@ (8005374 <reschedule+0x30>)
 8005352:	695a      	ldr	r2, [r3, #20]
	return new_thread != _current;
 8005354:	689b      	ldr	r3, [r3, #8]
	if (resched(key.key) && need_swap()) {
 8005356:	429a      	cmp	r2, r3
 8005358:	d002      	beq.n	8005360 <reschedule+0x1c>
 * handling.
 */
static ALWAYS_INLINE int z_swap(struct k_spinlock *lock, k_spinlock_key_t key)
{
	k_spin_release(lock);
	return z_swap_irqlock(key.key);
 800535a:	f7ff ffd9 	bl	8005310 <z_swap_irqlock>
		z_swap(lock, key);
 800535e:	e003      	b.n	8005368 <reschedule+0x24>
  __ASM volatile ("MSR basepri, %0" : : "r" (basePri) : "memory");
 8005360:	f380 8811 	msr	BASEPRI, r0
 8005364:	f3bf 8f6f 	isb	sy
	} else {
		signal_pending_ipi();
		k_spin_unlock(lock, key);
	}
}
 8005368:	bd08      	pop	{r3, pc}
 800536a:	f381 8811 	msr	BASEPRI, r1
 800536e:	f3bf 8f6f 	isb	sy
 8005372:	4770      	bx	lr
 8005374:	20000a40 	.word	0x20000a40

08005378 <ready_thread>:
	return (thread->base.thread_state & state) != 0U;
 8005378:	7c03      	ldrb	r3, [r0, #16]
	if (!z_is_thread_queued(thread) && z_is_thread_ready(thread)) {
 800537a:	f990 2010 	ldrsb.w	r2, [r0, #16]
 800537e:	2a00      	cmp	r2, #0
 8005380:	db4e      	blt.n	8005420 <ready_thread+0xa8>
 8005382:	f013 0f1f 	tst.w	r3, #31
 8005386:	d14b      	bne.n	8005420 <ready_thread+0xa8>
{
 8005388:	b510      	push	{r4, lr}
	thread->base.thread_state |= _THREAD_QUEUED;
 800538a:	f063 037f 	orn	r3, r3, #127	@ 0x7f
 800538e:	7403      	strb	r3, [r0, #16]
	return list->head == list;
 8005390:	4a24      	ldr	r2, [pc, #144]	@ (8005424 <ready_thread+0xac>)
 8005392:	f852 3f18 	ldr.w	r3, [r2, #24]!
	return sys_dlist_is_empty(list) ? NULL : list->head;
 8005396:	4293      	cmp	r3, r2
 8005398:	d03a      	beq.n	8005410 <ready_thread+0x98>
	SYS_DLIST_FOR_EACH_CONTAINER(pq, t, base.qnode_dlist) {
 800539a:	b17b      	cbz	r3, 80053bc <ready_thread+0x44>
	int32_t b1 = thread_1->base.prio;
 800539c:	f990 100e 	ldrsb.w	r1, [r0, #14]
	int32_t b2 = thread_2->base.prio;
 80053a0:	f993 200e 	ldrsb.w	r2, [r3, #14]
	if (b1 != b2) {
 80053a4:	4291      	cmp	r1, r2
 80053a6:	d002      	beq.n	80053ae <ready_thread+0x36>
		return b2 - b1;
 80053a8:	1a52      	subs	r2, r2, r1
		if (z_sched_prio_cmp(thread, t) > 0) {
 80053aa:	2a00      	cmp	r2, #0
 80053ac:	dc27      	bgt.n	80053fe <ready_thread+0x86>
	SYS_DLIST_FOR_EACH_CONTAINER(pq, t, base.qnode_dlist) {
 80053ae:	4619      	mov	r1, r3
	return (node == list->tail) ? NULL : node->next;
 80053b0:	4a1c      	ldr	r2, [pc, #112]	@ (8005424 <ready_thread+0xac>)
 80053b2:	69d2      	ldr	r2, [r2, #28]
 80053b4:	4293      	cmp	r3, r2
 80053b6:	d001      	beq.n	80053bc <ready_thread+0x44>
 80053b8:	681b      	ldr	r3, [r3, #0]
 80053ba:	bb33      	cbnz	r3, 800540a <ready_thread+0x92>
	sys_dnode_t *const tail = list->tail;
 80053bc:	4b19      	ldr	r3, [pc, #100]	@ (8005424 <ready_thread+0xac>)
 80053be:	69da      	ldr	r2, [r3, #28]
	node->next = list;
 80053c0:	f103 0118 	add.w	r1, r3, #24
 80053c4:	6001      	str	r1, [r0, #0]
	node->prev = tail;
 80053c6:	6042      	str	r2, [r0, #4]
	tail->next = node;
 80053c8:	6010      	str	r0, [r2, #0]
	list->tail = node;
 80053ca:	61d8      	str	r0, [r3, #28]
	return list->head == list;
 80053cc:	4b15      	ldr	r3, [pc, #84]	@ (8005424 <ready_thread+0xac>)
 80053ce:	f853 4f18 	ldr.w	r4, [r3, #24]!
	return sys_dlist_is_empty(list) ? NULL : list->head;
 80053d2:	429c      	cmp	r4, r3
 80053d4:	d01e      	beq.n	8005414 <ready_thread+0x9c>
	if (n != NULL) {
 80053d6:	b1ec      	cbz	r4, 8005414 <ready_thread+0x9c>
	}

	__ASSERT(_current != NULL, "");

	/* Or if we're pended/suspended/dummy (duh) */
	if (z_is_thread_prevented_from_running(_current)) {
 80053d8:	4b12      	ldr	r3, [pc, #72]	@ (8005424 <ready_thread+0xac>)
 80053da:	689b      	ldr	r3, [r3, #8]
	uint8_t state = thread->base.thread_state;
 80053dc:	7c1a      	ldrb	r2, [r3, #16]
	if (z_is_thread_prevented_from_running(_current)) {
 80053de:	f012 0f1f 	tst.w	r2, #31
 80053e2:	d104      	bne.n	80053ee <ready_thread+0x76>
	return thread->base.preempt <= _PREEMPT_THRESHOLD;
 80053e4:	89da      	ldrh	r2, [r3, #14]
	}

	/* Otherwise we have to be running a preemptible thread or
	 * switching to a metairq
	 */
	if (thread_is_preemptible(_current) || thread_is_metairq(thread)) {
 80053e6:	2a7f      	cmp	r2, #127	@ 0x7f
 80053e8:	d901      	bls.n	80053ee <ready_thread+0x76>
	return node->next != NULL;
 80053ea:	69a2      	ldr	r2, [r4, #24]
	/* Edge case on ARM where a thread can be pended out of an
	 * interrupt handler before the "synchronous" swap starts
	 * context switching.  Platforms with atomic swap can never
	 * hit this.
	 */
	if (IS_ENABLED(CONFIG_SWAP_NONATOMIC)
 80053ec:	b1aa      	cbz	r2, 800541a <ready_thread+0xa2>
		if (thread != _current) {
 80053ee:	42a3      	cmp	r3, r4
 80053f0:	d002      	beq.n	80053f8 <ready_thread+0x80>
			z_reset_time_slice(thread);
 80053f2:	4620      	mov	r0, r4
 80053f4:	f000 fb76 	bl	8005ae4 <z_reset_time_slice>
		_kernel.ready_q.cache = thread;
 80053f8:	4b0a      	ldr	r3, [pc, #40]	@ (8005424 <ready_thread+0xac>)
 80053fa:	615c      	str	r4, [r3, #20]
}
 80053fc:	bd10      	pop	{r4, pc}
	sys_dnode_t *const prev = successor->prev;
 80053fe:	685a      	ldr	r2, [r3, #4]
	node->prev = prev;
 8005400:	6042      	str	r2, [r0, #4]
	node->next = successor;
 8005402:	6003      	str	r3, [r0, #0]
	prev->next = node;
 8005404:	6010      	str	r0, [r2, #0]
	successor->prev = node;
 8005406:	6058      	str	r0, [r3, #4]
			return;
 8005408:	e7e0      	b.n	80053cc <ready_thread+0x54>
	return (node != NULL) ? sys_dlist_peek_next_no_check(list, node) : NULL;
 800540a:	2900      	cmp	r1, #0
 800540c:	d1c5      	bne.n	800539a <ready_thread+0x22>
 800540e:	e7d5      	b.n	80053bc <ready_thread+0x44>
	SYS_DLIST_FOR_EACH_CONTAINER(pq, t, base.qnode_dlist) {
 8005410:	2300      	movs	r3, #0
 8005412:	e7c2      	b.n	800539a <ready_thread+0x22>
	return (thread != NULL) ? thread : _current_cpu->idle_thread;
 8005414:	4b03      	ldr	r3, [pc, #12]	@ (8005424 <ready_thread+0xac>)
 8005416:	68dc      	ldr	r4, [r3, #12]
 8005418:	e7de      	b.n	80053d8 <ready_thread+0x60>
		_kernel.ready_q.cache = _current;
 800541a:	4a02      	ldr	r2, [pc, #8]	@ (8005424 <ready_thread+0xac>)
 800541c:	6153      	str	r3, [r2, #20]
 800541e:	e7ed      	b.n	80053fc <ready_thread+0x84>
 8005420:	4770      	bx	lr
 8005422:	bf00      	nop
 8005424:	20000a40 	.word	0x20000a40

08005428 <unready_thread>:
}
#include <zephyr/syscalls/k_thread_resume_mrsh.c>
#endif /* CONFIG_USERSPACE */

static void unready_thread(struct k_thread *thread)
{
 8005428:	b510      	push	{r4, lr}
	return (thread->base.thread_state & state) != 0U;
 800542a:	7c03      	ldrb	r3, [r0, #16]
	if (z_is_thread_queued(thread)) {
 800542c:	f990 2010 	ldrsb.w	r2, [r0, #16]
 8005430:	2a00      	cmp	r2, #0
 8005432:	db19      	blt.n	8005468 <unready_thread+0x40>
		dequeue_thread(thread);
	}
	update_cache(thread == _current);
 8005434:	4b15      	ldr	r3, [pc, #84]	@ (800548c <unready_thread+0x64>)
 8005436:	689a      	ldr	r2, [r3, #8]
	return list->head == list;
 8005438:	f853 4f18 	ldr.w	r4, [r3, #24]!
	return sys_dlist_is_empty(list) ? NULL : list->head;
 800543c:	429c      	cmp	r4, r3
 800543e:	d01e      	beq.n	800547e <unready_thread+0x56>
	if (n != NULL) {
 8005440:	b1ec      	cbz	r4, 800547e <unready_thread+0x56>
	if (preempt_ok != 0) {
 8005442:	4282      	cmp	r2, r0
 8005444:	d008      	beq.n	8005458 <unready_thread+0x30>
	uint8_t state = thread->base.thread_state;
 8005446:	7c13      	ldrb	r3, [r2, #16]
	if (z_is_thread_prevented_from_running(_current)) {
 8005448:	f013 0f1f 	tst.w	r3, #31
 800544c:	d104      	bne.n	8005458 <unready_thread+0x30>
	return thread->base.preempt <= _PREEMPT_THRESHOLD;
 800544e:	89d3      	ldrh	r3, [r2, #14]
	if (thread_is_preemptible(_current) || thread_is_metairq(thread)) {
 8005450:	2b7f      	cmp	r3, #127	@ 0x7f
 8005452:	d901      	bls.n	8005458 <unready_thread+0x30>
	return node->next != NULL;
 8005454:	69a3      	ldr	r3, [r4, #24]
	if (IS_ENABLED(CONFIG_SWAP_NONATOMIC)
 8005456:	b1ab      	cbz	r3, 8005484 <unready_thread+0x5c>
		if (thread != _current) {
 8005458:	42a2      	cmp	r2, r4
 800545a:	d002      	beq.n	8005462 <unready_thread+0x3a>
			z_reset_time_slice(thread);
 800545c:	4620      	mov	r0, r4
 800545e:	f000 fb41 	bl	8005ae4 <z_reset_time_slice>
		_kernel.ready_q.cache = thread;
 8005462:	4b0a      	ldr	r3, [pc, #40]	@ (800548c <unready_thread+0x64>)
 8005464:	615c      	str	r4, [r3, #20]
}
 8005466:	bd10      	pop	{r4, pc}
	thread->base.thread_state &= ~_THREAD_QUEUED;
 8005468:	f003 037f 	and.w	r3, r3, #127	@ 0x7f
 800546c:	7403      	strb	r3, [r0, #16]
	sys_dnode_t *const prev = node->prev;
 800546e:	6842      	ldr	r2, [r0, #4]
	sys_dnode_t *const next = node->next;
 8005470:	6803      	ldr	r3, [r0, #0]
	prev->next = next;
 8005472:	6013      	str	r3, [r2, #0]
	next->prev = prev;
 8005474:	605a      	str	r2, [r3, #4]
	node->next = NULL;
 8005476:	2300      	movs	r3, #0
 8005478:	6003      	str	r3, [r0, #0]
	node->prev = NULL;
 800547a:	6043      	str	r3, [r0, #4]
}
 800547c:	e7da      	b.n	8005434 <unready_thread+0xc>
	return (thread != NULL) ? thread : _current_cpu->idle_thread;
 800547e:	4b03      	ldr	r3, [pc, #12]	@ (800548c <unready_thread+0x64>)
 8005480:	68dc      	ldr	r4, [r3, #12]
 8005482:	e7de      	b.n	8005442 <unready_thread+0x1a>
		_kernel.ready_q.cache = _current;
 8005484:	4b01      	ldr	r3, [pc, #4]	@ (800548c <unready_thread+0x64>)
 8005486:	615a      	str	r2, [r3, #20]
 8005488:	e7ed      	b.n	8005466 <unready_thread+0x3e>
 800548a:	bf00      	nop
 800548c:	20000a40 	.word	0x20000a40

08005490 <thread_halt_spin>:
{
 8005490:	e92d 43f8 	stmdb	sp!, {r3, r4, r5, r6, r7, r8, r9, lr}
 8005494:	4605      	mov	r5, r0
 8005496:	460c      	mov	r4, r1
	if (z_is_thread_halting(_current)) {
 8005498:	4b42      	ldr	r3, [pc, #264]	@ (80055a4 <thread_halt_spin+0x114>)
 800549a:	689e      	ldr	r6, [r3, #8]
	return (thread->base.thread_state &
 800549c:	7c33      	ldrb	r3, [r6, #16]
 800549e:	f013 0f60 	tst.w	r3, #96	@ 0x60
 80054a2:	d02b      	beq.n	80054fc <thread_halt_spin+0x6c>
		halt_thread(_current,
 80054a4:	f013 0f20 	tst.w	r3, #32
 80054a8:	d02d      	beq.n	8005506 <thread_halt_spin+0x76>
 80054aa:	2708      	movs	r7, #8
	bool dummify = false;

	/* We hold the lock, and the thread is known not to be running
	 * anywhere.
	 */
	if ((thread->base.thread_state & new_state) == 0U) {
 80054ac:	421f      	tst	r7, r3
 80054ae:	d125      	bne.n	80054fc <thread_halt_spin+0x6c>
		thread->base.thread_state |= new_state;
 80054b0:	433b      	orrs	r3, r7
 80054b2:	7433      	strb	r3, [r6, #16]
		if (z_is_thread_queued(thread)) {
 80054b4:	f013 0f80 	tst.w	r3, #128	@ 0x80
 80054b8:	d127      	bne.n	800550a <thread_halt_spin+0x7a>
			dequeue_thread(thread);
		}

		if (new_state == _THREAD_DEAD) {
 80054ba:	2f08      	cmp	r7, #8
 80054bc:	d030      	beq.n	8005520 <thread_halt_spin+0x90>
	bool dummify = false;
 80054be:	f04f 0900 	mov.w	r9, #0
	return list->head == list;
 80054c2:	4b38      	ldr	r3, [pc, #224]	@ (80055a4 <thread_halt_spin+0x114>)
 80054c4:	f853 8f18 	ldr.w	r8, [r3, #24]!
	return sys_dlist_is_empty(list) ? NULL : list->head;
 80054c8:	4598      	cmp	r8, r3
 80054ca:	d04f      	beq.n	800556c <thread_halt_spin+0xdc>
 80054cc:	f1b8 0f00 	cmp.w	r8, #0
 80054d0:	d04c      	beq.n	800556c <thread_halt_spin+0xdc>
		if (thread != _current) {
 80054d2:	4b34      	ldr	r3, [pc, #208]	@ (80055a4 <thread_halt_spin+0x114>)
 80054d4:	689b      	ldr	r3, [r3, #8]
 80054d6:	4543      	cmp	r3, r8
 80054d8:	d002      	beq.n	80054e0 <thread_halt_spin+0x50>
			z_reset_time_slice(thread);
 80054da:	4640      	mov	r0, r8
 80054dc:	f000 fb02 	bl	8005ae4 <z_reset_time_slice>
		_kernel.ready_q.cache = thread;
 80054e0:	4b30      	ldr	r3, [pc, #192]	@ (80055a4 <thread_halt_spin+0x114>)
 80054e2:	f8c3 8014 	str.w	r8, [r3, #20]
#ifdef CONFIG_SMP
		unpend_all(&thread->halt_queue);
#endif /* CONFIG_SMP */
		update_cache(1);

		if (new_state == _THREAD_SUSPENDED) {
 80054e6:	2f10      	cmp	r7, #16
 80054e8:	d008      	beq.n	80054fc <thread_halt_spin+0x6c>
			clear_halting(thread);
			return;
		}

		arch_coprocessors_disable(thread);
 80054ea:	4630      	mov	r0, r6
 80054ec:	f002 fb12 	bl	8007b14 <arch_coprocessors_disable>

		SYS_PORT_TRACING_FUNC(k_thread, sched_abort, thread);

		z_thread_monitor_exit(thread);
 80054f0:	4630      	mov	r0, r6
 80054f2:	f000 fb51 	bl	8005b98 <z_thread_monitor_exit>
		 * handle for any threads spinning in join() (this can
		 * never be used, as our thread is flagged dead, but
		 * it must not be NULL otherwise join can deadlock).
		 * Use 1 as a clearly invalid but non-NULL value.
		 */
		if (dummify && !IS_ENABLED(CONFIG_ARCH_POSIX)) {
 80054f6:	f1b9 0f00 	cmp.w	r9, #0
 80054fa:	d13b      	bne.n	8005574 <thread_halt_spin+0xe4>
 80054fc:	f384 8811 	msr	BASEPRI, r4
 8005500:	f3bf 8f6f 	isb	sy
	while (z_is_thread_halting(thread)) {
 8005504:	e047      	b.n	8005596 <thread_halt_spin+0x106>
		halt_thread(_current,
 8005506:	2710      	movs	r7, #16
 8005508:	e7d0      	b.n	80054ac <thread_halt_spin+0x1c>
	thread->base.thread_state &= ~_THREAD_QUEUED;
 800550a:	f003 037f 	and.w	r3, r3, #127	@ 0x7f
 800550e:	7433      	strb	r3, [r6, #16]
	sys_dnode_t *const prev = node->prev;
 8005510:	6872      	ldr	r2, [r6, #4]
	sys_dnode_t *const next = node->next;
 8005512:	6833      	ldr	r3, [r6, #0]
	prev->next = next;
 8005514:	6013      	str	r3, [r2, #0]
	next->prev = prev;
 8005516:	605a      	str	r2, [r3, #4]
	node->next = NULL;
 8005518:	2300      	movs	r3, #0
 800551a:	6033      	str	r3, [r6, #0]
	node->prev = NULL;
 800551c:	6073      	str	r3, [r6, #4]
}
 800551e:	e7cc      	b.n	80054ba <thread_halt_spin+0x2a>
			if (thread->base.pended_on != NULL) {
 8005520:	68b3      	ldr	r3, [r6, #8]
 8005522:	b15b      	cbz	r3, 800553c <thread_halt_spin+0xac>
	sys_dnode_t *const prev = node->prev;
 8005524:	6872      	ldr	r2, [r6, #4]
	sys_dnode_t *const next = node->next;
 8005526:	6833      	ldr	r3, [r6, #0]
	prev->next = next;
 8005528:	6013      	str	r3, [r2, #0]
	next->prev = prev;
 800552a:	605a      	str	r2, [r3, #4]
	node->next = NULL;
 800552c:	2300      	movs	r3, #0
 800552e:	6033      	str	r3, [r6, #0]
	node->prev = NULL;
 8005530:	6073      	str	r3, [r6, #4]
	thread->base.thread_state &= ~_THREAD_PENDING;
 8005532:	7c32      	ldrb	r2, [r6, #16]
 8005534:	f022 0202 	bic.w	r2, r2, #2
 8005538:	7432      	strb	r2, [r6, #16]
 800553a:	60b3      	str	r3, [r6, #8]
	z_abort_timeout(&thread->base.timeout);
 800553c:	f106 0018 	add.w	r0, r6, #24
 8005540:	f003 fd27 	bl	8008f92 <z_abort_timeout>
			unpend_all(&thread->join_queue);
 8005544:	f106 0058 	add.w	r0, r6, #88	@ 0x58
 8005548:	f003 fc29 	bl	8008d9e <unpend_all>
			if (thread == _current && arch_is_in_isr()) {
 800554c:	4b15      	ldr	r3, [pc, #84]	@ (80055a4 <thread_halt_spin+0x114>)
 800554e:	689b      	ldr	r3, [r3, #8]
 8005550:	429e      	cmp	r6, r3
 8005552:	d002      	beq.n	800555a <thread_halt_spin+0xca>
	bool dummify = false;
 8005554:	f04f 0900 	mov.w	r9, #0
 8005558:	e7b3      	b.n	80054c2 <thread_halt_spin+0x32>
  __ASM volatile ("MRS %0, ipsr" : "=r" (result) );
 800555a:	f3ef 8305 	mrs	r3, IPSR
			if (thread == _current && arch_is_in_isr()) {
 800555e:	b913      	cbnz	r3, 8005566 <thread_halt_spin+0xd6>
	bool dummify = false;
 8005560:	f04f 0900 	mov.w	r9, #0
 8005564:	e7ad      	b.n	80054c2 <thread_halt_spin+0x32>
				dummify = true;
 8005566:	f04f 0901 	mov.w	r9, #1
 800556a:	e7aa      	b.n	80054c2 <thread_halt_spin+0x32>
	return (thread != NULL) ? thread : _current_cpu->idle_thread;
 800556c:	4b0d      	ldr	r3, [pc, #52]	@ (80055a4 <thread_halt_spin+0x114>)
 800556e:	f8d3 800c 	ldr.w	r8, [r3, #12]
 8005572:	e7ae      	b.n	80054d2 <thread_halt_spin+0x42>
#ifdef CONFIG_USE_SWITCH
			_current->switch_handle = (void *)1;
#endif
			z_dummy_thread_init(&_thread_dummy);
 8005574:	480c      	ldr	r0, [pc, #48]	@ (80055a8 <thread_halt_spin+0x118>)
 8005576:	f7ff febb 	bl	80052f0 <z_dummy_thread_init>
 800557a:	e7bf      	b.n	80054fc <thread_halt_spin+0x6c>
  __ASM volatile ("MRS %0, basepri" : "=r" (result) );
 800557c:	f3ef 8411 	mrs	r4, BASEPRI
  __ASM volatile ("MSR basepri_max, %0" : : "r" (basePri) : "memory");
 8005580:	2310      	movs	r3, #16
 8005582:	f383 8812 	msr	BASEPRI_MAX, r3
 8005586:	f3bf 8f6f 	isb	sy
		arch_spin_relax(); /* Requires interrupts be masked */
 800558a:	f003 fb6a 	bl	8008c62 <arch_spin_relax>
  __ASM volatile ("MSR basepri, %0" : : "r" (basePri) : "memory");
 800558e:	f384 8811 	msr	BASEPRI, r4
 8005592:	f3bf 8f6f 	isb	sy
	return (thread->base.thread_state &
 8005596:	7c2b      	ldrb	r3, [r5, #16]
	while (z_is_thread_halting(thread)) {
 8005598:	f013 0f60 	tst.w	r3, #96	@ 0x60
 800559c:	d1ee      	bne.n	800557c <thread_halt_spin+0xec>
}
 800559e:	e8bd 83f8 	ldmia.w	sp!, {r3, r4, r5, r6, r7, r8, r9, pc}
 80055a2:	bf00      	nop
 80055a4:	20000a40 	.word	0x20000a40
 80055a8:	200007f8 	.word	0x200007f8

080055ac <add_thread_timeout>:
	if (!K_TIMEOUT_EQ(timeout, K_FOREVER)) {
 80055ac:	f1b3 3fff 	cmp.w	r3, #4294967295
 80055b0:	bf08      	it	eq
 80055b2:	f1b2 3fff 	cmpeq.w	r2, #4294967295
 80055b6:	d100      	bne.n	80055ba <add_thread_timeout+0xe>
 80055b8:	4770      	bx	lr
{
 80055ba:	b508      	push	{r3, lr}
	return z_add_timeout(&thread->base.timeout, z_thread_timeout, ticks);
 80055bc:	4902      	ldr	r1, [pc, #8]	@ (80055c8 <add_thread_timeout+0x1c>)
 80055be:	3018      	adds	r0, #24
 80055c0:	f000 fb2a 	bl	8005c18 <z_add_timeout>
}
 80055c4:	bd08      	pop	{r3, pc}
 80055c6:	bf00      	nop
 80055c8:	08008ea7 	.word	0x08008ea7

080055cc <move_current_to_end_of_prio_q>:
{
 80055cc:	b510      	push	{r4, lr}
	n = sys_dlist_peek_next_no_check(pq, &_current->base.qnode_dlist);
 80055ce:	4b20      	ldr	r3, [pc, #128]	@ (8005650 <move_current_to_end_of_prio_q+0x84>)
 80055d0:	689a      	ldr	r2, [r3, #8]
	return (node == list->tail) ? NULL : node->next;
 80055d2:	69db      	ldr	r3, [r3, #28]
 80055d4:	429a      	cmp	r2, r3
 80055d6:	d005      	beq.n	80055e4 <move_current_to_end_of_prio_q+0x18>
 80055d8:	6813      	ldr	r3, [r2, #0]
	sys_dnode_t *const prev = node->prev;
 80055da:	6851      	ldr	r1, [r2, #4]
	sys_dnode_t *const next = node->next;
 80055dc:	6812      	ldr	r2, [r2, #0]
	prev->next = next;
 80055de:	600a      	str	r2, [r1, #0]
	next->prev = prev;
 80055e0:	6051      	str	r1, [r2, #4]
}
 80055e2:	e006      	b.n	80055f2 <move_current_to_end_of_prio_q+0x26>
	return (node == list->tail) ? NULL : node->next;
 80055e4:	2300      	movs	r3, #0
 80055e6:	e7f8      	b.n	80055da <move_current_to_end_of_prio_q+0xe>
 80055e8:	4a19      	ldr	r2, [pc, #100]	@ (8005650 <move_current_to_end_of_prio_q+0x84>)
 80055ea:	69d2      	ldr	r2, [r2, #28]
 80055ec:	4293      	cmp	r3, r2
 80055ee:	d012      	beq.n	8005616 <move_current_to_end_of_prio_q+0x4a>
 80055f0:	681b      	ldr	r3, [r3, #0]
	while (n != NULL) {
 80055f2:	b183      	cbz	r3, 8005616 <move_current_to_end_of_prio_q+0x4a>
		if (z_sched_prio_cmp(_current, t) > 0) {
 80055f4:	4a16      	ldr	r2, [pc, #88]	@ (8005650 <move_current_to_end_of_prio_q+0x84>)
 80055f6:	6890      	ldr	r0, [r2, #8]
	int32_t b1 = thread_1->base.prio;
 80055f8:	f990 100e 	ldrsb.w	r1, [r0, #14]
	int32_t b2 = thread_2->base.prio;
 80055fc:	f993 200e 	ldrsb.w	r2, [r3, #14]
	if (b1 != b2) {
 8005600:	4291      	cmp	r1, r2
 8005602:	d0f1      	beq.n	80055e8 <move_current_to_end_of_prio_q+0x1c>
		return b2 - b1;
 8005604:	1a52      	subs	r2, r2, r1
		if (z_sched_prio_cmp(_current, t) > 0) {
 8005606:	2a00      	cmp	r2, #0
 8005608:	ddee      	ble.n	80055e8 <move_current_to_end_of_prio_q+0x1c>
	sys_dnode_t *const prev = successor->prev;
 800560a:	685a      	ldr	r2, [r3, #4]
	node->prev = prev;
 800560c:	6042      	str	r2, [r0, #4]
	node->next = successor;
 800560e:	6003      	str	r3, [r0, #0]
	prev->next = node;
 8005610:	6010      	str	r0, [r2, #0]
	successor->prev = node;
 8005612:	6058      	str	r0, [r3, #4]
			return;
 8005614:	e008      	b.n	8005628 <move_current_to_end_of_prio_q+0x5c>
	sys_dlist_append(pq, &_current->base.qnode_dlist);
 8005616:	4b0e      	ldr	r3, [pc, #56]	@ (8005650 <move_current_to_end_of_prio_q+0x84>)
 8005618:	689a      	ldr	r2, [r3, #8]
	sys_dnode_t *const tail = list->tail;
 800561a:	69d9      	ldr	r1, [r3, #28]
	node->next = list;
 800561c:	f103 0018 	add.w	r0, r3, #24
 8005620:	6010      	str	r0, [r2, #0]
	node->prev = tail;
 8005622:	6051      	str	r1, [r2, #4]
	tail->next = node;
 8005624:	600a      	str	r2, [r1, #0]
	list->tail = node;
 8005626:	61da      	str	r2, [r3, #28]
	return list->head == list;
 8005628:	4b09      	ldr	r3, [pc, #36]	@ (8005650 <move_current_to_end_of_prio_q+0x84>)
 800562a:	f853 4f18 	ldr.w	r4, [r3, #24]!
	return sys_dlist_is_empty(list) ? NULL : list->head;
 800562e:	429c      	cmp	r4, r3
 8005630:	d00a      	beq.n	8005648 <move_current_to_end_of_prio_q+0x7c>
	if (n != NULL) {
 8005632:	b14c      	cbz	r4, 8005648 <move_current_to_end_of_prio_q+0x7c>
		if (thread != _current) {
 8005634:	4b06      	ldr	r3, [pc, #24]	@ (8005650 <move_current_to_end_of_prio_q+0x84>)
 8005636:	689b      	ldr	r3, [r3, #8]
 8005638:	429c      	cmp	r4, r3
 800563a:	d002      	beq.n	8005642 <move_current_to_end_of_prio_q+0x76>
			z_reset_time_slice(thread);
 800563c:	4620      	mov	r0, r4
 800563e:	f000 fa51 	bl	8005ae4 <z_reset_time_slice>
		_kernel.ready_q.cache = thread;
 8005642:	4b03      	ldr	r3, [pc, #12]	@ (8005650 <move_current_to_end_of_prio_q+0x84>)
 8005644:	615c      	str	r4, [r3, #20]
}
 8005646:	bd10      	pop	{r4, pc}
	return (thread != NULL) ? thread : _current_cpu->idle_thread;
 8005648:	4b01      	ldr	r3, [pc, #4]	@ (8005650 <move_current_to_end_of_prio_q+0x84>)
 800564a:	68dc      	ldr	r4, [r3, #12]
 800564c:	e7f2      	b.n	8005634 <move_current_to_end_of_prio_q+0x68>
 800564e:	bf00      	nop
 8005650:	20000a40 	.word	0x20000a40

08005654 <z_pend_curr>:
{
 8005654:	b510      	push	{r4, lr}
 8005656:	460c      	mov	r4, r1
 8005658:	4611      	mov	r1, r2
	pending_current = _current;
 800565a:	480a      	ldr	r0, [pc, #40]	@ (8005684 <z_pend_curr+0x30>)
 800565c:	6882      	ldr	r2, [r0, #8]
 800565e:	4b0a      	ldr	r3, [pc, #40]	@ (8005688 <z_pend_curr+0x34>)
 8005660:	601a      	str	r2, [r3, #0]
  __ASM volatile ("MRS %0, basepri" : "=r" (result) );
 8005662:	f3ef 8311 	mrs	r3, BASEPRI
  __ASM volatile ("MSR basepri_max, %0" : : "r" (basePri) : "memory");
 8005666:	2310      	movs	r3, #16
 8005668:	f383 8812 	msr	BASEPRI_MAX, r3
 800566c:	f3bf 8f6f 	isb	sy
	pend_locked(_current, wait_q, timeout);
 8005670:	e9dd 2302 	ldrd	r2, r3, [sp, #8]
 8005674:	6880      	ldr	r0, [r0, #8]
 8005676:	f003 fbb5 	bl	8008de4 <pend_locked>
 800567a:	4620      	mov	r0, r4
 800567c:	f7ff fe48 	bl	8005310 <z_swap_irqlock>
}
 8005680:	bd10      	pop	{r4, pc}
 8005682:	bf00      	nop
 8005684:	20000a40 	.word	0x20000a40
 8005688:	20000a64 	.word	0x20000a64

0800568c <k_sched_lock>:
	K_SPINLOCK(&_sched_spinlock) {
 800568c:	2300      	movs	r3, #0
  __ASM volatile ("MRS %0, basepri" : "=r" (result) );
 800568e:	f3ef 8111 	mrs	r1, BASEPRI
  __ASM volatile ("MSR basepri_max, %0" : : "r" (basePri) : "memory");
 8005692:	2210      	movs	r2, #16
 8005694:	f382 8812 	msr	BASEPRI_MAX, r2
 8005698:	f3bf 8f6f 	isb	sy
 800569c:	e009      	b.n	80056b2 <k_sched_lock+0x26>
		--_current->base.sched_locked;
 800569e:	4b06      	ldr	r3, [pc, #24]	@ (80056b8 <k_sched_lock+0x2c>)
 80056a0:	689a      	ldr	r2, [r3, #8]
 80056a2:	7bd3      	ldrb	r3, [r2, #15]
 80056a4:	3b01      	subs	r3, #1
 80056a6:	73d3      	strb	r3, [r2, #15]
  __ASM volatile ("MSR basepri, %0" : : "r" (basePri) : "memory");
 80056a8:	f381 8811 	msr	BASEPRI, r1
 80056ac:	f3bf 8f6f 	isb	sy
	K_SPINLOCK(&_sched_spinlock) {
 80056b0:	2301      	movs	r3, #1
 80056b2:	2b00      	cmp	r3, #0
 80056b4:	d0f3      	beq.n	800569e <k_sched_lock+0x12>
}
 80056b6:	4770      	bx	lr
 80056b8:	20000a40 	.word	0x20000a40

080056bc <k_sched_unlock>:
{
 80056bc:	b538      	push	{r3, r4, r5, lr}
  __ASM volatile ("MRS %0, basepri" : "=r" (result) );
 80056be:	f3ef 8511 	mrs	r5, BASEPRI
  __ASM volatile ("MSR basepri_max, %0" : : "r" (basePri) : "memory");
 80056c2:	2310      	movs	r3, #16
 80056c4:	f383 8812 	msr	BASEPRI_MAX, r3
 80056c8:	f3bf 8f6f 	isb	sy
	++_current->base.sched_locked;
 80056cc:	4b12      	ldr	r3, [pc, #72]	@ (8005718 <k_sched_unlock+0x5c>)
 80056ce:	689a      	ldr	r2, [r3, #8]
 80056d0:	7bd1      	ldrb	r1, [r2, #15]
 80056d2:	3101      	adds	r1, #1
 80056d4:	73d1      	strb	r1, [r2, #15]
	return list->head == list;
 80056d6:	f853 4f18 	ldr.w	r4, [r3, #24]!
	return sys_dlist_is_empty(list) ? NULL : list->head;
 80056da:	429c      	cmp	r4, r3
 80056dc:	d015      	beq.n	800570a <k_sched_unlock+0x4e>
 80056de:	b1a4      	cbz	r4, 800570a <k_sched_unlock+0x4e>
	uint8_t state = thread->base.thread_state;
 80056e0:	7c13      	ldrb	r3, [r2, #16]
	if (z_is_thread_prevented_from_running(_current)) {
 80056e2:	f013 0f1f 	tst.w	r3, #31
 80056e6:	d104      	bne.n	80056f2 <k_sched_unlock+0x36>
	return thread->base.preempt <= _PREEMPT_THRESHOLD;
 80056e8:	89d3      	ldrh	r3, [r2, #14]
	if (thread_is_preemptible(_current) || thread_is_metairq(thread)) {
 80056ea:	2b7f      	cmp	r3, #127	@ 0x7f
 80056ec:	d901      	bls.n	80056f2 <k_sched_unlock+0x36>
	return node->next != NULL;
 80056ee:	69a3      	ldr	r3, [r4, #24]
	if (IS_ENABLED(CONFIG_SWAP_NONATOMIC)
 80056f0:	b173      	cbz	r3, 8005710 <k_sched_unlock+0x54>
		if (thread != _current) {
 80056f2:	4294      	cmp	r4, r2
 80056f4:	d002      	beq.n	80056fc <k_sched_unlock+0x40>
			z_reset_time_slice(thread);
 80056f6:	4620      	mov	r0, r4
 80056f8:	f000 f9f4 	bl	8005ae4 <z_reset_time_slice>
		_kernel.ready_q.cache = thread;
 80056fc:	4b06      	ldr	r3, [pc, #24]	@ (8005718 <k_sched_unlock+0x5c>)
 80056fe:	615c      	str	r4, [r3, #20]
	reschedule(&_sched_spinlock, key);
 8005700:	4629      	mov	r1, r5
 8005702:	4806      	ldr	r0, [pc, #24]	@ (800571c <k_sched_unlock+0x60>)
 8005704:	f7ff fe1e 	bl	8005344 <reschedule>
}
 8005708:	bd38      	pop	{r3, r4, r5, pc}
	return (thread != NULL) ? thread : _current_cpu->idle_thread;
 800570a:	4b03      	ldr	r3, [pc, #12]	@ (8005718 <k_sched_unlock+0x5c>)
 800570c:	68dc      	ldr	r4, [r3, #12]
 800570e:	e7e7      	b.n	80056e0 <k_sched_unlock+0x24>
		_kernel.ready_q.cache = _current;
 8005710:	4b01      	ldr	r3, [pc, #4]	@ (8005718 <k_sched_unlock+0x5c>)
 8005712:	615a      	str	r2, [r3, #20]
 8005714:	e7f4      	b.n	8005700 <k_sched_unlock+0x44>
 8005716:	bf00      	nop
 8005718:	20000a40 	.word	0x20000a40
 800571c:	20000a64 	.word	0x20000a64

08005720 <z_sched_init>:
{
 8005720:	b508      	push	{r3, lr}
	init_ready_q(&_kernel.ready_q);
 8005722:	4802      	ldr	r0, [pc, #8]	@ (800572c <z_sched_init+0xc>)
 8005724:	f003 fbff 	bl	8008f26 <init_ready_q>
}
 8005728:	bd08      	pop	{r3, pc}
 800572a:	bf00      	nop
 800572c:	20000a54 	.word	0x20000a54

08005730 <z_impl_k_yield>:
{
 8005730:	b538      	push	{r3, r4, r5, lr}
  __ASM volatile ("MRS %0, basepri" : "=r" (result) );
 8005732:	f3ef 8411 	mrs	r4, BASEPRI
  __ASM volatile ("MSR basepri_max, %0" : : "r" (basePri) : "memory");
 8005736:	2310      	movs	r3, #16
 8005738:	f383 8812 	msr	BASEPRI_MAX, r3
 800573c:	f3bf 8f6f 	isb	sy
	n = sys_dlist_peek_next_no_check(pq, &_current->base.qnode_dlist);
 8005740:	4b21      	ldr	r3, [pc, #132]	@ (80057c8 <z_impl_k_yield+0x98>)
 8005742:	689a      	ldr	r2, [r3, #8]
	return (node == list->tail) ? NULL : node->next;
 8005744:	69db      	ldr	r3, [r3, #28]
 8005746:	429a      	cmp	r2, r3
 8005748:	d005      	beq.n	8005756 <z_impl_k_yield+0x26>
 800574a:	6813      	ldr	r3, [r2, #0]
	sys_dnode_t *const prev = node->prev;
 800574c:	6851      	ldr	r1, [r2, #4]
	sys_dnode_t *const next = node->next;
 800574e:	6812      	ldr	r2, [r2, #0]
	prev->next = next;
 8005750:	600a      	str	r2, [r1, #0]
	next->prev = prev;
 8005752:	6051      	str	r1, [r2, #4]
}
 8005754:	e006      	b.n	8005764 <z_impl_k_yield+0x34>
	return (node == list->tail) ? NULL : node->next;
 8005756:	2300      	movs	r3, #0
 8005758:	e7f8      	b.n	800574c <z_impl_k_yield+0x1c>
 800575a:	4a1b      	ldr	r2, [pc, #108]	@ (80057c8 <z_impl_k_yield+0x98>)
 800575c:	69d2      	ldr	r2, [r2, #28]
 800575e:	4293      	cmp	r3, r2
 8005760:	d012      	beq.n	8005788 <z_impl_k_yield+0x58>
 8005762:	681b      	ldr	r3, [r3, #0]
	while (n != NULL) {
 8005764:	b183      	cbz	r3, 8005788 <z_impl_k_yield+0x58>
		if (z_sched_prio_cmp(_current, t) > 0) {
 8005766:	4a18      	ldr	r2, [pc, #96]	@ (80057c8 <z_impl_k_yield+0x98>)
 8005768:	6890      	ldr	r0, [r2, #8]
	int32_t b1 = thread_1->base.prio;
 800576a:	f990 100e 	ldrsb.w	r1, [r0, #14]
	int32_t b2 = thread_2->base.prio;
 800576e:	f993 200e 	ldrsb.w	r2, [r3, #14]
	if (b1 != b2) {
 8005772:	4291      	cmp	r1, r2
 8005774:	d0f1      	beq.n	800575a <z_impl_k_yield+0x2a>
		return b2 - b1;
 8005776:	1a52      	subs	r2, r2, r1
		if (z_sched_prio_cmp(_current, t) > 0) {
 8005778:	2a00      	cmp	r2, #0
 800577a:	ddee      	ble.n	800575a <z_impl_k_yield+0x2a>
	sys_dnode_t *const prev = successor->prev;
 800577c:	685a      	ldr	r2, [r3, #4]
	node->prev = prev;
 800577e:	6042      	str	r2, [r0, #4]
	node->next = successor;
 8005780:	6003      	str	r3, [r0, #0]
	prev->next = node;
 8005782:	6010      	str	r0, [r2, #0]
	successor->prev = node;
 8005784:	6058      	str	r0, [r3, #4]
			return;
 8005786:	e008      	b.n	800579a <z_impl_k_yield+0x6a>
	sys_dlist_append(pq, &_current->base.qnode_dlist);
 8005788:	4b0f      	ldr	r3, [pc, #60]	@ (80057c8 <z_impl_k_yield+0x98>)
 800578a:	689a      	ldr	r2, [r3, #8]
	sys_dnode_t *const tail = list->tail;
 800578c:	69d9      	ldr	r1, [r3, #28]
	node->next = list;
 800578e:	f103 0018 	add.w	r0, r3, #24
 8005792:	6010      	str	r0, [r2, #0]
	node->prev = tail;
 8005794:	6051      	str	r1, [r2, #4]
	tail->next = node;
 8005796:	600a      	str	r2, [r1, #0]
	list->tail = node;
 8005798:	61da      	str	r2, [r3, #28]
	return list->head == list;
 800579a:	4b0b      	ldr	r3, [pc, #44]	@ (80057c8 <z_impl_k_yield+0x98>)
 800579c:	f853 5f18 	ldr.w	r5, [r3, #24]!
	return sys_dlist_is_empty(list) ? NULL : list->head;
 80057a0:	429d      	cmp	r5, r3
 80057a2:	d00d      	beq.n	80057c0 <z_impl_k_yield+0x90>
	if (n != NULL) {
 80057a4:	b165      	cbz	r5, 80057c0 <z_impl_k_yield+0x90>
		if (thread != _current) {
 80057a6:	4b08      	ldr	r3, [pc, #32]	@ (80057c8 <z_impl_k_yield+0x98>)
 80057a8:	689b      	ldr	r3, [r3, #8]
 80057aa:	429d      	cmp	r5, r3
 80057ac:	d002      	beq.n	80057b4 <z_impl_k_yield+0x84>
			z_reset_time_slice(thread);
 80057ae:	4628      	mov	r0, r5
 80057b0:	f000 f998 	bl	8005ae4 <z_reset_time_slice>
		_kernel.ready_q.cache = thread;
 80057b4:	4b04      	ldr	r3, [pc, #16]	@ (80057c8 <z_impl_k_yield+0x98>)
 80057b6:	615d      	str	r5, [r3, #20]
 80057b8:	4620      	mov	r0, r4
 80057ba:	f7ff fda9 	bl	8005310 <z_swap_irqlock>
}
 80057be:	bd38      	pop	{r3, r4, r5, pc}
	return (thread != NULL) ? thread : _current_cpu->idle_thread;
 80057c0:	4b01      	ldr	r3, [pc, #4]	@ (80057c8 <z_impl_k_yield+0x98>)
 80057c2:	68dd      	ldr	r5, [r3, #12]
 80057c4:	e7ef      	b.n	80057a6 <z_impl_k_yield+0x76>
 80057c6:	bf00      	nop
 80057c8:	20000a40 	.word	0x20000a40

080057cc <z_tick_sleep>:
{
 80057cc:	b5f8      	push	{r3, r4, r5, r6, r7, lr}
	if (K_TIMEOUT_EQ(timeout, K_NO_WAIT)) {
 80057ce:	ea51 0300 	orrs.w	r3, r1, r0
 80057d2:	d028      	beq.n	8005826 <z_tick_sleep+0x5a>
 80057d4:	4605      	mov	r5, r0
 80057d6:	460c      	mov	r4, r1
  __ASM volatile ("MRS %0, basepri" : "=r" (result) );
 80057d8:	f3ef 8711 	mrs	r7, BASEPRI
  __ASM volatile ("MSR basepri_max, %0" : : "r" (basePri) : "memory");
 80057dc:	2310      	movs	r3, #16
 80057de:	f383 8812 	msr	BASEPRI_MAX, r3
 80057e2:	f3bf 8f6f 	isb	sy
	pending_current = _current;
 80057e6:	4e15      	ldr	r6, [pc, #84]	@ (800583c <z_tick_sleep+0x70>)
 80057e8:	68b0      	ldr	r0, [r6, #8]
 80057ea:	4b15      	ldr	r3, [pc, #84]	@ (8005840 <z_tick_sleep+0x74>)
 80057ec:	6018      	str	r0, [r3, #0]
	unready_thread(_current);
 80057ee:	f7ff fe1b 	bl	8005428 <unready_thread>
	expected_wakeup_ticks = (uint32_t)z_add_thread_timeout(_current, timeout);
 80057f2:	68b0      	ldr	r0, [r6, #8]
 80057f4:	462a      	mov	r2, r5
 80057f6:	4623      	mov	r3, r4
 80057f8:	4912      	ldr	r1, [pc, #72]	@ (8005844 <z_tick_sleep+0x78>)
 80057fa:	3018      	adds	r0, #24
 80057fc:	f000 fa0c 	bl	8005c18 <z_add_timeout>
 8005800:	4604      	mov	r4, r0
	z_mark_thread_as_sleeping(_current);
 8005802:	68b2      	ldr	r2, [r6, #8]
	thread->base.thread_state |= _THREAD_SLEEPING;
 8005804:	7c13      	ldrb	r3, [r2, #16]
 8005806:	f043 0304 	orr.w	r3, r3, #4
 800580a:	7413      	strb	r3, [r2, #16]
 800580c:	4638      	mov	r0, r7
 800580e:	f7ff fd7f 	bl	8005310 <z_swap_irqlock>
	if (!z_is_aborted_thread_timeout(_current)) {
 8005812:	68b3      	ldr	r3, [r6, #8]
	return to->dticks == TIMEOUT_DTICKS_ABORTED;
 8005814:	6a9a      	ldr	r2, [r3, #40]	@ 0x28
 8005816:	6adb      	ldr	r3, [r3, #44]	@ 0x2c
 8005818:	f1b3 4f00 	cmp.w	r3, #2147483648	@ 0x80000000
 800581c:	bf08      	it	eq
 800581e:	2a00      	cmpeq	r2, #0
 8005820:	d005      	beq.n	800582e <z_tick_sleep+0x62>
		return 0;
 8005822:	2000      	movs	r0, #0
}
 8005824:	bdf8      	pop	{r3, r4, r5, r6, r7, pc}
	z_impl_k_yield();
 8005826:	f7ff ff83 	bl	8005730 <z_impl_k_yield>
		return 0;
 800582a:	2000      	movs	r0, #0
 800582c:	e7fa      	b.n	8005824 <z_tick_sleep+0x58>
	uint32_t left_ticks = expected_wakeup_ticks - sys_clock_tick_get_32();
 800582e:	f003 fbef 	bl	8009010 <sys_clock_tick_get_32>
 8005832:	1a20      	subs	r0, r4, r0
	if (signed_left > 0) {
 8005834:	2800      	cmp	r0, #0
 8005836:	dcf5      	bgt.n	8005824 <z_tick_sleep+0x58>
	return 0;
 8005838:	2000      	movs	r0, #0
 800583a:	e7f3      	b.n	8005824 <z_tick_sleep+0x58>
 800583c:	20000a40 	.word	0x20000a40
 8005840:	20000a64 	.word	0x20000a64
 8005844:	08008ea7 	.word	0x08008ea7

08005848 <z_impl_k_sleep>:
{
 8005848:	b538      	push	{r3, r4, r5, lr}
 800584a:	4604      	mov	r4, r0
 800584c:	460d      	mov	r5, r1
	ticks = z_tick_sleep(timeout);
 800584e:	f7ff ffbd 	bl	80057cc <z_tick_sleep>
 8005852:	4603      	mov	r3, r0
	int64_t ms = K_TIMEOUT_EQ(timeout, K_FOREVER) ? K_TICKS_FOREVER :
 8005854:	4620      	mov	r0, r4
 8005856:	f1b5 3fff 	cmp.w	r5, #4294967295
 800585a:	bf08      	it	eq
 800585c:	f1b4 3fff 	cmpeq.w	r4, #4294967295
 8005860:	d028      	beq.n	80058b4 <z_impl_k_sleep+0x6c>
		clamp(k_ticks_to_ms_ceil64(ticks), 0, INT_MAX);
 8005862:	17da      	asrs	r2, r3, #31
 8005864:	f113 0009 	adds.w	r0, r3, #9
 8005868:	f142 0300 	adc.w	r3, r2, #0
 800586c:	2100      	movs	r1, #0
 800586e:	18c2      	adds	r2, r0, r3
 8005870:	d221      	bcs.n	80058b6 <z_impl_k_sleep+0x6e>
 8005872:	440a      	add	r2, r1
 8005874:	4911      	ldr	r1, [pc, #68]	@ (80058bc <z_impl_k_sleep+0x74>)
 8005876:	fba1 4502 	umull	r4, r5, r1, r2
 800587a:	f025 0403 	bic.w	r4, r5, #3
 800587e:	eb04 0495 	add.w	r4, r4, r5, lsr #2
 8005882:	1b12      	subs	r2, r2, r4
 8005884:	1a80      	subs	r0, r0, r2
 8005886:	f163 0300 	sbc.w	r3, r3, #0
 800588a:	f04f 32cc 	mov.w	r2, #3435973836	@ 0xcccccccc
 800588e:	fb00 f202 	mul.w	r2, r0, r2
 8005892:	fb01 2203 	mla	r2, r1, r3, r2
 8005896:	fba0 0101 	umull	r0, r1, r0, r1
 800589a:	440a      	add	r2, r1
 800589c:	0843      	lsrs	r3, r0, #1
 800589e:	ea43 73c2 	orr.w	r3, r3, r2, lsl #31
 80058a2:	0852      	lsrs	r2, r2, #1
 80058a4:	4618      	mov	r0, r3
 80058a6:	f1b3 4f00 	cmp.w	r3, #2147483648	@ 0x80000000
 80058aa:	f172 0200 	sbcs.w	r2, r2, #0
 80058ae:	d301      	bcc.n	80058b4 <z_impl_k_sleep+0x6c>
 80058b0:	f06f 4000 	mvn.w	r0, #2147483648	@ 0x80000000
}
 80058b4:	bd38      	pop	{r3, r4, r5, pc}
		clamp(k_ticks_to_ms_ceil64(ticks), 0, INT_MAX);
 80058b6:	2101      	movs	r1, #1
 80058b8:	e7db      	b.n	8005872 <z_impl_k_sleep+0x2a>
 80058ba:	bf00      	nop
 80058bc:	cccccccd 	.word	0xcccccccd

080058c0 <z_impl_k_wakeup>:
{
 80058c0:	b538      	push	{r3, r4, r5, lr}
  __ASM volatile ("MRS %0, basepri" : "=r" (result) );
 80058c2:	f3ef 8511 	mrs	r5, BASEPRI
  __ASM volatile ("MSR basepri_max, %0" : : "r" (basePri) : "memory");
 80058c6:	2310      	movs	r3, #16
 80058c8:	f383 8812 	msr	BASEPRI_MAX, r3
 80058cc:	f3bf 8f6f 	isb	sy
	return (thread->base.thread_state & _THREAD_SLEEPING) != 0U;
 80058d0:	7c03      	ldrb	r3, [r0, #16]
	if (z_is_thread_sleeping(thread)) {
 80058d2:	f013 0f04 	tst.w	r3, #4
 80058d6:	d104      	bne.n	80058e2 <z_impl_k_wakeup+0x22>
  __ASM volatile ("MSR basepri, %0" : : "r" (basePri) : "memory");
 80058d8:	f385 8811 	msr	BASEPRI, r5
 80058dc:	f3bf 8f6f 	isb	sy
}
 80058e0:	bd38      	pop	{r3, r4, r5, pc}
 80058e2:	4604      	mov	r4, r0
	z_abort_timeout(&thread->base.timeout);
 80058e4:	3018      	adds	r0, #24
 80058e6:	f003 fb54 	bl	8008f92 <z_abort_timeout>
	thread->base.thread_state &= ~_THREAD_SLEEPING;
 80058ea:	7c23      	ldrb	r3, [r4, #16]
 80058ec:	f023 0304 	bic.w	r3, r3, #4
 80058f0:	7423      	strb	r3, [r4, #16]
		ready_thread(thread);
 80058f2:	4620      	mov	r0, r4
 80058f4:	f7ff fd40 	bl	8005378 <ready_thread>
		reschedule(&_sched_spinlock, key);
 80058f8:	4629      	mov	r1, r5
 80058fa:	4802      	ldr	r0, [pc, #8]	@ (8005904 <z_impl_k_wakeup+0x44>)
 80058fc:	f7ff fd22 	bl	8005344 <reschedule>
 8005900:	e7ee      	b.n	80058e0 <z_impl_k_wakeup+0x20>
 8005902:	bf00      	nop
 8005904:	20000a64 	.word	0x20000a64

08005908 <z_impl_k_sched_current_thread_query>:
}
 8005908:	4b01      	ldr	r3, [pc, #4]	@ (8005910 <z_impl_k_sched_current_thread_query+0x8>)
 800590a:	6898      	ldr	r0, [r3, #8]
 800590c:	4770      	bx	lr
 800590e:	bf00      	nop
 8005910:	20000a40 	.word	0x20000a40

08005914 <z_thread_abort>:
#ifdef IAR_SUPPRESS_ALWAYS_INLINE_WARNING_FLAG
TOOLCHAIN_ENABLE_WARNING(TOOLCHAIN_WARNING_ALWAYS_INLINE)
#endif

void z_thread_abort(struct k_thread *thread)
{
 8005914:	e92d 43f8 	stmdb	sp!, {r3, r4, r5, r6, r7, r8, r9, lr}
	return (thread->base.user_options & K_ESSENTIAL) == K_ESSENTIAL;
 8005918:	8983      	ldrh	r3, [r0, #12]
 800591a:	f003 0701 	and.w	r7, r3, #1
  __ASM volatile ("MRS %0, basepri" : "=r" (result) );
 800591e:	f3ef 8611 	mrs	r6, BASEPRI
  __ASM volatile ("MSR basepri_max, %0" : : "r" (basePri) : "memory");
 8005922:	2310      	movs	r3, #16
 8005924:	f383 8812 	msr	BASEPRI_MAX, r3
 8005928:	f3bf 8f6f 	isb	sy
	return (thread->base.thread_state & _THREAD_DEAD) != 0U;
 800592c:	7c05      	ldrb	r5, [r0, #16]
	bool essential = z_is_thread_essential(thread);
	k_spinlock_key_t key = k_spin_lock(&_sched_spinlock);

	if (z_is_thread_dead(thread)) {
 800592e:	f015 0f08 	tst.w	r5, #8
 8005932:	d11a      	bne.n	800596a <z_thread_abort+0x56>
 8005934:	4604      	mov	r4, r0
		k_spin_unlock(&_sched_spinlock, key);
		return;
	}

	z_thread_halt(thread, key, true);
 8005936:	46b1      	mov	r9, r6
	_wait_q_t *wq = &thread->join_queue;
 8005938:	f100 0858 	add.w	r8, r0, #88	@ 0x58
	struct _cpu *cpu = thread_active_elsewhere(thread);
 800593c:	f003 f9fd 	bl	8008d3a <thread_active_elsewhere>
	if (cpu != NULL) {
 8005940:	b310      	cbz	r0, 8005988 <z_thread_abort+0x74>
		thread->base.thread_state |= (terminate ? _THREAD_ABORTING
 8005942:	f045 0520 	orr.w	r5, r5, #32
 8005946:	7425      	strb	r5, [r4, #16]
  __ASM volatile ("MRS %0, ipsr" : "=r" (result) );
 8005948:	f3ef 8305 	mrs	r3, IPSR
		if (arch_is_in_isr()) {
 800594c:	b19b      	cbz	r3, 8005976 <z_thread_abort+0x62>
			thread_halt_spin(thread, key);
 800594e:	4631      	mov	r1, r6
 8005950:	4620      	mov	r0, r4
 8005952:	f7ff fd9d 	bl	8005490 <thread_halt_spin>

	if (essential) {
 8005956:	b167      	cbz	r7, 8005972 <z_thread_abort+0x5e>
  __ASM volatile ("MSR basepri, %0" : : "r" (basePri) : "memory");
 8005958:	2300      	movs	r3, #0
 800595a:	f383 8811 	msr	BASEPRI, r3
 800595e:	f3bf 8f6f 	isb	sy
		__ASSERT(!essential, "aborted essential thread %p", thread);
		k_panic();
 8005962:	2304      	movs	r3, #4
 8005964:	4618      	mov	r0, r3
 8005966:	df02      	svc	2
 8005968:	e003      	b.n	8005972 <z_thread_abort+0x5e>
 800596a:	f386 8811 	msr	BASEPRI, r6
 800596e:	f3bf 8f6f 	isb	sy
	}
}
 8005972:	e8bd 83f8 	ldmia.w	sp!, {r3, r4, r5, r6, r7, r8, r9, pc}
			add_to_waitq_locked(_current, wq);
 8005976:	4641      	mov	r1, r8
 8005978:	4b3f      	ldr	r3, [pc, #252]	@ (8005a78 <z_thread_abort+0x164>)
 800597a:	6898      	ldr	r0, [r3, #8]
 800597c:	f003 f9df 	bl	8008d3e <add_to_waitq_locked>
 8005980:	4630      	mov	r0, r6
 8005982:	f7ff fcc5 	bl	8005310 <z_swap_irqlock>
 8005986:	e7e6      	b.n	8005956 <z_thread_abort+0x42>
		thread->base.thread_state |= new_state;
 8005988:	f045 0308 	orr.w	r3, r5, #8
 800598c:	7423      	strb	r3, [r4, #16]
		if (z_is_thread_queued(thread)) {
 800598e:	f013 0f80 	tst.w	r3, #128	@ 0x80
 8005992:	d136      	bne.n	8005a02 <z_thread_abort+0xee>
			if (thread->base.pended_on != NULL) {
 8005994:	68a3      	ldr	r3, [r4, #8]
 8005996:	b15b      	cbz	r3, 80059b0 <z_thread_abort+0x9c>
	sys_dnode_t *const prev = node->prev;
 8005998:	6862      	ldr	r2, [r4, #4]
	sys_dnode_t *const next = node->next;
 800599a:	6823      	ldr	r3, [r4, #0]
	prev->next = next;
 800599c:	6013      	str	r3, [r2, #0]
	next->prev = prev;
 800599e:	605a      	str	r2, [r3, #4]
	node->next = NULL;
 80059a0:	2300      	movs	r3, #0
 80059a2:	6023      	str	r3, [r4, #0]
	node->prev = NULL;
 80059a4:	6063      	str	r3, [r4, #4]
	thread->base.thread_state &= ~_THREAD_PENDING;
 80059a6:	7c22      	ldrb	r2, [r4, #16]
 80059a8:	f022 0202 	bic.w	r2, r2, #2
 80059ac:	7422      	strb	r2, [r4, #16]
 80059ae:	60a3      	str	r3, [r4, #8]
 80059b0:	f104 0018 	add.w	r0, r4, #24
 80059b4:	f003 faed 	bl	8008f92 <z_abort_timeout>
			unpend_all(&thread->join_queue);
 80059b8:	4640      	mov	r0, r8
 80059ba:	f003 f9f0 	bl	8008d9e <unpend_all>
			if (thread == _current && arch_is_in_isr()) {
 80059be:	4b2e      	ldr	r3, [pc, #184]	@ (8005a78 <z_thread_abort+0x164>)
 80059c0:	689a      	ldr	r2, [r3, #8]
 80059c2:	4294      	cmp	r4, r2
 80059c4:	d02a      	beq.n	8005a1c <z_thread_abort+0x108>
	bool dummify = false;
 80059c6:	2600      	movs	r6, #0
	return list->head == list;
 80059c8:	4b2b      	ldr	r3, [pc, #172]	@ (8005a78 <z_thread_abort+0x164>)
 80059ca:	f853 5f18 	ldr.w	r5, [r3, #24]!
	return sys_dlist_is_empty(list) ? NULL : list->head;
 80059ce:	429d      	cmp	r5, r3
 80059d0:	d02b      	beq.n	8005a2a <z_thread_abort+0x116>
 80059d2:	b355      	cbz	r5, 8005a2a <z_thread_abort+0x116>
		if (thread != _current) {
 80059d4:	42aa      	cmp	r2, r5
 80059d6:	d002      	beq.n	80059de <z_thread_abort+0xca>
			z_reset_time_slice(thread);
 80059d8:	4628      	mov	r0, r5
 80059da:	f000 f883 	bl	8005ae4 <z_reset_time_slice>
		_kernel.ready_q.cache = thread;
 80059de:	4b26      	ldr	r3, [pc, #152]	@ (8005a78 <z_thread_abort+0x164>)
 80059e0:	615d      	str	r5, [r3, #20]
		arch_coprocessors_disable(thread);
 80059e2:	4620      	mov	r0, r4
 80059e4:	f002 f896 	bl	8007b14 <arch_coprocessors_disable>
		z_thread_monitor_exit(thread);
 80059e8:	4620      	mov	r0, r4
 80059ea:	f000 f8d5 	bl	8005b98 <z_thread_monitor_exit>
		if (dummify && !IS_ENABLED(CONFIG_ARCH_POSIX)) {
 80059ee:	b9fe      	cbnz	r6, 8005a30 <z_thread_abort+0x11c>
		if ((thread == _current) && !arch_is_in_isr()) {
 80059f0:	4b21      	ldr	r3, [pc, #132]	@ (8005a78 <z_thread_abort+0x164>)
 80059f2:	689b      	ldr	r3, [r3, #8]
 80059f4:	429c      	cmp	r4, r3
 80059f6:	d01f      	beq.n	8005a38 <z_thread_abort+0x124>
 80059f8:	f389 8811 	msr	BASEPRI, r9
 80059fc:	f3bf 8f6f 	isb	sy
 8005a00:	e7a9      	b.n	8005956 <z_thread_abort+0x42>
	thread->base.thread_state &= ~_THREAD_QUEUED;
 8005a02:	f005 057f 	and.w	r5, r5, #127	@ 0x7f
 8005a06:	f045 0508 	orr.w	r5, r5, #8
 8005a0a:	7425      	strb	r5, [r4, #16]
	sys_dnode_t *const prev = node->prev;
 8005a0c:	6862      	ldr	r2, [r4, #4]
	sys_dnode_t *const next = node->next;
 8005a0e:	6823      	ldr	r3, [r4, #0]
	prev->next = next;
 8005a10:	6013      	str	r3, [r2, #0]
	next->prev = prev;
 8005a12:	605a      	str	r2, [r3, #4]
	node->next = NULL;
 8005a14:	2300      	movs	r3, #0
 8005a16:	6023      	str	r3, [r4, #0]
	node->prev = NULL;
 8005a18:	6063      	str	r3, [r4, #4]
}
 8005a1a:	e7bb      	b.n	8005994 <z_thread_abort+0x80>
  __ASM volatile ("MRS %0, ipsr" : "=r" (result) );
 8005a1c:	f3ef 8305 	mrs	r3, IPSR
			if (thread == _current && arch_is_in_isr()) {
 8005a20:	b90b      	cbnz	r3, 8005a26 <z_thread_abort+0x112>
	bool dummify = false;
 8005a22:	2600      	movs	r6, #0
 8005a24:	e7d0      	b.n	80059c8 <z_thread_abort+0xb4>
				dummify = true;
 8005a26:	2601      	movs	r6, #1
 8005a28:	e7ce      	b.n	80059c8 <z_thread_abort+0xb4>
	return (thread != NULL) ? thread : _current_cpu->idle_thread;
 8005a2a:	4b13      	ldr	r3, [pc, #76]	@ (8005a78 <z_thread_abort+0x164>)
 8005a2c:	68dd      	ldr	r5, [r3, #12]
 8005a2e:	e7d1      	b.n	80059d4 <z_thread_abort+0xc0>
			z_dummy_thread_init(&_thread_dummy);
 8005a30:	4812      	ldr	r0, [pc, #72]	@ (8005a7c <z_thread_abort+0x168>)
 8005a32:	f7ff fc5d 	bl	80052f0 <z_dummy_thread_init>
 8005a36:	e7db      	b.n	80059f0 <z_thread_abort+0xdc>
 8005a38:	f3ef 8305 	mrs	r3, IPSR
		if ((thread == _current) && !arch_is_in_isr()) {
 8005a3c:	2b00      	cmp	r3, #0
 8005a3e:	d1db      	bne.n	80059f8 <z_thread_abort+0xe4>
	return (thread->base.user_options & K_ESSENTIAL) == K_ESSENTIAL;
 8005a40:	89a3      	ldrh	r3, [r4, #12]
			if (z_is_thread_essential(thread)) {
 8005a42:	f013 0f01 	tst.w	r3, #1
 8005a46:	d012      	beq.n	8005a6e <z_thread_abort+0x15a>
  __ASM volatile ("MSR basepri, %0" : : "r" (basePri) : "memory");
 8005a48:	f389 8811 	msr	BASEPRI, r9
 8005a4c:	f3bf 8f6f 	isb	sy
 8005a50:	2300      	movs	r3, #0
 8005a52:	f383 8811 	msr	BASEPRI, r3
 8005a56:	f3bf 8f6f 	isb	sy
				k_panic();
 8005a5a:	2304      	movs	r3, #4
 8005a5c:	4618      	mov	r0, r3
 8005a5e:	df02      	svc	2
  __ASM volatile ("MRS %0, basepri" : "=r" (result) );
 8005a60:	f3ef 8911 	mrs	r9, BASEPRI
  __ASM volatile ("MSR basepri_max, %0" : : "r" (basePri) : "memory");
 8005a64:	2310      	movs	r3, #16
 8005a66:	f383 8812 	msr	BASEPRI_MAX, r3
 8005a6a:	f3bf 8f6f 	isb	sy
 8005a6e:	4648      	mov	r0, r9
 8005a70:	f7ff fc4e 	bl	8005310 <z_swap_irqlock>
			z_swap(&_sched_spinlock, key);
 8005a74:	e76f      	b.n	8005956 <z_thread_abort+0x42>
 8005a76:	bf00      	nop
 8005a78:	20000a40 	.word	0x20000a40
 8005a7c:	200007f8 	.word	0x200007f8

08005a80 <z_time_slice_size>:
#endif
	return ret;
}

static int z_time_slice_size(struct k_thread *thread)
{
 8005a80:	4603      	mov	r3, r0
	uint8_t state = thread->base.thread_state;
 8005a82:	7c02      	ldrb	r2, [r0, #16]
	if (z_is_thread_prevented_from_running(thread) ||
 8005a84:	f012 0f1f 	tst.w	r2, #31
 8005a88:	d110      	bne.n	8005aac <z_time_slice_size+0x2c>
 8005a8a:	4a0b      	ldr	r2, [pc, #44]	@ (8005ab8 <z_time_slice_size+0x38>)
 8005a8c:	4290      	cmp	r0, r2
 8005a8e:	d00f      	beq.n	8005ab0 <z_time_slice_size+0x30>
	int ret = slice_ticks;
 8005a90:	4a0a      	ldr	r2, [pc, #40]	@ (8005abc <z_time_slice_size+0x3c>)
 8005a92:	6810      	ldr	r0, [r2, #0]
	    z_is_idle_thread_object(thread) ||
 8005a94:	b178      	cbz	r0, 8005ab6 <z_time_slice_size+0x36>
	return thread->base.preempt <= _PREEMPT_THRESHOLD;
 8005a96:	89da      	ldrh	r2, [r3, #14]
	if (thread->base.slice_ticks != 0) {
		return thread->base.slice_ticks;
	}
#endif

	if (thread_is_preemptible(thread) &&
 8005a98:	2a7f      	cmp	r2, #127	@ 0x7f
 8005a9a:	d80b      	bhi.n	8005ab4 <z_time_slice_size+0x34>
	    !z_is_prio_higher(thread->base.prio, slice_max_prio)) {
 8005a9c:	f993 200e 	ldrsb.w	r2, [r3, #14]
 8005aa0:	4b07      	ldr	r3, [pc, #28]	@ (8005ac0 <z_time_slice_size+0x40>)
 8005aa2:	681b      	ldr	r3, [r3, #0]
	if (thread_is_preemptible(thread) &&
 8005aa4:	429a      	cmp	r2, r3
 8005aa6:	da06      	bge.n	8005ab6 <z_time_slice_size+0x36>
		return slice_ticks;
	}

	return 0;
 8005aa8:	2000      	movs	r0, #0
 8005aaa:	4770      	bx	lr
		return 0;
 8005aac:	2000      	movs	r0, #0
 8005aae:	4770      	bx	lr
 8005ab0:	2000      	movs	r0, #0
 8005ab2:	4770      	bx	lr
	return 0;
 8005ab4:	2000      	movs	r0, #0
}
 8005ab6:	4770      	bx	lr
 8005ab8:	20000698 	.word	0x20000698
 8005abc:	2000011c 	.word	0x2000011c
 8005ac0:	20000a6c 	.word	0x20000a6c

08005ac4 <slice_timeout>:

static void slice_timeout(struct _timeout *timeout)
{
	int cpu = ARRAY_INDEX(slice_timeouts, timeout);
 8005ac4:	4b04      	ldr	r3, [pc, #16]	@ (8005ad8 <slice_timeout+0x14>)
 8005ac6:	1ac0      	subs	r0, r0, r3
 8005ac8:	10c0      	asrs	r0, r0, #3
 8005aca:	4b04      	ldr	r3, [pc, #16]	@ (8005adc <slice_timeout+0x18>)
 8005acc:	fb03 f000 	mul.w	r0, r3, r0

	slice_expired[cpu] = true;
 8005ad0:	4b03      	ldr	r3, [pc, #12]	@ (8005ae0 <slice_timeout+0x1c>)
 8005ad2:	2201      	movs	r2, #1
 8005ad4:	541a      	strb	r2, [r3, r0]
	 * for a different CPU.
	 */
	if (cpu != _current_cpu->id) {
		flag_ipi(IPI_CPU_MASK(cpu));
	}
}
 8005ad6:	4770      	bx	lr
 8005ad8:	200008a8 	.word	0x200008a8
 8005adc:	aaaaaaab 	.word	0xaaaaaaab
 8005ae0:	20000a68 	.word	0x20000a68

08005ae4 <z_reset_time_slice>:

void z_reset_time_slice(struct k_thread *thread)
{
 8005ae4:	b570      	push	{r4, r5, r6, lr}
	int cpu = _current_cpu->id;
 8005ae6:	4b0c      	ldr	r3, [pc, #48]	@ (8005b18 <z_reset_time_slice+0x34>)
 8005ae8:	7c1e      	ldrb	r6, [r3, #16]
	int slice_size = z_time_slice_size(thread);
 8005aea:	f7ff ffc9 	bl	8005a80 <z_time_slice_size>
 8005aee:	4604      	mov	r4, r0

	z_abort_timeout(&slice_timeouts[cpu]);
 8005af0:	eb06 0346 	add.w	r3, r6, r6, lsl #1
 8005af4:	4d09      	ldr	r5, [pc, #36]	@ (8005b1c <z_reset_time_slice+0x38>)
 8005af6:	eb05 05c3 	add.w	r5, r5, r3, lsl #3
 8005afa:	4628      	mov	r0, r5
 8005afc:	f003 fa49 	bl	8008f92 <z_abort_timeout>
	slice_expired[cpu] = false;
 8005b00:	4b07      	ldr	r3, [pc, #28]	@ (8005b20 <z_reset_time_slice+0x3c>)
 8005b02:	2200      	movs	r2, #0
 8005b04:	559a      	strb	r2, [r3, r6]
	if (slice_size != 0) {
 8005b06:	b904      	cbnz	r4, 8005b0a <z_reset_time_slice+0x26>
		z_add_timeout(&slice_timeouts[cpu], slice_timeout,
			      K_TICKS(slice_size - 1));
	}
}
 8005b08:	bd70      	pop	{r4, r5, r6, pc}
			      K_TICKS(slice_size - 1));
 8005b0a:	1e62      	subs	r2, r4, #1
		z_add_timeout(&slice_timeouts[cpu], slice_timeout,
 8005b0c:	17d3      	asrs	r3, r2, #31
 8005b0e:	4905      	ldr	r1, [pc, #20]	@ (8005b24 <z_reset_time_slice+0x40>)
 8005b10:	4628      	mov	r0, r5
 8005b12:	f000 f881 	bl	8005c18 <z_add_timeout>
}
 8005b16:	e7f7      	b.n	8005b08 <z_reset_time_slice+0x24>
 8005b18:	20000a40 	.word	0x20000a40
 8005b1c:	200008a8 	.word	0x200008a8
 8005b20:	20000a68 	.word	0x20000a68
 8005b24:	08005ac5 	.word	0x08005ac5

08005b28 <z_time_slice>:
}
#endif

/* Called out of each timer and IPI interrupt */
void z_time_slice(void)
{
 8005b28:	b538      	push	{r3, r4, r5, lr}
  __ASM volatile ("MRS %0, basepri" : "=r" (result) );
 8005b2a:	f3ef 8511 	mrs	r5, BASEPRI
  __ASM volatile ("MSR basepri_max, %0" : : "r" (basePri) : "memory");
 8005b2e:	2310      	movs	r3, #16
 8005b30:	f383 8812 	msr	BASEPRI_MAX, r3
 8005b34:	f3bf 8f6f 	isb	sy
	k_spinlock_key_t key = k_spin_lock(&_sched_spinlock);
	struct k_thread *curr = _current;
 8005b38:	4b14      	ldr	r3, [pc, #80]	@ (8005b8c <z_time_slice+0x64>)
 8005b3a:	689c      	ldr	r4, [r3, #8]

#ifdef CONFIG_SWAP_NONATOMIC
	if (pending_current == curr) {
 8005b3c:	4b14      	ldr	r3, [pc, #80]	@ (8005b90 <z_time_slice+0x68>)
 8005b3e:	681b      	ldr	r3, [r3, #0]
 8005b40:	42a3      	cmp	r3, r4
 8005b42:	d017      	beq.n	8005b74 <z_time_slice+0x4c>
		z_reset_time_slice(curr);
		k_spin_unlock(&_sched_spinlock, key);
		return;
	}
	pending_current = NULL;
 8005b44:	4b12      	ldr	r3, [pc, #72]	@ (8005b90 <z_time_slice+0x68>)
 8005b46:	2200      	movs	r2, #0
 8005b48:	601a      	str	r2, [r3, #0]
#endif

	if (slice_expired[_current_cpu->id] && (z_time_slice_size(curr) != 0)) {
 8005b4a:	4b10      	ldr	r3, [pc, #64]	@ (8005b8c <z_time_slice+0x64>)
 8005b4c:	7c1b      	ldrb	r3, [r3, #16]
 8005b4e:	4a11      	ldr	r2, [pc, #68]	@ (8005b94 <z_time_slice+0x6c>)
 8005b50:	5cd3      	ldrb	r3, [r2, r3]
 8005b52:	b153      	cbz	r3, 8005b6a <z_time_slice+0x42>
 8005b54:	4620      	mov	r0, r4
 8005b56:	f7ff ff93 	bl	8005a80 <z_time_slice_size>
 8005b5a:	b130      	cbz	r0, 8005b6a <z_time_slice+0x42>
	uint8_t state = thread->base.thread_state;
 8005b5c:	7c23      	ldrb	r3, [r4, #16]
			k_spin_unlock(&_sched_spinlock, key);
			handler(curr, curr->base.slice_data);
			key = k_spin_lock(&_sched_spinlock);
		}
#endif
		if (!z_is_thread_prevented_from_running(curr)) {
 8005b5e:	f013 0f1f 	tst.w	r3, #31
 8005b62:	d00f      	beq.n	8005b84 <z_time_slice+0x5c>
			move_current_to_end_of_prio_q();
		}
		z_reset_time_slice(curr);
 8005b64:	4620      	mov	r0, r4
 8005b66:	f7ff ffbd 	bl	8005ae4 <z_reset_time_slice>
  __ASM volatile ("MSR basepri, %0" : : "r" (basePri) : "memory");
 8005b6a:	f385 8811 	msr	BASEPRI, r5
 8005b6e:	f3bf 8f6f 	isb	sy
	}
	k_spin_unlock(&_sched_spinlock, key);
}
 8005b72:	bd38      	pop	{r3, r4, r5, pc}
		z_reset_time_slice(curr);
 8005b74:	4620      	mov	r0, r4
 8005b76:	f7ff ffb5 	bl	8005ae4 <z_reset_time_slice>
 8005b7a:	f385 8811 	msr	BASEPRI, r5
 8005b7e:	f3bf 8f6f 	isb	sy
		return;
 8005b82:	e7f6      	b.n	8005b72 <z_time_slice+0x4a>
			move_current_to_end_of_prio_q();
 8005b84:	f7ff fd22 	bl	80055cc <move_current_to_end_of_prio_q>
 8005b88:	e7ec      	b.n	8005b64 <z_time_slice+0x3c>
 8005b8a:	bf00      	nop
 8005b8c:	20000a40 	.word	0x20000a40
 8005b90:	20000a64 	.word	0x20000a64
 8005b94:	20000a68 	.word	0x20000a68

08005b98 <z_thread_monitor_exit>:
  __ASM volatile ("MRS %0, basepri" : "=r" (result) );
 8005b98:	f3ef 8111 	mrs	r1, BASEPRI
  __ASM volatile ("MSR basepri_max, %0" : : "r" (basePri) : "memory");
 8005b9c:	2310      	movs	r3, #16
 8005b9e:	f383 8812 	msr	BASEPRI_MAX, r3
 8005ba2:	f3bf 8f6f 	isb	sy
 */
void z_thread_monitor_exit(struct k_thread *thread)
{
	k_spinlock_key_t key = k_spin_lock(&z_thread_monitor_lock);

	if (thread == _kernel.threads) {
 8005ba6:	4b0a      	ldr	r3, [pc, #40]	@ (8005bd0 <z_thread_monitor_exit+0x38>)
 8005ba8:	6a1b      	ldr	r3, [r3, #32]
 8005baa:	4283      	cmp	r3, r0
 8005bac:	d104      	bne.n	8005bb8 <z_thread_monitor_exit+0x20>
		_kernel.threads = _kernel.threads->next_thread;
 8005bae:	6f1a      	ldr	r2, [r3, #112]	@ 0x70
 8005bb0:	4b07      	ldr	r3, [pc, #28]	@ (8005bd0 <z_thread_monitor_exit+0x38>)
 8005bb2:	621a      	str	r2, [r3, #32]
 8005bb4:	e007      	b.n	8005bc6 <z_thread_monitor_exit+0x2e>
		struct k_thread *prev_thread;

		prev_thread = _kernel.threads;
		while ((prev_thread != NULL) &&
			(thread != prev_thread->next_thread)) {
			prev_thread = prev_thread->next_thread;
 8005bb6:	4613      	mov	r3, r2
		while ((prev_thread != NULL) &&
 8005bb8:	b113      	cbz	r3, 8005bc0 <z_thread_monitor_exit+0x28>
			(thread != prev_thread->next_thread)) {
 8005bba:	6f1a      	ldr	r2, [r3, #112]	@ 0x70
		while ((prev_thread != NULL) &&
 8005bbc:	4282      	cmp	r2, r0
 8005bbe:	d1fa      	bne.n	8005bb6 <z_thread_monitor_exit+0x1e>
		}
		if (prev_thread != NULL) {
 8005bc0:	b10b      	cbz	r3, 8005bc6 <z_thread_monitor_exit+0x2e>
			prev_thread->next_thread = thread->next_thread;
 8005bc2:	6f02      	ldr	r2, [r0, #112]	@ 0x70
 8005bc4:	671a      	str	r2, [r3, #112]	@ 0x70
  __ASM volatile ("MSR basepri, %0" : : "r" (basePri) : "memory");
 8005bc6:	f381 8811 	msr	BASEPRI, r1
 8005bca:	f3bf 8f6f 	isb	sy
		}
	}

	k_spin_unlock(&z_thread_monitor_lock, key);
}
 8005bce:	4770      	bx	lr
 8005bd0:	20000a40 	.word	0x20000a40

08005bd4 <first>:
	return list->head == list;
 8005bd4:	4b03      	ldr	r3, [pc, #12]	@ (8005be4 <first+0x10>)
 8005bd6:	6818      	ldr	r0, [r3, #0]
	return sys_dlist_is_empty(list) ? NULL : list->head;
 8005bd8:	4298      	cmp	r0, r3
 8005bda:	d000      	beq.n	8005bde <first+0xa>
static struct _timeout *first(void)
{
	sys_dnode_t *t = sys_dlist_peek_head(&timeout_list);

	return (t == NULL) ? NULL : CONTAINER_OF(t, struct _timeout, node);
}
 8005bdc:	4770      	bx	lr
 8005bde:	2000      	movs	r0, #0
	return (t == NULL) ? NULL : CONTAINER_OF(t, struct _timeout, node);
 8005be0:	e7fc      	b.n	8005bdc <first+0x8>
 8005be2:	bf00      	nop
 8005be4:	20000120 	.word	0x20000120

08005be8 <next>:
	return (node != NULL) ? sys_dlist_peek_next_no_check(list, node) : NULL;
 8005be8:	b130      	cbz	r0, 8005bf8 <next+0x10>
	return (node == list->tail) ? NULL : node->next;
 8005bea:	4a04      	ldr	r2, [pc, #16]	@ (8005bfc <next+0x14>)
 8005bec:	6852      	ldr	r2, [r2, #4]
 8005bee:	4290      	cmp	r0, r2
 8005bf0:	d001      	beq.n	8005bf6 <next+0xe>
 8005bf2:	6800      	ldr	r0, [r0, #0]
 8005bf4:	4770      	bx	lr
 8005bf6:	2000      	movs	r0, #0
static struct _timeout *next(struct _timeout *t)
{
	sys_dnode_t *n = sys_dlist_peek_next(&timeout_list, &t->node);

	return (n == NULL) ? NULL : CONTAINER_OF(n, struct _timeout, node);
}
 8005bf8:	4770      	bx	lr
 8005bfa:	bf00      	nop
 8005bfc:	20000120 	.word	0x20000120

08005c00 <elapsed>:

	sys_dlist_remove(&t->node);
}

static int32_t elapsed(void)
{
 8005c00:	b508      	push	{r3, lr}
	 *
	 * The distinction is implemented by looking at announce_remaining which
	 * will be non-zero while sys_clock_announce() is executing and zero
	 * otherwise.
	 */
	return announce_remaining == 0 ? sys_clock_elapsed() : 0U;
 8005c02:	4b04      	ldr	r3, [pc, #16]	@ (8005c14 <elapsed+0x14>)
 8005c04:	681b      	ldr	r3, [r3, #0]
 8005c06:	b10b      	cbz	r3, 8005c0c <elapsed+0xc>
 8005c08:	2000      	movs	r0, #0
}
 8005c0a:	bd08      	pop	{r3, pc}
	return announce_remaining == 0 ? sys_clock_elapsed() : 0U;
 8005c0c:	f7fe ff22 	bl	8004a54 <sys_clock_elapsed>
 8005c10:	e7fb      	b.n	8005c0a <elapsed+0xa>
 8005c12:	bf00      	nop
 8005c14:	20000a70 	.word	0x20000a70

08005c18 <z_add_timeout>:

	return ret;
}

k_ticks_t z_add_timeout(struct _timeout *to, _timeout_func_t fn, k_timeout_t timeout)
{
 8005c18:	e92d 4ff0 	stmdb	sp!, {r4, r5, r6, r7, r8, r9, sl, fp, lr}
 8005c1c:	b083      	sub	sp, #12
	k_ticks_t ticks = 0;

	if (K_TIMEOUT_EQ(timeout, K_FOREVER)) {
 8005c1e:	f1b3 3fff 	cmp.w	r3, #4294967295
 8005c22:	bf08      	it	eq
 8005c24:	f1b2 3fff 	cmpeq.w	r2, #4294967295
 8005c28:	d00e      	beq.n	8005c48 <z_add_timeout+0x30>
 8005c2a:	4604      	mov	r4, r0
 8005c2c:	4691      	mov	r9, r2
 8005c2e:	461f      	mov	r7, r3
#ifdef CONFIG_KERNEL_COHERENCE
	__ASSERT_NO_MSG(sys_cache_is_mem_coherent(to));
#endif /* CONFIG_KERNEL_COHERENCE */

	__ASSERT(!sys_dnode_is_linked(&to->node), "");
	to->fn = fn;
 8005c30:	6081      	str	r1, [r0, #8]

	K_SPINLOCK(&timeout_lock) {
 8005c32:	2300      	movs	r3, #0
  __ASM volatile ("MRS %0, basepri" : "=r" (result) );
 8005c34:	f3ef 8a11 	mrs	sl, BASEPRI
  __ASM volatile ("MSR basepri_max, %0" : : "r" (basePri) : "memory");
 8005c38:	2210      	movs	r2, #16
 8005c3a:	f382 8812 	msr	BASEPRI_MAX, r2
 8005c3e:	f3bf 8f6f 	isb	sy
	k_ticks_t ticks = 0;
 8005c42:	461d      	mov	r5, r3
 8005c44:	9301      	str	r3, [sp, #4]
 8005c46:	e035      	b.n	8005cb4 <z_add_timeout+0x9c>
		return 0;
 8005c48:	2500      	movs	r5, #0
 8005c4a:	9501      	str	r5, [sp, #4]
			sys_clock_set_timeout(next_timeout(ticks_elapsed), false);
		}
	}

	return ticks;
}
 8005c4c:	4628      	mov	r0, r5
 8005c4e:	9901      	ldr	r1, [sp, #4]
 8005c50:	b003      	add	sp, #12
 8005c52:	e8bd 8ff0 	ldmia.w	sp!, {r4, r5, r6, r7, r8, r9, sl, fp, pc}
			ticks_elapsed = elapsed();
 8005c56:	f7ff ffd3 	bl	8005c00 <elapsed>
 8005c5a:	4680      	mov	r8, r0
			to->dticks = timeout.ticks + 1 + ticks_elapsed;
 8005c5c:	3501      	adds	r5, #1
 8005c5e:	f147 0600 	adc.w	r6, r7, #0
 8005c62:	1945      	adds	r5, r0, r5
 8005c64:	eb46 76e0 	adc.w	r6, r6, r0, asr #31
 8005c68:	6125      	str	r5, [r4, #16]
 8005c6a:	6166      	str	r6, [r4, #20]
			ticks = curr_tick + to->dticks;
 8005c6c:	4a34      	ldr	r2, [pc, #208]	@ (8005d40 <z_add_timeout+0x128>)
 8005c6e:	6813      	ldr	r3, [r2, #0]
 8005c70:	6852      	ldr	r2, [r2, #4]
 8005c72:	18ed      	adds	r5, r5, r3
 8005c74:	eb46 0302 	adc.w	r3, r6, r2
 8005c78:	9301      	str	r3, [sp, #4]
			has_elapsed = true;
 8005c7a:	f04f 0b01 	mov.w	fp, #1
 8005c7e:	e038      	b.n	8005cf2 <z_add_timeout+0xda>
				t->dticks -= to->dticks;
 8005c80:	1ac9      	subs	r1, r1, r3
 8005c82:	eb66 0202 	sbc.w	r2, r6, r2
 8005c86:	6101      	str	r1, [r0, #16]
 8005c88:	6142      	str	r2, [r0, #20]
	sys_dnode_t *const prev = successor->prev;
 8005c8a:	6843      	ldr	r3, [r0, #4]
	node->prev = prev;
 8005c8c:	6063      	str	r3, [r4, #4]
	node->next = successor;
 8005c8e:	6020      	str	r0, [r4, #0]
	prev->next = node;
 8005c90:	601c      	str	r4, [r3, #0]
	successor->prev = node;
 8005c92:	6044      	str	r4, [r0, #4]
		if (t == NULL) {
 8005c94:	e005      	b.n	8005ca2 <z_add_timeout+0x8a>
	sys_dnode_t *const tail = list->tail;
 8005c96:	4b2b      	ldr	r3, [pc, #172]	@ (8005d44 <z_add_timeout+0x12c>)
 8005c98:	685a      	ldr	r2, [r3, #4]
	node->next = list;
 8005c9a:	6023      	str	r3, [r4, #0]
	node->prev = tail;
 8005c9c:	6062      	str	r2, [r4, #4]
	tail->next = node;
 8005c9e:	6014      	str	r4, [r2, #0]
	list->tail = node;
 8005ca0:	605c      	str	r4, [r3, #4]
		if (to == first() && announce_remaining == 0) {
 8005ca2:	f7ff ff97 	bl	8005bd4 <first>
 8005ca6:	4284      	cmp	r4, r0
 8005ca8:	d037      	beq.n	8005d1a <z_add_timeout+0x102>
  __ASM volatile ("MSR basepri, %0" : : "r" (basePri) : "memory");
 8005caa:	f38a 8811 	msr	BASEPRI, sl
 8005cae:	f3bf 8f6f 	isb	sy
	K_SPINLOCK(&timeout_lock) {
 8005cb2:	2301      	movs	r3, #1
 8005cb4:	2b00      	cmp	r3, #0
 8005cb6:	d1c9      	bne.n	8005c4c <z_add_timeout+0x34>
		if (Z_IS_TIMEOUT_RELATIVE(timeout)) {
 8005cb8:	464d      	mov	r5, r9
 8005cba:	9701      	str	r7, [sp, #4]
 8005cbc:	2f00      	cmp	r7, #0
 8005cbe:	daca      	bge.n	8005c56 <z_add_timeout+0x3e>
			k_ticks_t dticks = Z_TICK_ABS(timeout.ticks) - curr_tick;
 8005cc0:	4b1f      	ldr	r3, [pc, #124]	@ (8005d40 <z_add_timeout+0x128>)
 8005cc2:	6819      	ldr	r1, [r3, #0]
 8005cc4:	685b      	ldr	r3, [r3, #4]
 8005cc6:	1869      	adds	r1, r5, r1
 8005cc8:	eb43 0307 	adc.w	r3, r3, r7
 8005ccc:	f06f 0201 	mvn.w	r2, #1
 8005cd0:	1a52      	subs	r2, r2, r1
 8005cd2:	f04f 31ff 	mov.w	r1, #4294967295
 8005cd6:	eb61 0303 	sbc.w	r3, r1, r3
			to->dticks = max(1, dticks);
 8005cda:	4610      	mov	r0, r2
 8005cdc:	4619      	mov	r1, r3
 8005cde:	2a01      	cmp	r2, #1
 8005ce0:	f173 0300 	sbcs.w	r3, r3, #0
 8005ce4:	da01      	bge.n	8005cea <z_add_timeout+0xd2>
 8005ce6:	2001      	movs	r0, #1
 8005ce8:	2100      	movs	r1, #0
 8005cea:	6120      	str	r0, [r4, #16]
 8005cec:	6161      	str	r1, [r4, #20]
		bool has_elapsed = false;
 8005cee:	f04f 0b00 	mov.w	fp, #0
		for (t = first(); t != NULL; t = next(t)) {
 8005cf2:	f7ff ff6f 	bl	8005bd4 <first>
 8005cf6:	2800      	cmp	r0, #0
 8005cf8:	d0cd      	beq.n	8005c96 <z_add_timeout+0x7e>
			if (t->dticks > to->dticks) {
 8005cfa:	6901      	ldr	r1, [r0, #16]
 8005cfc:	6946      	ldr	r6, [r0, #20]
 8005cfe:	6923      	ldr	r3, [r4, #16]
 8005d00:	6962      	ldr	r2, [r4, #20]
 8005d02:	428b      	cmp	r3, r1
 8005d04:	eb72 0e06 	sbcs.w	lr, r2, r6
 8005d08:	dbba      	blt.n	8005c80 <z_add_timeout+0x68>
			to->dticks -= t->dticks;
 8005d0a:	1a5b      	subs	r3, r3, r1
 8005d0c:	eb62 0206 	sbc.w	r2, r2, r6
 8005d10:	6123      	str	r3, [r4, #16]
 8005d12:	6162      	str	r2, [r4, #20]
		for (t = first(); t != NULL; t = next(t)) {
 8005d14:	f7ff ff68 	bl	8005be8 <next>
 8005d18:	e7ed      	b.n	8005cf6 <z_add_timeout+0xde>
		if (to == first() && announce_remaining == 0) {
 8005d1a:	4b0b      	ldr	r3, [pc, #44]	@ (8005d48 <z_add_timeout+0x130>)
 8005d1c:	681b      	ldr	r3, [r3, #0]
 8005d1e:	2b00      	cmp	r3, #0
 8005d20:	d1c3      	bne.n	8005caa <z_add_timeout+0x92>
			if (!has_elapsed) {
 8005d22:	f1bb 0f00 	cmp.w	fp, #0
 8005d26:	d006      	beq.n	8005d36 <z_add_timeout+0x11e>
			sys_clock_set_timeout(next_timeout(ticks_elapsed), false);
 8005d28:	4640      	mov	r0, r8
 8005d2a:	f003 f917 	bl	8008f5c <next_timeout>
 8005d2e:	2100      	movs	r1, #0
 8005d30:	f7fe fdfe 	bl	8004930 <sys_clock_set_timeout>
 8005d34:	e7b9      	b.n	8005caa <z_add_timeout+0x92>
				ticks_elapsed = elapsed();
 8005d36:	f7ff ff63 	bl	8005c00 <elapsed>
 8005d3a:	4680      	mov	r8, r0
 8005d3c:	e7f4      	b.n	8005d28 <z_add_timeout+0x110>
 8005d3e:	bf00      	nop
 8005d40:	200008c0 	.word	0x200008c0
 8005d44:	20000120 	.word	0x20000120
 8005d48:	20000a70 	.word	0x20000a70

08005d4c <sys_clock_announce_locked>:
	}
	return ret;
}

void sys_clock_announce_locked(int32_t ticks, k_spinlock_key_t key)
{
 8005d4c:	b570      	push	{r4, r5, r6, lr}
 8005d4e:	460e      	mov	r6, r1
		announce_remaining += ticks;
		k_spin_unlock(&timeout_lock, key);
		return;
	}

	announce_remaining = ticks;
 8005d50:	4b2d      	ldr	r3, [pc, #180]	@ (8005e08 <sys_clock_announce_locked+0xbc>)
 8005d52:	6018      	str	r0, [r3, #0]

	struct _timeout *t;

	for (t = first();
 8005d54:	f7ff ff3e 	bl	8005bd4 <first>
 8005d58:	4604      	mov	r4, r0
 8005d5a:	e028      	b.n	8005dae <sys_clock_announce_locked+0x62>
	     (t != NULL) && (t->dticks <= announce_remaining);
	     t = first()) {
		int dt = t->dticks;

		curr_tick += dt;
 8005d5c:	4a2b      	ldr	r2, [pc, #172]	@ (8005e0c <sys_clock_announce_locked+0xc0>)
 8005d5e:	6813      	ldr	r3, [r2, #0]
 8005d60:	6851      	ldr	r1, [r2, #4]
 8005d62:	195b      	adds	r3, r3, r5
 8005d64:	eb41 71e5 	adc.w	r1, r1, r5, asr #31
 8005d68:	6013      	str	r3, [r2, #0]
 8005d6a:	6051      	str	r1, [r2, #4]
		t->dticks = 0;
 8005d6c:	2200      	movs	r2, #0
 8005d6e:	2300      	movs	r3, #0
 8005d70:	e9c4 2304 	strd	r2, r3, [r4, #16]
		remove_timeout(t);
 8005d74:	4620      	mov	r0, r4
 8005d76:	f003 f8da 	bl	8008f2e <remove_timeout>
		t->dticks = TIMEOUT_DTICKS_ANNOUNCING;
 8005d7a:	2201      	movs	r2, #1
 8005d7c:	f04f 4300 	mov.w	r3, #2147483648	@ 0x80000000
 8005d80:	e9c4 2304 	strd	r2, r3, [r4, #16]
 8005d84:	f386 8811 	msr	BASEPRI, r6
 8005d88:	f3bf 8f6f 	isb	sy

		k_spin_unlock(&timeout_lock, key);
		t->fn(t);
 8005d8c:	68a3      	ldr	r3, [r4, #8]
 8005d8e:	4620      	mov	r0, r4
 8005d90:	4798      	blx	r3
  __ASM volatile ("MRS %0, basepri" : "=r" (result) );
 8005d92:	f3ef 8611 	mrs	r6, BASEPRI
  __ASM volatile ("MSR basepri_max, %0" : : "r" (basePri) : "memory");
 8005d96:	2310      	movs	r3, #16
 8005d98:	f383 8812 	msr	BASEPRI_MAX, r3
 8005d9c:	f3bf 8f6f 	isb	sy
		key = k_spin_lock(&timeout_lock);
		announce_remaining -= dt;
 8005da0:	4a19      	ldr	r2, [pc, #100]	@ (8005e08 <sys_clock_announce_locked+0xbc>)
 8005da2:	6813      	ldr	r3, [r2, #0]
 8005da4:	1b5b      	subs	r3, r3, r5
 8005da6:	6013      	str	r3, [r2, #0]
	     t = first()) {
 8005da8:	f7ff ff14 	bl	8005bd4 <first>
 8005dac:	4604      	mov	r4, r0
	     (t != NULL) && (t->dticks <= announce_remaining);
 8005dae:	b13c      	cbz	r4, 8005dc0 <sys_clock_announce_locked+0x74>
 8005db0:	6925      	ldr	r5, [r4, #16]
 8005db2:	6961      	ldr	r1, [r4, #20]
 8005db4:	4b14      	ldr	r3, [pc, #80]	@ (8005e08 <sys_clock_announce_locked+0xbc>)
 8005db6:	681a      	ldr	r2, [r3, #0]
 8005db8:	17d3      	asrs	r3, r2, #31
 8005dba:	42aa      	cmp	r2, r5
 8005dbc:	418b      	sbcs	r3, r1
 8005dbe:	dacd      	bge.n	8005d5c <sys_clock_announce_locked+0x10>
	}

	if (t != NULL) {
 8005dc0:	b144      	cbz	r4, 8005dd4 <sys_clock_announce_locked+0x88>
		t->dticks -= announce_remaining;
 8005dc2:	6923      	ldr	r3, [r4, #16]
 8005dc4:	6962      	ldr	r2, [r4, #20]
 8005dc6:	4910      	ldr	r1, [pc, #64]	@ (8005e08 <sys_clock_announce_locked+0xbc>)
 8005dc8:	6809      	ldr	r1, [r1, #0]
 8005dca:	1a5b      	subs	r3, r3, r1
 8005dcc:	eb62 72e1 	sbc.w	r2, r2, r1, asr #31
 8005dd0:	6123      	str	r3, [r4, #16]
 8005dd2:	6162      	str	r2, [r4, #20]
	}

	curr_tick += announce_remaining;
 8005dd4:	4a0d      	ldr	r2, [pc, #52]	@ (8005e0c <sys_clock_announce_locked+0xc0>)
 8005dd6:	4d0c      	ldr	r5, [pc, #48]	@ (8005e08 <sys_clock_announce_locked+0xbc>)
 8005dd8:	6828      	ldr	r0, [r5, #0]
 8005dda:	6813      	ldr	r3, [r2, #0]
 8005ddc:	6851      	ldr	r1, [r2, #4]
 8005dde:	181b      	adds	r3, r3, r0
 8005de0:	eb41 71e0 	adc.w	r1, r1, r0, asr #31
 8005de4:	6013      	str	r3, [r2, #0]
 8005de6:	6051      	str	r1, [r2, #4]
	announce_remaining = 0;
 8005de8:	2400      	movs	r4, #0
 8005dea:	602c      	str	r4, [r5, #0]

	sys_clock_set_timeout(next_timeout(0), false);
 8005dec:	4620      	mov	r0, r4
 8005dee:	f003 f8b5 	bl	8008f5c <next_timeout>
 8005df2:	4621      	mov	r1, r4
 8005df4:	f7fe fd9c 	bl	8004930 <sys_clock_set_timeout>
  __ASM volatile ("MSR basepri, %0" : : "r" (basePri) : "memory");
 8005df8:	f386 8811 	msr	BASEPRI, r6
 8005dfc:	f3bf 8f6f 	isb	sy

	k_spin_unlock(&timeout_lock, key);

#ifdef CONFIG_TIMESLICING
	z_time_slice();
 8005e00:	f7ff fe92 	bl	8005b28 <z_time_slice>
#endif /* CONFIG_TIMESLICING */
}
 8005e04:	bd70      	pop	{r4, r5, r6, pc}
 8005e06:	bf00      	nop
 8005e08:	20000a70 	.word	0x20000a70
 8005e0c:	200008c0 	.word	0x200008c0

08005e10 <sys_clock_tick_get>:
	k_spin_unlock(&timeout_lock, key);
}
#endif

int64_t sys_clock_tick_get(void)
{
 8005e10:	b510      	push	{r4, lr}
	uint64_t t = 0U;

	K_SPINLOCK(&timeout_lock) {
 8005e12:	2200      	movs	r2, #0
  __ASM volatile ("MRS %0, basepri" : "=r" (result) );
 8005e14:	f3ef 8411 	mrs	r4, BASEPRI
  __ASM volatile ("MSR basepri_max, %0" : : "r" (basePri) : "memory");
 8005e18:	2310      	movs	r3, #16
 8005e1a:	f383 8812 	msr	BASEPRI_MAX, r3
 8005e1e:	f3bf 8f6f 	isb	sy
	uint64_t t = 0U;
 8005e22:	4613      	mov	r3, r2
 8005e24:	4611      	mov	r1, r2
 8005e26:	e00c      	b.n	8005e42 <sys_clock_tick_get+0x32>
		t = curr_tick + elapsed();
 8005e28:	f7ff feea 	bl	8005c00 <elapsed>
 8005e2c:	4a07      	ldr	r2, [pc, #28]	@ (8005e4c <sys_clock_tick_get+0x3c>)
 8005e2e:	6813      	ldr	r3, [r2, #0]
 8005e30:	6851      	ldr	r1, [r2, #4]
 8005e32:	18c3      	adds	r3, r0, r3
 8005e34:	eb41 71e0 	adc.w	r1, r1, r0, asr #31
  __ASM volatile ("MSR basepri, %0" : : "r" (basePri) : "memory");
 8005e38:	f384 8811 	msr	BASEPRI, r4
 8005e3c:	f3bf 8f6f 	isb	sy
	K_SPINLOCK(&timeout_lock) {
 8005e40:	2201      	movs	r2, #1
 8005e42:	2a00      	cmp	r2, #0
 8005e44:	d0f0      	beq.n	8005e28 <sys_clock_tick_get+0x18>
	}
	return t;
}
 8005e46:	4618      	mov	r0, r3
 8005e48:	bd10      	pop	{r4, pc}
 8005e4a:	bf00      	nop
 8005e4c:	200008c0 	.word	0x200008c0

08005e50 <z_timer_expiration_handler>:
  __ASM volatile ("MRS %0, basepri" : "=r" (result) );
 8005e50:	f3ef 8311 	mrs	r3, BASEPRI
  __ASM volatile ("MSR basepri_max, %0" : : "r" (basePri) : "memory");
 8005e54:	2210      	movs	r2, #16
 8005e56:	f382 8812 	msr	BASEPRI_MAX, r2
 8005e5a:	f3bf 8f6f 	isb	sy
	return (to->dticks != TIMEOUT_DTICKS_ANNOUNCING);
 8005e5e:	6901      	ldr	r1, [r0, #16]
 8005e60:	6942      	ldr	r2, [r0, #20]
{
	struct k_timer *timer = CONTAINER_OF(t, struct k_timer, timeout);
	struct k_thread *thread;
	k_spinlock_key_t key = k_spin_lock(&lock);

	if (z_is_timeout_handler_canceled(t)) {
 8005e62:	f1b2 4f00 	cmp.w	r2, #2147483648	@ 0x80000000
 8005e66:	bf08      	it	eq
 8005e68:	2901      	cmpeq	r1, #1
 8005e6a:	d004      	beq.n	8005e76 <z_timer_expiration_handler+0x26>
  __ASM volatile ("MSR basepri, %0" : : "r" (basePri) : "memory");
 8005e6c:	f383 8811 	msr	BASEPRI, r3
 8005e70:	f3bf 8f6f 	isb	sy
		k_spin_unlock(&lock, key);
		return;
 8005e74:	4770      	bx	lr
{
 8005e76:	e92d 41f0 	stmdb	sp!, {r4, r5, r6, r7, r8, lr}
 8005e7a:	4604      	mov	r4, r0
 8005e7c:	461d      	mov	r5, r3

	/*
	 * if the timer is periodic, start it again; don't add _TICK_ALIGN
	 * since we're already aligned to a tick boundary
	 */
	if (!K_TIMEOUT_EQ(timer->period, K_NO_WAIT) &&
 8005e7e:	6a86      	ldr	r6, [r0, #40]	@ 0x28
 8005e80:	6ac2      	ldr	r2, [r0, #44]	@ 0x2c
 8005e82:	ea56 0102 	orrs.w	r1, r6, r2
 8005e86:	d005      	beq.n	8005e94 <z_timer_expiration_handler+0x44>
 8005e88:	f1b2 3fff 	cmp.w	r2, #4294967295
 8005e8c:	bf08      	it	eq
 8005e8e:	f1b6 3fff 	cmpeq.w	r6, #4294967295
 8005e92:	d127      	bne.n	8005ee4 <z_timer_expiration_handler+0x94>
		z_add_timeout(&timer->timeout, z_timer_expiration_handler,
			      next);
	}

	/* update timer's status */
	timer->status += 1U;
 8005e94:	6b23      	ldr	r3, [r4, #48]	@ 0x30
 8005e96:	3301      	adds	r3, #1
 8005e98:	6323      	str	r3, [r4, #48]	@ 0x30

	z_timer_observer_on_expiry(timer);

	/* invoke timer expiry function */
	if (timer->expiry_fn != NULL) {
 8005e9a:	6a23      	ldr	r3, [r4, #32]
 8005e9c:	b163      	cbz	r3, 8005eb8 <z_timer_expiration_handler+0x68>
 8005e9e:	f385 8811 	msr	BASEPRI, r5
 8005ea2:	f3bf 8f6f 	isb	sy
		/* Unlock for user handler. */
		k_spin_unlock(&lock, key);

		SYS_PORT_TRACING_OBJ_FUNC_ENTER(k_timer, expiry, timer);

		expiry_fn(timer);
 8005ea6:	4620      	mov	r0, r4
 8005ea8:	4798      	blx	r3
  __ASM volatile ("MRS %0, basepri" : "=r" (result) );
 8005eaa:	f3ef 8511 	mrs	r5, BASEPRI
  __ASM volatile ("MSR basepri_max, %0" : : "r" (basePri) : "memory");
 8005eae:	2310      	movs	r3, #16
 8005eb0:	f383 8812 	msr	BASEPRI_MAX, r3
 8005eb4:	f3bf 8f6f 	isb	sy
}

static inline struct k_thread *z_waitq_head(_wait_q_t *w)
{
	return (struct k_thread *)sys_dlist_peek_head(&w->waitq);
 8005eb8:	f104 0318 	add.w	r3, r4, #24
	return list->head == list;
 8005ebc:	69a4      	ldr	r4, [r4, #24]
	return sys_dlist_is_empty(list) ? NULL : list->head;
 8005ebe:	42a3      	cmp	r3, r4
 8005ec0:	d051      	beq.n	8005f66 <z_timer_expiration_handler+0x116>
		return;
	}

	thread = z_waitq_head(&timer->wait_q);

	if (thread == NULL) {
 8005ec2:	2c00      	cmp	r4, #0
 8005ec4:	d04f      	beq.n	8005f66 <z_timer_expiration_handler+0x116>
		k_spin_unlock(&lock, key);
		return;
	}

	z_unpend_thread_no_timeout(thread);
 8005ec6:	4620      	mov	r0, r4
 8005ec8:	f002 ffb3 	bl	8008e32 <z_unpend_thread_no_timeout>
	thread->arch.swap_return_value = value;
 8005ecc:	2300      	movs	r3, #0
 8005ece:	f8c4 30ac 	str.w	r3, [r4, #172]	@ 0xac
  __ASM volatile ("MSR basepri, %0" : : "r" (basePri) : "memory");
 8005ed2:	f385 8811 	msr	BASEPRI, r5
 8005ed6:	f3bf 8f6f 	isb	sy

	arch_thread_return_value_set(thread, 0);

	k_spin_unlock(&lock, key);

	z_ready_thread(thread);
 8005eda:	4620      	mov	r0, r4
 8005edc:	f002 ff8e 	bl	8008dfc <z_ready_thread>
}
 8005ee0:	e8bd 81f0 	ldmia.w	sp!, {r4, r5, r6, r7, r8, pc}
		next.ticks = max(next.ticks - 1, 0);
 8005ee4:	3e01      	subs	r6, #1
 8005ee6:	f142 32ff 	adc.w	r2, r2, #4294967295
 8005eea:	4617      	mov	r7, r2
 8005eec:	2a00      	cmp	r2, #0
 8005eee:	db14      	blt.n	8005f1a <z_timer_expiration_handler+0xca>
	return z_impl_k_uptime_ticks();
 8005ef0:	f003 f892 	bl	8009018 <z_impl_k_uptime_ticks>
		next = K_TIMEOUT_ABS_TICKS(k_uptime_ticks() + 1 + next.ticks);
 8005ef4:	3001      	adds	r0, #1
 8005ef6:	f141 0100 	adc.w	r1, r1, #0
 8005efa:	1980      	adds	r0, r0, r6
 8005efc:	eb41 0107 	adc.w	r1, r1, r7
 8005f00:	2801      	cmp	r0, #1
 8005f02:	f171 0100 	sbcs.w	r1, r1, #0
 8005f06:	da0b      	bge.n	8005f20 <z_timer_expiration_handler+0xd0>
 8005f08:	f06f 0201 	mvn.w	r2, #1
 8005f0c:	f04f 33ff 	mov.w	r3, #4294967295
		z_add_timeout(&timer->timeout, z_timer_expiration_handler,
 8005f10:	4917      	ldr	r1, [pc, #92]	@ (8005f70 <z_timer_expiration_handler+0x120>)
 8005f12:	4620      	mov	r0, r4
 8005f14:	f7ff fe80 	bl	8005c18 <z_add_timeout>
 8005f18:	e7bc      	b.n	8005e94 <z_timer_expiration_handler+0x44>
		next.ticks = max(next.ticks - 1, 0);
 8005f1a:	2600      	movs	r6, #0
 8005f1c:	4637      	mov	r7, r6
 8005f1e:	e7e7      	b.n	8005ef0 <z_timer_expiration_handler+0xa0>
 8005f20:	f003 f87a 	bl	8009018 <z_impl_k_uptime_ticks>
		next = K_TIMEOUT_ABS_TICKS(k_uptime_ticks() + 1 + next.ticks);
 8005f24:	3001      	adds	r0, #1
 8005f26:	f141 0100 	adc.w	r1, r1, #0
 8005f2a:	1980      	adds	r0, r0, r6
 8005f2c:	eb41 0107 	adc.w	r1, r1, r7
 8005f30:	f06f 0302 	mvn.w	r3, #2
 8005f34:	4283      	cmp	r3, r0
 8005f36:	f06f 4300 	mvn.w	r3, #2147483648	@ 0x80000000
 8005f3a:	418b      	sbcs	r3, r1
 8005f3c:	da03      	bge.n	8005f46 <z_timer_expiration_handler+0xf6>
 8005f3e:	2200      	movs	r2, #0
 8005f40:	f04f 4300 	mov.w	r3, #2147483648	@ 0x80000000
 8005f44:	e7e4      	b.n	8005f10 <z_timer_expiration_handler+0xc0>
 8005f46:	f003 f867 	bl	8009018 <z_impl_k_uptime_ticks>
 8005f4a:	3001      	adds	r0, #1
 8005f4c:	f141 0300 	adc.w	r3, r1, #0
 8005f50:	1980      	adds	r0, r0, r6
 8005f52:	eb43 0307 	adc.w	r3, r3, r7
 8005f56:	f06f 0201 	mvn.w	r2, #1
 8005f5a:	1a12      	subs	r2, r2, r0
 8005f5c:	f04f 31ff 	mov.w	r1, #4294967295
 8005f60:	eb61 0303 	sbc.w	r3, r1, r3
 8005f64:	e7d4      	b.n	8005f10 <z_timer_expiration_handler+0xc0>
 8005f66:	f385 8811 	msr	BASEPRI, r5
 8005f6a:	f3bf 8f6f 	isb	sy
		return;
 8005f6e:	e7b7      	b.n	8005ee0 <z_timer_expiration_handler+0x90>
 8005f70:	08005e51 	.word	0x08005e51

08005f74 <z_impl_k_timer_start>:
}


void z_impl_k_timer_start(struct k_timer *timer, k_timeout_t duration,
			  k_timeout_t period)
{
 8005f74:	b5f8      	push	{r3, r4, r5, r6, r7, lr}
 8005f76:	461c      	mov	r4, r3
  __ASM volatile ("MRS %0, basepri" : "=r" (result) );
 8005f78:	f3ef 8711 	mrs	r7, BASEPRI
  __ASM volatile ("MSR basepri_max, %0" : : "r" (basePri) : "memory");
 8005f7c:	2310      	movs	r3, #16
 8005f7e:	f383 8812 	msr	BASEPRI_MAX, r3
 8005f82:	f3bf 8f6f 	isb	sy
	 * since k_timer_start can be preempted, especially for the same
	 * timer instance.
	 */
	k_spinlock_key_t key = k_spin_lock(&lock);

	if (K_TIMEOUT_EQ(duration, K_FOREVER)) {
 8005f86:	f1b4 3fff 	cmp.w	r4, #4294967295
 8005f8a:	bf08      	it	eq
 8005f8c:	f1b2 3fff 	cmpeq.w	r2, #4294967295
 8005f90:	d023      	beq.n	8005fda <z_impl_k_timer_start+0x66>
 8005f92:	4606      	mov	r6, r0
 8005f94:	4615      	mov	r5, r2
	 * for backwards compatibility.  This is unfortunate
	 * (i.e. k_timer_start() doesn't treat its initial sleep
	 * argument the same way k_sleep() does), but historical.  The
	 * timer_api test relies on this behavior.
	 */
	if (Z_IS_TIMEOUT_RELATIVE(duration)) {
 8005f96:	2c00      	cmp	r4, #0
 8005f98:	db0b      	blt.n	8005fb2 <z_impl_k_timer_start+0x3e>
		/* For the duration == K_NO_WAIT case, ensure that behaviour
		 * is consistent for both 32-bit k_ticks_t which are unsigned
		 * and 64-bit k_ticks_t which are signed.
		 */
		duration.ticks = max(1, duration.ticks);
 8005f9a:	4613      	mov	r3, r2
 8005f9c:	4621      	mov	r1, r4
 8005f9e:	2a01      	cmp	r2, #1
 8005fa0:	f174 0400 	sbcs.w	r4, r4, #0
 8005fa4:	da01      	bge.n	8005faa <z_impl_k_timer_start+0x36>
 8005fa6:	2301      	movs	r3, #1
 8005fa8:	2100      	movs	r1, #0
		duration.ticks = duration.ticks - 1;
 8005faa:	1e5a      	subs	r2, r3, #1
 8005fac:	4615      	mov	r5, r2
 8005fae:	f141 34ff 	adc.w	r4, r1, #4294967295
	}

	(void)z_abort_timeout(&timer->timeout);
 8005fb2:	4630      	mov	r0, r6
 8005fb4:	f002 ffed 	bl	8008f92 <z_abort_timeout>
	timer->period = period;
 8005fb8:	e9dd 2306 	ldrd	r2, r3, [sp, #24]
 8005fbc:	e9c6 230a 	strd	r2, r3, [r6, #40]	@ 0x28
	timer->status = 0U;
 8005fc0:	2300      	movs	r3, #0
 8005fc2:	6333      	str	r3, [r6, #48]	@ 0x30

	z_add_timeout(&timer->timeout, z_timer_expiration_handler,
 8005fc4:	462a      	mov	r2, r5
 8005fc6:	4623      	mov	r3, r4
 8005fc8:	4906      	ldr	r1, [pc, #24]	@ (8005fe4 <z_impl_k_timer_start+0x70>)
 8005fca:	4630      	mov	r0, r6
 8005fcc:	f7ff fe24 	bl	8005c18 <z_add_timeout>
  __ASM volatile ("MSR basepri, %0" : : "r" (basePri) : "memory");
 8005fd0:	f387 8811 	msr	BASEPRI, r7
 8005fd4:	f3bf 8f6f 	isb	sy
		     duration);

	z_timer_observer_on_start(timer, duration, period);

	k_spin_unlock(&lock, key);
}
 8005fd8:	bdf8      	pop	{r3, r4, r5, r6, r7, pc}
 8005fda:	f387 8811 	msr	BASEPRI, r7
 8005fde:	f3bf 8f6f 	isb	sy
		return;
 8005fe2:	e7f9      	b.n	8005fd8 <z_impl_k_timer_start+0x64>
 8005fe4:	08005e51 	.word	0x08005e51

08005fe8 <z_impl_k_timer_stop>:
}
#include <zephyr/syscalls/k_timer_start_mrsh.c>
#endif /* CONFIG_USERSPACE */

void z_impl_k_timer_stop(struct k_timer *timer)
{
 8005fe8:	b570      	push	{r4, r5, r6, lr}
 8005fea:	4604      	mov	r4, r0
  __ASM volatile ("MRS %0, basepri" : "=r" (result) );
 8005fec:	f3ef 8611 	mrs	r6, BASEPRI
  __ASM volatile ("MSR basepri_max, %0" : : "r" (basePri) : "memory");
 8005ff0:	2310      	movs	r3, #16
 8005ff2:	f383 8812 	msr	BASEPRI_MAX, r3
 8005ff6:	f3bf 8f6f 	isb	sy
	SYS_PORT_TRACING_OBJ_FUNC(k_timer, stop, timer);

	k_spinlock_key_t key = k_spin_lock(&lock);

	bool inactive = (z_abort_timeout(&timer->timeout) != 0);
 8005ffa:	f002 ffca 	bl	8008f92 <z_abort_timeout>

	if (inactive) {
 8005ffe:	b9e0      	cbnz	r0, 800603a <z_impl_k_timer_stop+0x52>
 8006000:	4635      	mov	r5, r6
		return;
	}

	z_timer_observer_on_stop(timer);

	if (timer->stop_fn != NULL) {
 8006002:	6a63      	ldr	r3, [r4, #36]	@ 0x24
 8006004:	b16b      	cbz	r3, 8006022 <z_impl_k_timer_stop+0x3a>
  __ASM volatile ("MSR basepri, %0" : : "r" (basePri) : "memory");
 8006006:	f386 8811 	msr	BASEPRI, r6
 800600a:	f3bf 8f6f 	isb	sy
		SYS_PORT_TRACING_OBJ_FUNC_ENTER(k_timer, stop_fn_expiry, timer);
		k_spin_unlock(&lock, key);

		timer->stop_fn(timer);
 800600e:	6a63      	ldr	r3, [r4, #36]	@ 0x24
 8006010:	4620      	mov	r0, r4
 8006012:	4798      	blx	r3
  __ASM volatile ("MRS %0, basepri" : "=r" (result) );
 8006014:	f3ef 8511 	mrs	r5, BASEPRI
  __ASM volatile ("MSR basepri_max, %0" : : "r" (basePri) : "memory");
 8006018:	2310      	movs	r3, #16
 800601a:	f383 8812 	msr	BASEPRI_MAX, r3
 800601e:	f3bf 8f6f 	isb	sy
		k_spin_unlock(&lock, key);
		return;

	}

	struct k_thread *pending_thread = z_unpend1_no_timeout(&timer->wait_q);
 8006022:	f104 0018 	add.w	r0, r4, #24
 8006026:	f002 ff55 	bl	8008ed4 <z_unpend1_no_timeout>

	if (pending_thread != NULL) {
 800602a:	b158      	cbz	r0, 8006044 <z_impl_k_timer_stop+0x5c>
		z_ready_thread(pending_thread);
 800602c:	f002 fee6 	bl	8008dfc <z_ready_thread>
		z_reschedule(&lock, key);
 8006030:	4629      	mov	r1, r5
 8006032:	4807      	ldr	r0, [pc, #28]	@ (8006050 <z_impl_k_timer_stop+0x68>)
 8006034:	f002 ff73 	bl	8008f1e <z_reschedule>
	} else {
		k_spin_unlock(&lock, key);
	}
}
 8006038:	bd70      	pop	{r4, r5, r6, pc}
  __ASM volatile ("MSR basepri, %0" : : "r" (basePri) : "memory");
 800603a:	f386 8811 	msr	BASEPRI, r6
 800603e:	f3bf 8f6f 	isb	sy
		return;
 8006042:	e7f9      	b.n	8006038 <z_impl_k_timer_stop+0x50>
 8006044:	f385 8811 	msr	BASEPRI, r5
 8006048:	f3bf 8f6f 	isb	sy
 800604c:	e7f4      	b.n	8006038 <z_impl_k_timer_stop+0x50>
 800604e:	bf00      	nop
 8006050:	20000a74 	.word	0x20000a74

08006054 <boot_banner>:
#define BANNER_VERSION KERNEL_VERSION_STRING
#endif /* BUILD_VERSION */
#endif /* !BANNER_VERSION */

void boot_banner(void)
{
 8006054:	b508      	push	{r3, lr}
	  */
	printk("\x1b[3J\x1b[2J\x1b[H");
#endif /* CONFIG_BOOT_CLEAR_SCREEN */

#ifdef CONFIG_BOOT_BANNER
	printk("*** " CONFIG_BOOT_BANNER_STRING " " BANNER_VERSION BANNER_POSTFIX " ***\n");
 8006056:	4802      	ldr	r0, [pc, #8]	@ (8006060 <boot_banner+0xc>)
 8006058:	f000 ff3d 	bl	8006ed6 <printk>
#endif /* CONFIG_BOOT_BANNER */
}
 800605c:	bd08      	pop	{r3, pc}
 800605e:	bf00      	nop
 8006060:	0800a4c4 	.word	0x0800a4c4

08006064 <memset>:
 8006064:	b570      	push	{r4, r5, r6, lr}
 8006066:	0786      	lsls	r6, r0, #30
 8006068:	d04f      	beq.n	800610a <memset+0xa6>
 800606a:	1884      	adds	r4, r0, r2
 800606c:	4684      	mov	ip, r0
 800606e:	e004      	b.n	800607a <memset+0x16>
 8006070:	f803 1b01 	strb.w	r1, [r3], #1
 8006074:	079d      	lsls	r5, r3, #30
 8006076:	d004      	beq.n	8006082 <memset+0x1e>
 8006078:	469c      	mov	ip, r3
 800607a:	4564      	cmp	r4, ip
 800607c:	4663      	mov	r3, ip
 800607e:	d1f7      	bne.n	8006070 <memset+0xc>
 8006080:	bd70      	pop	{r4, r5, r6, pc}
 8006082:	3a01      	subs	r2, #1
 8006084:	4402      	add	r2, r0
 8006086:	eba2 020c 	sub.w	r2, r2, ip
 800608a:	2a03      	cmp	r2, #3
 800608c:	d92f      	bls.n	80060ee <memset+0x8a>
 800608e:	b2cc      	uxtb	r4, r1
 8006090:	eb04 2404 	add.w	r4, r4, r4, lsl #8
 8006094:	2a0f      	cmp	r2, #15
 8006096:	eb04 4404 	add.w	r4, r4, r4, lsl #16
 800609a:	d938      	bls.n	800610e <memset+0xaa>
 800609c:	f1a2 0610 	sub.w	r6, r2, #16
 80060a0:	0935      	lsrs	r5, r6, #4
 80060a2:	3501      	adds	r5, #1
 80060a4:	469c      	mov	ip, r3
 80060a6:	f04f 0e00 	mov.w	lr, #0
 80060aa:	f10e 0e01 	add.w	lr, lr, #1
 80060ae:	45ae      	cmp	lr, r5
 80060b0:	e9cc 4400 	strd	r4, r4, [ip]
 80060b4:	e9cc 4402 	strd	r4, r4, [ip, #8]
 80060b8:	f10c 0c10 	add.w	ip, ip, #16
 80060bc:	d3f5      	bcc.n	80060aa <memset+0x46>
 80060be:	f026 060f 	bic.w	r6, r6, #15
 80060c2:	3310      	adds	r3, #16
 80060c4:	f012 0f0c 	tst.w	r2, #12
 80060c8:	4433      	add	r3, r6
 80060ca:	f002 050f 	and.w	r5, r2, #15
 80060ce:	d01a      	beq.n	8006106 <memset+0xa2>
 80060d0:	1f2a      	subs	r2, r5, #4
 80060d2:	2a03      	cmp	r2, #3
 80060d4:	601c      	str	r4, [r3, #0]
 80060d6:	d905      	bls.n	80060e4 <memset+0x80>
 80060d8:	f1a5 0208 	sub.w	r2, r5, #8
 80060dc:	2a03      	cmp	r2, #3
 80060de:	605c      	str	r4, [r3, #4]
 80060e0:	bf88      	it	hi
 80060e2:	609c      	strhi	r4, [r3, #8]
 80060e4:	f005 0203 	and.w	r2, r5, #3
 80060e8:	f025 0503 	bic.w	r5, r5, #3
 80060ec:	442b      	add	r3, r5
 80060ee:	1e54      	subs	r4, r2, #1
 80060f0:	2a00      	cmp	r2, #0
 80060f2:	d0c5      	beq.n	8006080 <memset+0x1c>
 80060f4:	b2c9      	uxtb	r1, r1
 80060f6:	7019      	strb	r1, [r3, #0]
 80060f8:	2c00      	cmp	r4, #0
 80060fa:	d0c1      	beq.n	8006080 <memset+0x1c>
 80060fc:	2c01      	cmp	r4, #1
 80060fe:	7059      	strb	r1, [r3, #1]
 8006100:	bf18      	it	ne
 8006102:	7099      	strbne	r1, [r3, #2]
 8006104:	bd70      	pop	{r4, r5, r6, pc}
 8006106:	462a      	mov	r2, r5
 8006108:	e7f1      	b.n	80060ee <memset+0x8a>
 800610a:	4603      	mov	r3, r0
 800610c:	e7bd      	b.n	800608a <memset+0x26>
 800610e:	4615      	mov	r5, r2
 8006110:	e7de      	b.n	80060d0 <memset+0x6c>
 8006112:	bf00      	nop

08006114 <strncpy>:
 8006114:	b538      	push	{r3, r4, r5, lr}
 8006116:	ea40 0301 	orr.w	r3, r0, r1
 800611a:	079b      	lsls	r3, r3, #30
 800611c:	4604      	mov	r4, r0
 800611e:	d122      	bne.n	8006166 <strncpy+0x52>
 8006120:	2a03      	cmp	r2, #3
 8006122:	d920      	bls.n	8006166 <strncpy+0x52>
 8006124:	468c      	mov	ip, r1
 8006126:	f8dc 5000 	ldr.w	r5, [ip]
 800612a:	f1a5 3301 	sub.w	r3, r5, #16843009	@ 0x1010101
 800612e:	ea23 0305 	bic.w	r3, r3, r5
 8006132:	f013 3f80 	tst.w	r3, #2155905152	@ 0x80808080
 8006136:	4661      	mov	r1, ip
 8006138:	f10c 0c04 	add.w	ip, ip, #4
 800613c:	d114      	bne.n	8006168 <strncpy+0x54>
 800613e:	3a04      	subs	r2, #4
 8006140:	2a03      	cmp	r2, #3
 8006142:	f840 5b04 	str.w	r5, [r0], #4
 8006146:	d8ee      	bhi.n	8006126 <strncpy+0x12>
 8006148:	4661      	mov	r1, ip
 800614a:	1e4b      	subs	r3, r1, #1
 800614c:	b14a      	cbz	r2, 8006162 <strncpy+0x4e>
 800614e:	f813 1f01 	ldrb.w	r1, [r3, #1]!
 8006152:	f800 1b01 	strb.w	r1, [r0], #1
 8006156:	3a01      	subs	r2, #1
 8006158:	2900      	cmp	r1, #0
 800615a:	d1f7      	bne.n	800614c <strncpy+0x38>
 800615c:	b10a      	cbz	r2, 8006162 <strncpy+0x4e>
 800615e:	f7ff ff81 	bl	8006064 <memset>
 8006162:	4620      	mov	r0, r4
 8006164:	bd38      	pop	{r3, r4, r5, pc}
 8006166:	4620      	mov	r0, r4
 8006168:	1e4b      	subs	r3, r1, #1
 800616a:	e7ef      	b.n	800614c <strncpy+0x38>

0800616c <strnlen>:
 800616c:	b171      	cbz	r1, 800618c <strnlen+0x20>
 800616e:	4603      	mov	r3, r0
 8006170:	eb01 0c00 	add.w	ip, r1, r0
 8006174:	e001      	b.n	800617a <strnlen+0xe>
 8006176:	4563      	cmp	r3, ip
 8006178:	d006      	beq.n	8006188 <strnlen+0x1c>
 800617a:	461a      	mov	r2, r3
 800617c:	3301      	adds	r3, #1
 800617e:	7811      	ldrb	r1, [r2, #0]
 8006180:	2900      	cmp	r1, #0
 8006182:	d1f8      	bne.n	8006176 <strnlen+0xa>
 8006184:	1a10      	subs	r0, r2, r0
 8006186:	4770      	bx	lr
 8006188:	1a18      	subs	r0, r3, r0
 800618a:	4770      	bx	lr
 800618c:	4608      	mov	r0, r1
 800618e:	4770      	bx	lr

08006190 <snprintf>:
 8006190:	b40c      	push	{r2, r3}
 8006192:	b530      	push	{r4, r5, lr}
 8006194:	b08b      	sub	sp, #44	@ 0x2c
 8006196:	460d      	mov	r5, r1
 8006198:	2220      	movs	r2, #32
 800619a:	4604      	mov	r4, r0
 800619c:	2100      	movs	r1, #0
 800619e:	a802      	add	r0, sp, #8
 80061a0:	f7ff ff60 	bl	8006064 <memset>
 80061a4:	4b13      	ldr	r3, [pc, #76]	@ (80061f4 <snprintf+0x64>)
 80061a6:	9303      	str	r3, [sp, #12]
 80061a8:	2202      	movs	r2, #2
 80061aa:	2d00      	cmp	r5, #0
 80061ac:	f88d 200a 	strb.w	r2, [sp, #10]
 80061b0:	9406      	str	r4, [sp, #24]
 80061b2:	db1d      	blt.n	80061f0 <snprintf+0x60>
 80061b4:	d010      	beq.n	80061d8 <snprintf+0x48>
 80061b6:	3d01      	subs	r5, #1
 80061b8:	442c      	add	r4, r5
 80061ba:	aa0f      	add	r2, sp, #60	@ 0x3c
 80061bc:	990e      	ldr	r1, [sp, #56]	@ 0x38
 80061be:	9201      	str	r2, [sp, #4]
 80061c0:	a802      	add	r0, sp, #8
 80061c2:	9407      	str	r4, [sp, #28]
 80061c4:	f000 f896 	bl	80062f4 <__l_vfprintf>
 80061c8:	9b06      	ldr	r3, [sp, #24]
 80061ca:	2200      	movs	r2, #0
 80061cc:	701a      	strb	r2, [r3, #0]
 80061ce:	b00b      	add	sp, #44	@ 0x2c
 80061d0:	e8bd 4030 	ldmia.w	sp!, {r4, r5, lr}
 80061d4:	b002      	add	sp, #8
 80061d6:	4770      	bx	lr
 80061d8:	aa0f      	add	r2, sp, #60	@ 0x3c
 80061da:	990e      	ldr	r1, [sp, #56]	@ 0x38
 80061dc:	9407      	str	r4, [sp, #28]
 80061de:	a802      	add	r0, sp, #8
 80061e0:	9201      	str	r2, [sp, #4]
 80061e2:	f000 f887 	bl	80062f4 <__l_vfprintf>
 80061e6:	b00b      	add	sp, #44	@ 0x2c
 80061e8:	e8bd 4030 	ldmia.w	sp!, {r4, r5, lr}
 80061ec:	b002      	add	sp, #8
 80061ee:	4770      	bx	lr
 80061f0:	2400      	movs	r4, #0
 80061f2:	e7e2      	b.n	80061ba <snprintf+0x2a>
 80061f4:	08006ca9 	.word	0x08006ca9

080061f8 <__ultoa_invert>:
 80061f8:	b570      	push	{r4, r5, r6, lr}
 80061fa:	f003 051f 	and.w	r5, r3, #31
 80061fe:	2d08      	cmp	r5, #8
 8006200:	4684      	mov	ip, r0
 8006202:	468e      	mov	lr, r1
 8006204:	d065      	beq.n	80062d2 <__ultoa_invert+0xda>
 8006206:	f1c3 0337 	rsb	r3, r3, #55	@ 0x37
 800620a:	2d10      	cmp	r5, #16
 800620c:	b2dc      	uxtb	r4, r3
 800620e:	4610      	mov	r0, r2
 8006210:	d044      	beq.n	800629c <__ultoa_invert+0xa4>
 8006212:	ea4f 039c 	mov.w	r3, ip, lsr #2
 8006216:	ea4f 025c 	mov.w	r2, ip, lsr #1
 800621a:	ea43 738e 	orr.w	r3, r3, lr, lsl #30
 800621e:	ea42 72ce 	orr.w	r2, r2, lr, lsl #31
 8006222:	189a      	adds	r2, r3, r2
 8006224:	ea4f 015e 	mov.w	r1, lr, lsr #1
 8006228:	eb41 019e 	adc.w	r1, r1, lr, lsr #2
 800622c:	0913      	lsrs	r3, r2, #4
 800622e:	ea43 7301 	orr.w	r3, r3, r1, lsl #28
 8006232:	189a      	adds	r2, r3, r2
 8006234:	eb41 1111 	adc.w	r1, r1, r1, lsr #4
 8006238:	0a13      	lsrs	r3, r2, #8
 800623a:	ea43 6301 	orr.w	r3, r3, r1, lsl #24
 800623e:	189a      	adds	r2, r3, r2
 8006240:	eb41 2111 	adc.w	r1, r1, r1, lsr #8
 8006244:	0c13      	lsrs	r3, r2, #16
 8006246:	ea43 4301 	orr.w	r3, r3, r1, lsl #16
 800624a:	189b      	adds	r3, r3, r2
 800624c:	eb41 4111 	adc.w	r1, r1, r1, lsr #16
 8006250:	18cb      	adds	r3, r1, r3
 8006252:	fa5f f28c 	uxtb.w	r2, ip
 8006256:	f141 0100 	adc.w	r1, r1, #0
 800625a:	ea4f 0cd3 	mov.w	ip, r3, lsr #3
 800625e:	ea4c 7c41 	orr.w	ip, ip, r1, lsl #29
 8006262:	eb0c 038c 	add.w	r3, ip, ip, lsl #2
 8006266:	eba2 0343 	sub.w	r3, r2, r3, lsl #1
 800626a:	b2db      	uxtb	r3, r3
 800626c:	f1a3 020a 	sub.w	r2, r3, #10
 8006270:	b2d2      	uxtb	r2, r2
 8006272:	18a5      	adds	r5, r4, r2
 8006274:	2b09      	cmp	r3, #9
 8006276:	f103 0630 	add.w	r6, r3, #48	@ 0x30
 800627a:	ea4f 0ed1 	mov.w	lr, r1, lsr #3
 800627e:	f105 0530 	add.w	r5, r5, #48	@ 0x30
 8006282:	d920      	bls.n	80062c6 <__ultoa_invert+0xce>
 8006284:	f11c 0c01 	adds.w	ip, ip, #1
 8006288:	f14e 0e00 	adc.w	lr, lr, #0
 800628c:	2a09      	cmp	r2, #9
 800628e:	bf9a      	itte	ls
 8006290:	3326      	addls	r3, #38	@ 0x26
 8006292:	f800 3b01 	strbls.w	r3, [r0], #1
 8006296:	f800 5b01 	strbhi.w	r5, [r0], #1
 800629a:	e7ba      	b.n	8006212 <__ultoa_invert+0x1a>
 800629c:	f00c 030f 	and.w	r3, ip, #15
 80062a0:	2b09      	cmp	r3, #9
 80062a2:	bf88      	it	hi
 80062a4:	191b      	addhi	r3, r3, r4
 80062a6:	ea4f 121c 	mov.w	r2, ip, lsr #4
 80062aa:	ea42 720e 	orr.w	r2, r2, lr, lsl #28
 80062ae:	ea4f 111e 	mov.w	r1, lr, lsr #4
 80062b2:	bf88      	it	hi
 80062b4:	b2db      	uxtbhi	r3, r3
 80062b6:	4694      	mov	ip, r2
 80062b8:	3330      	adds	r3, #48	@ 0x30
 80062ba:	430a      	orrs	r2, r1
 80062bc:	f800 3b01 	strb.w	r3, [r0], #1
 80062c0:	468e      	mov	lr, r1
 80062c2:	d1eb      	bne.n	800629c <__ultoa_invert+0xa4>
 80062c4:	bd70      	pop	{r4, r5, r6, pc}
 80062c6:	ea5c 030e 	orrs.w	r3, ip, lr
 80062ca:	f800 6b01 	strb.w	r6, [r0], #1
 80062ce:	d1a0      	bne.n	8006212 <__ultoa_invert+0x1a>
 80062d0:	bd70      	pop	{r4, r5, r6, pc}
 80062d2:	4610      	mov	r0, r2
 80062d4:	f00c 0307 	and.w	r3, ip, #7
 80062d8:	ea4f 0cdc 	mov.w	ip, ip, lsr #3
 80062dc:	ea4c 7c4e 	orr.w	ip, ip, lr, lsl #29
 80062e0:	3330      	adds	r3, #48	@ 0x30
 80062e2:	ea4f 0ede 	mov.w	lr, lr, lsr #3
 80062e6:	f800 3b01 	strb.w	r3, [r0], #1
 80062ea:	ea5c 030e 	orrs.w	r3, ip, lr
 80062ee:	d1f1      	bne.n	80062d4 <__ultoa_invert+0xdc>
 80062f0:	bd70      	pop	{r4, r5, r6, pc}
 80062f2:	bf00      	nop

080062f4 <__l_vfprintf>:
 80062f4:	e92d 4ff0 	stmdb	sp!, {r4, r5, r6, r7, r8, r9, sl, fp, lr}
 80062f8:	7883      	ldrb	r3, [r0, #2]
 80062fa:	f8d0 9004 	ldr.w	r9, [r0, #4]
 80062fe:	079f      	lsls	r7, r3, #30
 8006300:	b08b      	sub	sp, #44	@ 0x2c
 8006302:	f140 8132 	bpl.w	800656a <__l_vfprintf+0x276>
 8006306:	460b      	mov	r3, r1
 8006308:	4680      	mov	r8, r0
 800630a:	f813 0b01 	ldrb.w	r0, [r3], #1
 800630e:	460c      	mov	r4, r1
 8006310:	2800      	cmp	r0, #0
 8006312:	f000 83d8 	beq.w	8006ac6 <__l_vfprintf+0x7d2>
 8006316:	2500      	movs	r5, #0
 8006318:	9200      	str	r2, [sp, #0]
 800631a:	e00d      	b.n	8006338 <__l_vfprintf+0x44>
 800631c:	461c      	mov	r4, r3
 800631e:	4641      	mov	r1, r8
 8006320:	47c8      	blx	r9
 8006322:	2800      	cmp	r0, #0
 8006324:	f105 0501 	add.w	r5, r5, #1
 8006328:	f2c0 8119 	blt.w	800655e <__l_vfprintf+0x26a>
 800632c:	4623      	mov	r3, r4
 800632e:	f813 0b01 	ldrb.w	r0, [r3], #1
 8006332:	2800      	cmp	r0, #0
 8006334:	f000 811b 	beq.w	800656e <__l_vfprintf+0x27a>
 8006338:	2825      	cmp	r0, #37	@ 0x25
 800633a:	d1ef      	bne.n	800631c <__l_vfprintf+0x28>
 800633c:	7866      	ldrb	r6, [r4, #1]
 800633e:	2e25      	cmp	r6, #37	@ 0x25
 8006340:	f104 0402 	add.w	r4, r4, #2
 8006344:	d0eb      	beq.n	800631e <__l_vfprintf+0x2a>
 8006346:	f04f 0b00 	mov.w	fp, #0
 800634a:	46da      	mov	sl, fp
 800634c:	465f      	mov	r7, fp
 800634e:	2f1f      	cmp	r7, #31
 8006350:	d95d      	bls.n	800640e <__l_vfprintf+0x11a>
 8006352:	2f7f      	cmp	r7, #127	@ 0x7f
 8006354:	f200 808a 	bhi.w	800646c <__l_vfprintf+0x178>
 8006358:	f1a6 0330 	sub.w	r3, r6, #48	@ 0x30
 800635c:	2b09      	cmp	r3, #9
 800635e:	d811      	bhi.n	8006384 <__l_vfprintf+0x90>
 8006360:	067e      	lsls	r6, r7, #25
 8006362:	f100 8132 	bmi.w	80065ca <__l_vfprintf+0x2d6>
 8006366:	f814 6b01 	ldrb.w	r6, [r4], #1
 800636a:	eb0a 0a8a 	add.w	sl, sl, sl, lsl #2
 800636e:	eb03 0a4a 	add.w	sl, r3, sl, lsl #1
 8006372:	f047 0720 	orr.w	r7, r7, #32
 8006376:	f1a6 0330 	sub.w	r3, r6, #48	@ 0x30
 800637a:	2e00      	cmp	r6, #0
 800637c:	f000 80e1 	beq.w	8006542 <__l_vfprintf+0x24e>
 8006380:	2b09      	cmp	r3, #9
 8006382:	d9f0      	bls.n	8006366 <__l_vfprintf+0x72>
 8006384:	2e2a      	cmp	r6, #42	@ 0x2a
 8006386:	f000 810e 	beq.w	80065a6 <__l_vfprintf+0x2b2>
 800638a:	2e2e      	cmp	r6, #46	@ 0x2e
 800638c:	f000 81c3 	beq.w	8006716 <__l_vfprintf+0x422>
 8006390:	f1a6 034c 	sub.w	r3, r6, #76	@ 0x4c
 8006394:	2b2e      	cmp	r3, #46	@ 0x2e
 8006396:	f200 8125 	bhi.w	80065e4 <__l_vfprintf+0x2f0>
 800639a:	e8df f013 	tbh	[pc, r3, lsl #1]
 800639e:	0061      	.short	0x0061
 80063a0:	01230123 	.word	0x01230123
 80063a4:	01230123 	.word	0x01230123
 80063a8:	01230123 	.word	0x01230123
 80063ac:	01230123 	.word	0x01230123
 80063b0:	01230123 	.word	0x01230123
 80063b4:	01230123 	.word	0x01230123
 80063b8:	01230123 	.word	0x01230123
 80063bc:	01230123 	.word	0x01230123
 80063c0:	01230123 	.word	0x01230123
 80063c4:	01230123 	.word	0x01230123
 80063c8:	01230123 	.word	0x01230123
 80063cc:	01230123 	.word	0x01230123
 80063d0:	01230123 	.word	0x01230123
 80063d4:	01510123 	.word	0x01510123
 80063d8:	00610123 	.word	0x00610123
 80063dc:	015d0123 	.word	0x015d0123
 80063e0:	01230123 	.word	0x01230123
 80063e4:	01230123 	.word	0x01230123
 80063e8:	01230123 	.word	0x01230123
 80063ec:	00cd0123 	.word	0x00cd0123
 80063f0:	01230123 	.word	0x01230123
 80063f4:	01230123 	.word	0x01230123
 80063f8:	00cd0123 	.word	0x00cd0123
 80063fc:	f047 0702 	orr.w	r7, r7, #2
 8006400:	f814 6b01 	ldrb.w	r6, [r4], #1
 8006404:	f047 0704 	orr.w	r7, r7, #4
 8006408:	2e00      	cmp	r6, #0
 800640a:	f000 809a 	beq.w	8006542 <__l_vfprintf+0x24e>
 800640e:	f1a6 0320 	sub.w	r3, r6, #32
 8006412:	2b10      	cmp	r3, #16
 8006414:	d8a0      	bhi.n	8006358 <__l_vfprintf+0x64>
 8006416:	a201      	add	r2, pc, #4	@ (adr r2, 800641c <__l_vfprintf+0x128>)
 8006418:	f852 f023 	ldr.w	pc, [r2, r3, lsl #2]
 800641c:	08006401 	.word	0x08006401
 8006420:	08006359 	.word	0x08006359
 8006424:	08006359 	.word	0x08006359
 8006428:	08006577 	.word	0x08006577
 800642c:	08006359 	.word	0x08006359
 8006430:	08006359 	.word	0x08006359
 8006434:	08006359 	.word	0x08006359
 8006438:	08006539 	.word	0x08006539
 800643c:	08006359 	.word	0x08006359
 8006440:	08006359 	.word	0x08006359
 8006444:	08006359 	.word	0x08006359
 8006448:	080063fd 	.word	0x080063fd
 800644c:	08006359 	.word	0x08006359
 8006450:	08006597 	.word	0x08006597
 8006454:	08006359 	.word	0x08006359
 8006458:	08006359 	.word	0x08006359
 800645c:	08006587 	.word	0x08006587
 8006460:	f814 6b01 	ldrb.w	r6, [r4], #1
 8006464:	f447 7720 	orr.w	r7, r7, #640	@ 0x280
 8006468:	2e00      	cmp	r6, #0
 800646a:	d06a      	beq.n	8006542 <__l_vfprintf+0x24e>
 800646c:	f1a6 034c 	sub.w	r3, r6, #76	@ 0x4c
 8006470:	2b2e      	cmp	r3, #46	@ 0x2e
 8006472:	f200 80b7 	bhi.w	80065e4 <__l_vfprintf+0x2f0>
 8006476:	a201      	add	r2, pc, #4	@ (adr r2, 800647c <__l_vfprintf+0x188>)
 8006478:	f852 f023 	ldr.w	pc, [r2, r3, lsl #2]
 800647c:	08006461 	.word	0x08006461
 8006480:	080065e5 	.word	0x080065e5
 8006484:	080065e5 	.word	0x080065e5
 8006488:	080065e5 	.word	0x080065e5
 800648c:	080065e5 	.word	0x080065e5
 8006490:	080065e5 	.word	0x080065e5
 8006494:	080065e5 	.word	0x080065e5
 8006498:	080065e5 	.word	0x080065e5
 800649c:	080065e5 	.word	0x080065e5
 80064a0:	080065e5 	.word	0x080065e5
 80064a4:	080065e5 	.word	0x080065e5
 80064a8:	080065e5 	.word	0x080065e5
 80064ac:	080065e5 	.word	0x080065e5
 80064b0:	080065e5 	.word	0x080065e5
 80064b4:	080065e5 	.word	0x080065e5
 80064b8:	080065e5 	.word	0x080065e5
 80064bc:	080065e5 	.word	0x080065e5
 80064c0:	080065e5 	.word	0x080065e5
 80064c4:	080065e5 	.word	0x080065e5
 80064c8:	080065e5 	.word	0x080065e5
 80064cc:	080065e5 	.word	0x080065e5
 80064d0:	080065e5 	.word	0x080065e5
 80064d4:	080065e5 	.word	0x080065e5
 80064d8:	080065e5 	.word	0x080065e5
 80064dc:	080065e5 	.word	0x080065e5
 80064e0:	080065e5 	.word	0x080065e5
 80064e4:	080065e5 	.word	0x080065e5
 80064e8:	080065e5 	.word	0x080065e5
 80064ec:	08006639 	.word	0x08006639
 80064f0:	080065e5 	.word	0x080065e5
 80064f4:	08006461 	.word	0x08006461
 80064f8:	080065e5 	.word	0x080065e5
 80064fc:	08006651 	.word	0x08006651
 8006500:	080065e5 	.word	0x080065e5
 8006504:	080065e5 	.word	0x080065e5
 8006508:	080065e5 	.word	0x080065e5
 800650c:	080065e5 	.word	0x080065e5
 8006510:	080065e5 	.word	0x080065e5
 8006514:	080065e5 	.word	0x080065e5
 8006518:	080065e5 	.word	0x080065e5
 800651c:	0800672d 	.word	0x0800672d
 8006520:	080065e5 	.word	0x080065e5
 8006524:	080065e5 	.word	0x080065e5
 8006528:	080065e5 	.word	0x080065e5
 800652c:	080065e5 	.word	0x080065e5
 8006530:	080065e5 	.word	0x080065e5
 8006534:	0800672d 	.word	0x0800672d
 8006538:	f814 6b01 	ldrb.w	r6, [r4], #1
 800653c:	2e00      	cmp	r6, #0
 800653e:	f47f af06 	bne.w	800634e <__l_vfprintf+0x5a>
 8006542:	2600      	movs	r6, #0
 8006544:	4641      	mov	r1, r8
 8006546:	2025      	movs	r0, #37	@ 0x25
 8006548:	47c8      	blx	r9
 800654a:	2800      	cmp	r0, #0
 800654c:	db07      	blt.n	800655e <__l_vfprintf+0x26a>
 800654e:	4630      	mov	r0, r6
 8006550:	4641      	mov	r1, r8
 8006552:	47c8      	blx	r9
 8006554:	2800      	cmp	r0, #0
 8006556:	f105 0502 	add.w	r5, r5, #2
 800655a:	f6bf aee7 	bge.w	800632c <__l_vfprintf+0x38>
 800655e:	f898 3002 	ldrb.w	r3, [r8, #2]
 8006562:	f043 0304 	orr.w	r3, r3, #4
 8006566:	f888 3002 	strb.w	r3, [r8, #2]
 800656a:	f04f 35ff 	mov.w	r5, #4294967295
 800656e:	4628      	mov	r0, r5
 8006570:	b00b      	add	sp, #44	@ 0x2c
 8006572:	e8bd 8ff0 	ldmia.w	sp!, {r4, r5, r6, r7, r8, r9, sl, fp, pc}
 8006576:	f814 6b01 	ldrb.w	r6, [r4], #1
 800657a:	f047 0710 	orr.w	r7, r7, #16
 800657e:	2e00      	cmp	r6, #0
 8006580:	f47f af45 	bne.w	800640e <__l_vfprintf+0x11a>
 8006584:	e7dd      	b.n	8006542 <__l_vfprintf+0x24e>
 8006586:	f814 6b01 	ldrb.w	r6, [r4], #1
 800658a:	f047 0701 	orr.w	r7, r7, #1
 800658e:	2e00      	cmp	r6, #0
 8006590:	f47f af3d 	bne.w	800640e <__l_vfprintf+0x11a>
 8006594:	e7d5      	b.n	8006542 <__l_vfprintf+0x24e>
 8006596:	f814 6b01 	ldrb.w	r6, [r4], #1
 800659a:	f047 0708 	orr.w	r7, r7, #8
 800659e:	2e00      	cmp	r6, #0
 80065a0:	f47f af35 	bne.w	800640e <__l_vfprintf+0x11a>
 80065a4:	e7cd      	b.n	8006542 <__l_vfprintf+0x24e>
 80065a6:	9900      	ldr	r1, [sp, #0]
 80065a8:	0678      	lsls	r0, r7, #25
 80065aa:	f851 2b04 	ldr.w	r2, [r1], #4
 80065ae:	f140 80c3 	bpl.w	8006738 <__l_vfprintf+0x444>
 80065b2:	f814 6b01 	ldrb.w	r6, [r4], #1
 80065b6:	2e00      	cmp	r6, #0
 80065b8:	f000 825d 	beq.w	8006a76 <__l_vfprintf+0x782>
 80065bc:	f1a6 0330 	sub.w	r3, r6, #48	@ 0x30
 80065c0:	2b09      	cmp	r3, #9
 80065c2:	9100      	str	r1, [sp, #0]
 80065c4:	4693      	mov	fp, r2
 80065c6:	f63f aedd 	bhi.w	8006384 <__l_vfprintf+0x90>
 80065ca:	f814 6b01 	ldrb.w	r6, [r4], #1
 80065ce:	eb0b 0b8b 	add.w	fp, fp, fp, lsl #2
 80065d2:	eb03 0b4b 	add.w	fp, r3, fp, lsl #1
 80065d6:	2e00      	cmp	r6, #0
 80065d8:	d0b3      	beq.n	8006542 <__l_vfprintf+0x24e>
 80065da:	f1a6 0330 	sub.w	r3, r6, #48	@ 0x30
 80065de:	2b09      	cmp	r3, #9
 80065e0:	d9f3      	bls.n	80065ca <__l_vfprintf+0x2d6>
 80065e2:	e6cf      	b.n	8006384 <__l_vfprintf+0x90>
 80065e4:	f046 0320 	orr.w	r3, r6, #32
 80065e8:	f1bb 0f00 	cmp.w	fp, #0
 80065ec:	f1a3 0265 	sub.w	r2, r3, #101	@ 0x65
 80065f0:	da04      	bge.n	80065fc <__l_vfprintf+0x308>
 80065f2:	f027 0740 	bic.w	r7, r7, #64	@ 0x40
 80065f6:	b2bf      	uxth	r7, r7
 80065f8:	f04f 0b00 	mov.w	fp, #0
 80065fc:	2a02      	cmp	r2, #2
 80065fe:	d933      	bls.n	8006668 <__l_vfprintf+0x374>
 8006600:	2b61      	cmp	r3, #97	@ 0x61
 8006602:	d031      	beq.n	8006668 <__l_vfprintf+0x374>
 8006604:	f1a6 0263 	sub.w	r2, r6, #99	@ 0x63
 8006608:	2a12      	cmp	r2, #18
 800660a:	f200 81fc 	bhi.w	8006a06 <__l_vfprintf+0x712>
 800660e:	e8df f012 	tbh	[pc, r2, lsl #1]
 8006612:	012e      	.short	0x012e
 8006614:	01fa00a5 	.word	0x01fa00a5
 8006618:	01fa01fa 	.word	0x01fa01fa
 800661c:	00a501fa 	.word	0x00a501fa
 8006620:	01fa01fa 	.word	0x01fa01fa
 8006624:	01fa01fa 	.word	0x01fa01fa
 8006628:	01f001fa 	.word	0x01f001fa
 800662c:	01fa014e 	.word	0x01fa014e
 8006630:	013801fa 	.word	0x013801fa
 8006634:	00ef01fa 	.word	0x00ef01fa
 8006638:	05fe      	lsls	r6, r7, #23
 800663a:	bf48      	it	mi
 800663c:	f447 7700 	orrmi.w	r7, r7, #512	@ 0x200
 8006640:	f814 6b01 	ldrb.w	r6, [r4], #1
 8006644:	f447 7780 	orr.w	r7, r7, #256	@ 0x100
 8006648:	2e00      	cmp	r6, #0
 800664a:	f47f af0f 	bne.w	800646c <__l_vfprintf+0x178>
 800664e:	e778      	b.n	8006542 <__l_vfprintf+0x24e>
 8006650:	063b      	lsls	r3, r7, #24
 8006652:	bf48      	it	mi
 8006654:	f447 7700 	orrmi.w	r7, r7, #512	@ 0x200
 8006658:	f814 6b01 	ldrb.w	r6, [r4], #1
 800665c:	f047 0780 	orr.w	r7, r7, #128	@ 0x80
 8006660:	2e00      	cmp	r6, #0
 8006662:	f47f af03 	bne.w	800646c <__l_vfprintf+0x178>
 8006666:	e76c      	b.n	8006542 <__l_vfprintf+0x24e>
 8006668:	9b00      	ldr	r3, [sp, #0]
 800666a:	f103 0b07 	add.w	fp, r3, #7
 800666e:	f02b 0b07 	bic.w	fp, fp, #7
 8006672:	f10b 0308 	add.w	r3, fp, #8
 8006676:	9300      	str	r3, [sp, #0]
 8006678:	4bba      	ldr	r3, [pc, #744]	@ (8006964 <__l_vfprintf+0x670>)
 800667a:	f04f 0b07 	mov.w	fp, #7
 800667e:	0738      	lsls	r0, r7, #28
 8006680:	4651      	mov	r1, sl
 8006682:	d418      	bmi.n	80066b6 <__l_vfprintf+0x3c2>
 8006684:	45d3      	cmp	fp, sl
 8006686:	d216      	bcs.n	80066b6 <__l_vfprintf+0x3c2>
 8006688:	464e      	mov	r6, r9
 800668a:	461f      	mov	r7, r3
 800668c:	46d1      	mov	r9, sl
 800668e:	e002      	b.n	8006696 <__l_vfprintf+0x3a2>
 8006690:	4583      	cmp	fp, r0
 8006692:	d208      	bcs.n	80066a6 <__l_vfprintf+0x3b2>
 8006694:	4682      	mov	sl, r0
 8006696:	4641      	mov	r1, r8
 8006698:	2020      	movs	r0, #32
 800669a:	47b0      	blx	r6
 800669c:	2800      	cmp	r0, #0
 800669e:	f10a 30ff 	add.w	r0, sl, #4294967295
 80066a2:	daf5      	bge.n	8006690 <__l_vfprintf+0x39c>
 80066a4:	e75b      	b.n	800655e <__l_vfprintf+0x26a>
 80066a6:	4649      	mov	r1, r9
 80066a8:	3501      	adds	r5, #1
 80066aa:	440d      	add	r5, r1
 80066ac:	463b      	mov	r3, r7
 80066ae:	46b1      	mov	r9, r6
 80066b0:	eba5 050a 	sub.w	r5, r5, sl
 80066b4:	4601      	mov	r1, r0
 80066b6:	461e      	mov	r6, r3
 80066b8:	eb03 070b 	add.w	r7, r3, fp
 80066bc:	9401      	str	r4, [sp, #4]
 80066be:	464c      	mov	r4, r9
 80066c0:	4699      	mov	r9, r3
 80066c2:	462b      	mov	r3, r5
 80066c4:	468a      	mov	sl, r1
 80066c6:	4635      	mov	r5, r6
 80066c8:	461e      	mov	r6, r3
 80066ca:	e005      	b.n	80066d8 <__l_vfprintf+0x3e4>
 80066cc:	f815 0b01 	ldrb.w	r0, [r5], #1
 80066d0:	47a0      	blx	r4
 80066d2:	2800      	cmp	r0, #0
 80066d4:	f6ff af43 	blt.w	800655e <__l_vfprintf+0x26a>
 80066d8:	42bd      	cmp	r5, r7
 80066da:	4641      	mov	r1, r8
 80066dc:	d1f6      	bne.n	80066cc <__l_vfprintf+0x3d8>
 80066de:	464b      	mov	r3, r9
 80066e0:	4632      	mov	r2, r6
 80066e2:	46a1      	mov	r9, r4
 80066e4:	462e      	mov	r6, r5
 80066e6:	1ad3      	subs	r3, r2, r3
 80066e8:	9c01      	ldr	r4, [sp, #4]
 80066ea:	441e      	add	r6, r3
 80066ec:	ebaa 0a0b 	sub.w	sl, sl, fp
 80066f0:	4635      	mov	r5, r6
 80066f2:	44b2      	add	sl, r6
 80066f4:	464e      	mov	r6, r9
 80066f6:	e005      	b.n	8006704 <__l_vfprintf+0x410>
 80066f8:	47b0      	blx	r6
 80066fa:	2800      	cmp	r0, #0
 80066fc:	f105 0501 	add.w	r5, r5, #1
 8006700:	f6ff af2d 	blt.w	800655e <__l_vfprintf+0x26a>
 8006704:	ebaa 0305 	sub.w	r3, sl, r5
 8006708:	2b00      	cmp	r3, #0
 800670a:	4641      	mov	r1, r8
 800670c:	f04f 0020 	mov.w	r0, #32
 8006710:	dcf2      	bgt.n	80066f8 <__l_vfprintf+0x404>
 8006712:	46b1      	mov	r9, r6
 8006714:	e60a      	b.n	800632c <__l_vfprintf+0x38>
 8006716:	067a      	lsls	r2, r7, #25
 8006718:	f53f af29 	bmi.w	800656e <__l_vfprintf+0x27a>
 800671c:	f814 6b01 	ldrb.w	r6, [r4], #1
 8006720:	f047 0740 	orr.w	r7, r7, #64	@ 0x40
 8006724:	2e00      	cmp	r6, #0
 8006726:	f47f af58 	bne.w	80065da <__l_vfprintf+0x2e6>
 800672a:	e70a      	b.n	8006542 <__l_vfprintf+0x24e>
 800672c:	f814 6b01 	ldrb.w	r6, [r4], #1
 8006730:	2e00      	cmp	r6, #0
 8006732:	f47f ae0e 	bne.w	8006352 <__l_vfprintf+0x5e>
 8006736:	e704      	b.n	8006542 <__l_vfprintf+0x24e>
 8006738:	2a00      	cmp	r2, #0
 800673a:	f2c0 8122 	blt.w	8006982 <__l_vfprintf+0x68e>
 800673e:	f814 6b01 	ldrb.w	r6, [r4], #1
 8006742:	f047 0720 	orr.w	r7, r7, #32
 8006746:	2e00      	cmp	r6, #0
 8006748:	f000 8195 	beq.w	8006a76 <__l_vfprintf+0x782>
 800674c:	f1a6 0330 	sub.w	r3, r6, #48	@ 0x30
 8006750:	2b09      	cmp	r3, #9
 8006752:	9100      	str	r1, [sp, #0]
 8006754:	4692      	mov	sl, r2
 8006756:	f67f ae06 	bls.w	8006366 <__l_vfprintf+0x72>
 800675a:	e613      	b.n	8006384 <__l_vfprintf+0x90>
 800675c:	063a      	lsls	r2, r7, #24
 800675e:	9b00      	ldr	r3, [sp, #0]
 8006760:	f100 813b 	bmi.w	80069da <__l_vfprintf+0x6e6>
 8006764:	461a      	mov	r2, r3
 8006766:	05f9      	lsls	r1, r7, #23
 8006768:	f852 3b04 	ldr.w	r3, [r2], #4
 800676c:	9201      	str	r2, [sp, #4]
 800676e:	f100 81fd 	bmi.w	8006b6c <__l_vfprintf+0x878>
 8006772:	4618      	mov	r0, r3
 8006774:	17db      	asrs	r3, r3, #31
 8006776:	f027 0110 	bic.w	r1, r7, #16
 800677a:	b28a      	uxth	r2, r1
 800677c:	2b00      	cmp	r3, #0
 800677e:	9200      	str	r2, [sp, #0]
 8006780:	f2c0 8186 	blt.w	8006a90 <__l_vfprintf+0x79c>
 8006784:	ea50 0103 	orrs.w	r1, r0, r3
 8006788:	f040 825e 	bne.w	8006c48 <__l_vfprintf+0x954>
 800678c:	067b      	lsls	r3, r7, #25
 800678e:	f140 81d5 	bpl.w	8006b3c <__l_vfprintf+0x848>
 8006792:	f1bb 0f00 	cmp.w	fp, #0
 8006796:	f040 8216 	bne.w	8006bc6 <__l_vfprintf+0x8d2>
 800679a:	f027 0711 	bic.w	r7, r7, #17
 800679e:	b2bb      	uxth	r3, r7
 80067a0:	9300      	str	r3, [sp, #0]
 80067a2:	4659      	mov	r1, fp
 80067a4:	465b      	mov	r3, fp
 80067a6:	f8dd c000 	ldr.w	ip, [sp]
 80067aa:	f240 4706 	movw	r7, #1030	@ 0x406
 80067ae:	f00c 0008 	and.w	r0, ip, #8
 80067b2:	ea1c 0f07 	tst.w	ip, r7
 80067b6:	4602      	mov	r2, r0
 80067b8:	f000 826d 	beq.w	8006c96 <__l_vfprintf+0x9a2>
 80067bc:	3101      	adds	r1, #1
 80067be:	2800      	cmp	r0, #0
 80067c0:	f000 81c7 	beq.w	8006b52 <__l_vfprintf+0x85e>
 80067c4:	ebaa 0a01 	sub.w	sl, sl, r1
 80067c8:	9302      	str	r3, [sp, #8]
 80067ca:	9b00      	ldr	r3, [sp, #0]
 80067cc:	f013 0f02 	tst.w	r3, #2
 80067d0:	bf14      	ite	ne
 80067d2:	202b      	movne	r0, #43	@ 0x2b
 80067d4:	2020      	moveq	r0, #32
 80067d6:	f413 6f80 	tst.w	r3, #1024	@ 0x400
 80067da:	bf18      	it	ne
 80067dc:	202d      	movne	r0, #45	@ 0x2d
 80067de:	4641      	mov	r1, r8
 80067e0:	47c8      	blx	r9
 80067e2:	2800      	cmp	r0, #0
 80067e4:	9b02      	ldr	r3, [sp, #8]
 80067e6:	f105 0601 	add.w	r6, r5, #1
 80067ea:	f280 80b1 	bge.w	8006950 <__l_vfprintf+0x65c>
 80067ee:	e6b6      	b.n	800655e <__l_vfprintf+0x26a>
 80067f0:	f027 0710 	bic.w	r7, r7, #16
 80067f4:	b2bf      	uxth	r7, r7
 80067f6:	230a      	movs	r3, #10
 80067f8:	f017 0280 	ands.w	r2, r7, #128	@ 0x80
 80067fc:	d05c      	beq.n	80068b8 <__l_vfprintf+0x5c4>
 80067fe:	f417 7100 	ands.w	r1, r7, #512	@ 0x200
 8006802:	9a00      	ldr	r2, [sp, #0]
 8006804:	f000 80cc 	beq.w	80069a0 <__l_vfprintf+0x6ac>
 8006808:	3207      	adds	r2, #7
 800680a:	f022 0207 	bic.w	r2, r2, #7
 800680e:	6851      	ldr	r1, [r2, #4]
 8006810:	f852 0b08 	ldr.w	r0, [r2], #8
 8006814:	9201      	str	r2, [sp, #4]
 8006816:	f007 0c40 	and.w	ip, r7, #64	@ 0x40
 800681a:	ea50 0201 	orrs.w	r2, r0, r1
 800681e:	f8cd c000 	str.w	ip, [sp]
 8006822:	d16c      	bne.n	80068fe <__l_vfprintf+0x60a>
 8006824:	4662      	mov	r2, ip
 8006826:	2a00      	cmp	r2, #0
 8006828:	d054      	beq.n	80068d4 <__l_vfprintf+0x5e0>
 800682a:	f1bb 0f00 	cmp.w	fp, #0
 800682e:	f040 80bb 	bne.w	80069a8 <__l_vfprintf+0x6b4>
 8006832:	073b      	lsls	r3, r7, #28
 8006834:	f140 81d1 	bpl.w	8006bda <__l_vfprintf+0x8e6>
 8006838:	465b      	mov	r3, fp
 800683a:	aa04      	add	r2, sp, #16
 800683c:	18d6      	adds	r6, r2, r3
 800683e:	4623      	mov	r3, r4
 8006840:	4637      	mov	r7, r6
 8006842:	464c      	mov	r4, r9
 8006844:	4693      	mov	fp, r2
 8006846:	4699      	mov	r9, r3
 8006848:	e005      	b.n	8006856 <__l_vfprintf+0x562>
 800684a:	f817 0d01 	ldrb.w	r0, [r7, #-1]!
 800684e:	47a0      	blx	r4
 8006850:	2800      	cmp	r0, #0
 8006852:	f6ff ae84 	blt.w	800655e <__l_vfprintf+0x26a>
 8006856:	45bb      	cmp	fp, r7
 8006858:	4641      	mov	r1, r8
 800685a:	d1f6      	bne.n	800684a <__l_vfprintf+0x556>
 800685c:	464b      	mov	r3, r9
 800685e:	465a      	mov	r2, fp
 8006860:	46a1      	mov	r9, r4
 8006862:	442e      	add	r6, r5
 8006864:	461c      	mov	r4, r3
 8006866:	9b01      	ldr	r3, [sp, #4]
 8006868:	9300      	str	r3, [sp, #0]
 800686a:	1ab6      	subs	r6, r6, r2
 800686c:	e740      	b.n	80066f0 <__l_vfprintf+0x3fc>
 800686e:	9a00      	ldr	r2, [sp, #0]
 8006870:	f852 3b04 	ldr.w	r3, [r2], #4
 8006874:	f88d 3010 	strb.w	r3, [sp, #16]
 8006878:	f04f 0b01 	mov.w	fp, #1
 800687c:	9200      	str	r2, [sp, #0]
 800687e:	ab04      	add	r3, sp, #16
 8006880:	e6fd      	b.n	800667e <__l_vfprintf+0x38a>
 8006882:	9e00      	ldr	r6, [sp, #0]
 8006884:	4a38      	ldr	r2, [pc, #224]	@ (8006968 <__l_vfprintf+0x674>)
 8006886:	f856 3b04 	ldr.w	r3, [r6], #4
 800688a:	2b00      	cmp	r3, #0
 800688c:	bf08      	it	eq
 800688e:	4613      	moveq	r3, r2
 8006890:	f017 0f40 	tst.w	r7, #64	@ 0x40
 8006894:	bf18      	it	ne
 8006896:	4659      	movne	r1, fp
 8006898:	4618      	mov	r0, r3
 800689a:	bf08      	it	eq
 800689c:	f04f 31ff 	moveq.w	r1, #4294967295
 80068a0:	9301      	str	r3, [sp, #4]
 80068a2:	f7ff fc63 	bl	800616c <strnlen>
 80068a6:	9b01      	ldr	r3, [sp, #4]
 80068a8:	9600      	str	r6, [sp, #0]
 80068aa:	4683      	mov	fp, r0
 80068ac:	e6e7      	b.n	800667e <__l_vfprintf+0x38a>
 80068ae:	f047 0710 	orr.w	r7, r7, #16
 80068b2:	2310      	movs	r3, #16
 80068b4:	2678      	movs	r6, #120	@ 0x78
 80068b6:	e79f      	b.n	80067f8 <__l_vfprintf+0x504>
 80068b8:	9900      	ldr	r1, [sp, #0]
 80068ba:	f851 0b04 	ldr.w	r0, [r1], #4
 80068be:	9101      	str	r1, [sp, #4]
 80068c0:	f417 7180 	ands.w	r1, r7, #256	@ 0x100
 80068c4:	d0a7      	beq.n	8006816 <__l_vfprintf+0x522>
 80068c6:	f417 7100 	ands.w	r1, r7, #512	@ 0x200
 80068ca:	bf1a      	itte	ne
 80068cc:	b2c0      	uxtbne	r0, r0
 80068ce:	4611      	movne	r1, r2
 80068d0:	b280      	uxtheq	r0, r0
 80068d2:	e7a0      	b.n	8006816 <__l_vfprintf+0x522>
 80068d4:	f027 0716 	bic.w	r7, r7, #22
 80068d8:	b2ba      	uxth	r2, r7
 80068da:	9200      	str	r2, [sp, #0]
 80068dc:	2000      	movs	r0, #0
 80068de:	aa04      	add	r2, sp, #16
 80068e0:	2100      	movs	r1, #0
 80068e2:	9202      	str	r2, [sp, #8]
 80068e4:	f7ff fc88 	bl	80061f8 <__ultoa_invert>
 80068e8:	9a02      	ldr	r2, [sp, #8]
 80068ea:	1a83      	subs	r3, r0, r2
 80068ec:	9900      	ldr	r1, [sp, #0]
 80068ee:	f011 0108 	ands.w	r1, r1, #8
 80068f2:	f000 8090 	beq.w	8006a16 <__l_vfprintf+0x722>
 80068f6:	ebaa 0a03 	sub.w	sl, sl, r3
 80068fa:	462e      	mov	r6, r5
 80068fc:	e028      	b.n	8006950 <__l_vfprintf+0x65c>
 80068fe:	aa04      	add	r2, sp, #16
 8006900:	9202      	str	r2, [sp, #8]
 8006902:	f7ff fc79 	bl	80061f8 <__ultoa_invert>
 8006906:	9a02      	ldr	r2, [sp, #8]
 8006908:	9900      	ldr	r1, [sp, #0]
 800690a:	1a83      	subs	r3, r0, r2
 800690c:	2900      	cmp	r1, #0
 800690e:	d073      	beq.n	80069f8 <__l_vfprintf+0x704>
 8006910:	f027 0107 	bic.w	r1, r7, #7
 8006914:	b289      	uxth	r1, r1
 8006916:	455b      	cmp	r3, fp
 8006918:	9100      	str	r1, [sp, #0]
 800691a:	f2c0 80d6 	blt.w	8006aca <__l_vfprintf+0x7d6>
 800691e:	06f9      	lsls	r1, r7, #27
 8006920:	f140 813f 	bpl.w	8006ba2 <__l_vfprintf+0x8ae>
 8006924:	9a00      	ldr	r2, [sp, #0]
 8006926:	f002 0208 	and.w	r2, r2, #8
 800692a:	2e00      	cmp	r6, #0
 800692c:	f040 80a9 	bne.w	8006a82 <__l_vfprintf+0x78e>
 8006930:	1c59      	adds	r1, r3, #1
 8006932:	2a00      	cmp	r2, #0
 8006934:	f000 8123 	beq.w	8006b7e <__l_vfprintf+0x88a>
 8006938:	ebaa 0a01 	sub.w	sl, sl, r1
 800693c:	2030      	movs	r0, #48	@ 0x30
 800693e:	4641      	mov	r1, r8
 8006940:	9300      	str	r3, [sp, #0]
 8006942:	47c8      	blx	r9
 8006944:	2800      	cmp	r0, #0
 8006946:	9b00      	ldr	r3, [sp, #0]
 8006948:	f105 0601 	add.w	r6, r5, #1
 800694c:	f6ff ae07 	blt.w	800655e <__l_vfprintf+0x26a>
 8006950:	459b      	cmp	fp, r3
 8006952:	f340 817e 	ble.w	8006c52 <__l_vfprintf+0x95e>
 8006956:	eb0b 0506 	add.w	r5, fp, r6
 800695a:	464f      	mov	r7, r9
 800695c:	1aed      	subs	r5, r5, r3
 800695e:	4699      	mov	r9, r3
 8006960:	e007      	b.n	8006972 <__l_vfprintf+0x67e>
 8006962:	bf00      	nop
 8006964:	0800a4f4 	.word	0x0800a4f4
 8006968:	0800a4ec 	.word	0x0800a4ec
 800696c:	42ae      	cmp	r6, r5
 800696e:	f000 8084 	beq.w	8006a7a <__l_vfprintf+0x786>
 8006972:	4641      	mov	r1, r8
 8006974:	2030      	movs	r0, #48	@ 0x30
 8006976:	47b8      	blx	r7
 8006978:	2800      	cmp	r0, #0
 800697a:	f106 0601 	add.w	r6, r6, #1
 800697e:	daf5      	bge.n	800696c <__l_vfprintf+0x678>
 8006980:	e5ed      	b.n	800655e <__l_vfprintf+0x26a>
 8006982:	f814 6b01 	ldrb.w	r6, [r4], #1
 8006986:	f1c2 0a00 	rsb	sl, r2, #0
 800698a:	f047 0728 	orr.w	r7, r7, #40	@ 0x28
 800698e:	2e00      	cmp	r6, #0
 8006990:	d071      	beq.n	8006a76 <__l_vfprintf+0x782>
 8006992:	f1a6 0330 	sub.w	r3, r6, #48	@ 0x30
 8006996:	2b09      	cmp	r3, #9
 8006998:	9100      	str	r1, [sp, #0]
 800699a:	f67f ace4 	bls.w	8006366 <__l_vfprintf+0x72>
 800699e:	e4f1      	b.n	8006384 <__l_vfprintf+0x90>
 80069a0:	f852 0b04 	ldr.w	r0, [r2], #4
 80069a4:	9201      	str	r2, [sp, #4]
 80069a6:	e736      	b.n	8006816 <__l_vfprintf+0x522>
 80069a8:	aa04      	add	r2, sp, #16
 80069aa:	2100      	movs	r1, #0
 80069ac:	2000      	movs	r0, #0
 80069ae:	9200      	str	r2, [sp, #0]
 80069b0:	f7ff fc22 	bl	80061f8 <__ultoa_invert>
 80069b4:	9a00      	ldr	r2, [sp, #0]
 80069b6:	f027 0117 	bic.w	r1, r7, #23
 80069ba:	1a83      	subs	r3, r0, r2
 80069bc:	b289      	uxth	r1, r1
 80069be:	459b      	cmp	fp, r3
 80069c0:	9100      	str	r1, [sp, #0]
 80069c2:	f340 80ee 	ble.w	8006ba2 <__l_vfprintf+0x8ae>
 80069c6:	2e00      	cmp	r6, #0
 80069c8:	f040 8127 	bne.w	8006c1a <__l_vfprintf+0x926>
 80069cc:	0739      	lsls	r1, r7, #28
 80069ce:	f140 8086 	bpl.w	8006ade <__l_vfprintf+0x7ea>
 80069d2:	ebaa 0a0b 	sub.w	sl, sl, fp
 80069d6:	462e      	mov	r6, r5
 80069d8:	e7bd      	b.n	8006956 <__l_vfprintf+0x662>
 80069da:	05b8      	lsls	r0, r7, #22
 80069dc:	f140 80da 	bpl.w	8006b94 <__l_vfprintf+0x8a0>
 80069e0:	3307      	adds	r3, #7
 80069e2:	f023 0307 	bic.w	r3, r3, #7
 80069e6:	461a      	mov	r2, r3
 80069e8:	685b      	ldr	r3, [r3, #4]
 80069ea:	f852 0b08 	ldr.w	r0, [r2], #8
 80069ee:	9201      	str	r2, [sp, #4]
 80069f0:	e6c1      	b.n	8006776 <__l_vfprintf+0x482>
 80069f2:	2308      	movs	r3, #8
 80069f4:	2600      	movs	r6, #0
 80069f6:	e6ff      	b.n	80067f8 <__l_vfprintf+0x504>
 80069f8:	f027 0106 	bic.w	r1, r7, #6
 80069fc:	b289      	uxth	r1, r1
 80069fe:	9100      	str	r1, [sp, #0]
 8006a00:	06f9      	lsls	r1, r7, #27
 8006a02:	d48f      	bmi.n	8006924 <__l_vfprintf+0x630>
 8006a04:	e772      	b.n	80068ec <__l_vfprintf+0x5f8>
 8006a06:	2b78      	cmp	r3, #120	@ 0x78
 8006a08:	f47f ad9c 	bne.w	8006544 <__l_vfprintf+0x250>
 8006a0c:	f1c6 0378 	rsb	r3, r6, #120	@ 0x78
 8006a10:	f043 0310 	orr.w	r3, r3, #16
 8006a14:	e6f0      	b.n	80067f8 <__l_vfprintf+0x504>
 8006a16:	9800      	ldr	r0, [sp, #0]
 8006a18:	07c0      	lsls	r0, r0, #31
 8006a1a:	f140 8121 	bpl.w	8006c60 <__l_vfprintf+0x96c>
 8006a1e:	459a      	cmp	sl, r3
 8006a20:	ebaa 0003 	sub.w	r0, sl, r3
 8006a24:	dd25      	ble.n	8006a72 <__l_vfprintf+0x77e>
 8006a26:	eb03 0b00 	add.w	fp, r3, r0
 8006a2a:	2900      	cmp	r1, #0
 8006a2c:	f000 8120 	beq.w	8006c70 <__l_vfprintf+0x97c>
 8006a30:	f04f 0a00 	mov.w	sl, #0
 8006a34:	4641      	mov	r1, r8
 8006a36:	2030      	movs	r0, #48	@ 0x30
 8006a38:	9300      	str	r3, [sp, #0]
 8006a3a:	47c8      	blx	r9
 8006a3c:	2800      	cmp	r0, #0
 8006a3e:	f6ff ad8e 	blt.w	800655e <__l_vfprintf+0x26a>
 8006a42:	9b00      	ldr	r3, [sp, #0]
 8006a44:	2e00      	cmp	r6, #0
 8006a46:	f000 80aa 	beq.w	8006b9e <__l_vfprintf+0x8aa>
 8006a4a:	4630      	mov	r0, r6
 8006a4c:	4641      	mov	r1, r8
 8006a4e:	9300      	str	r3, [sp, #0]
 8006a50:	47c8      	blx	r9
 8006a52:	2800      	cmp	r0, #0
 8006a54:	9b00      	ldr	r3, [sp, #0]
 8006a56:	f105 0602 	add.w	r6, r5, #2
 8006a5a:	f6bf af79 	bge.w	8006950 <__l_vfprintf+0x65c>
 8006a5e:	e57e      	b.n	800655e <__l_vfprintf+0x26a>
 8006a60:	9800      	ldr	r0, [sp, #0]
 8006a62:	07c7      	lsls	r7, r0, #31
 8006a64:	f140 810e 	bpl.w	8006c84 <__l_vfprintf+0x990>
 8006a68:	45d3      	cmp	fp, sl
 8006a6a:	ebaa 000b 	sub.w	r0, sl, fp
 8006a6e:	dbda      	blt.n	8006a26 <__l_vfprintf+0x732>
 8006a70:	aa04      	add	r2, sp, #16
 8006a72:	4682      	mov	sl, r0
 8006a74:	e6e2      	b.n	800683c <__l_vfprintf+0x548>
 8006a76:	9100      	str	r1, [sp, #0]
 8006a78:	e563      	b.n	8006542 <__l_vfprintf+0x24e>
 8006a7a:	464b      	mov	r3, r9
 8006a7c:	aa04      	add	r2, sp, #16
 8006a7e:	46b9      	mov	r9, r7
 8006a80:	e6dc      	b.n	800683c <__l_vfprintf+0x548>
 8006a82:	1c99      	adds	r1, r3, #2
 8006a84:	2a00      	cmp	r2, #0
 8006a86:	f000 8091 	beq.w	8006bac <__l_vfprintf+0x8b8>
 8006a8a:	ebaa 0a01 	sub.w	sl, sl, r1
 8006a8e:	e7d1      	b.n	8006a34 <__l_vfprintf+0x740>
 8006a90:	4240      	negs	r0, r0
 8006a92:	eb63 0143 	sbc.w	r1, r3, r3, lsl #1
 8006a96:	f442 6380 	orr.w	r3, r2, #1024	@ 0x400
 8006a9a:	9300      	str	r3, [sp, #0]
 8006a9c:	aa04      	add	r2, sp, #16
 8006a9e:	230a      	movs	r3, #10
 8006aa0:	9202      	str	r2, [sp, #8]
 8006aa2:	f7ff fba9 	bl	80061f8 <__ultoa_invert>
 8006aa6:	9a02      	ldr	r2, [sp, #8]
 8006aa8:	1a83      	subs	r3, r0, r2
 8006aaa:	9a00      	ldr	r2, [sp, #0]
 8006aac:	0650      	lsls	r0, r2, #25
 8006aae:	f140 80c4 	bpl.w	8006c3a <__l_vfprintf+0x946>
 8006ab2:	9a00      	ldr	r2, [sp, #0]
 8006ab4:	f022 0201 	bic.w	r2, r2, #1
 8006ab8:	b292      	uxth	r2, r2
 8006aba:	459b      	cmp	fp, r3
 8006abc:	4659      	mov	r1, fp
 8006abe:	9200      	str	r2, [sp, #0]
 8006ac0:	bfb8      	it	lt
 8006ac2:	4619      	movlt	r1, r3
 8006ac4:	e66f      	b.n	80067a6 <__l_vfprintf+0x4b2>
 8006ac6:	4605      	mov	r5, r0
 8006ac8:	e551      	b.n	800656e <__l_vfprintf+0x27a>
 8006aca:	2e00      	cmp	r6, #0
 8006acc:	f040 8090 	bne.w	8006bf0 <__l_vfprintf+0x8fc>
 8006ad0:	0738      	lsls	r0, r7, #28
 8006ad2:	f53f af7e 	bmi.w	80069d2 <__l_vfprintf+0x6de>
 8006ad6:	f027 0717 	bic.w	r7, r7, #23
 8006ada:	b2ba      	uxth	r2, r7
 8006adc:	9200      	str	r2, [sp, #0]
 8006ade:	4659      	mov	r1, fp
 8006ae0:	2600      	movs	r6, #0
 8006ae2:	458a      	cmp	sl, r1
 8006ae4:	f340 80d3 	ble.w	8006c8e <__l_vfprintf+0x99a>
 8006ae8:	e9cd 3402 	strd	r3, r4, [sp, #8]
 8006aec:	462b      	mov	r3, r5
 8006aee:	464c      	mov	r4, r9
 8006af0:	460d      	mov	r5, r1
 8006af2:	4689      	mov	r9, r1
 8006af4:	461f      	mov	r7, r3
 8006af6:	e002      	b.n	8006afe <__l_vfprintf+0x80a>
 8006af8:	4552      	cmp	r2, sl
 8006afa:	da08      	bge.n	8006b0e <__l_vfprintf+0x81a>
 8006afc:	4615      	mov	r5, r2
 8006afe:	4641      	mov	r1, r8
 8006b00:	2020      	movs	r0, #32
 8006b02:	47a0      	blx	r4
 8006b04:	2800      	cmp	r0, #0
 8006b06:	f105 0201 	add.w	r2, r5, #1
 8006b0a:	daf5      	bge.n	8006af8 <__l_vfprintf+0x804>
 8006b0c:	e527      	b.n	800655e <__l_vfprintf+0x26a>
 8006b0e:	4638      	mov	r0, r7
 8006b10:	462f      	mov	r7, r5
 8006b12:	4605      	mov	r5, r0
 8006b14:	4649      	mov	r1, r9
 8006b16:	ebaa 0a02 	sub.w	sl, sl, r2
 8006b1a:	3501      	adds	r5, #1
 8006b1c:	9a00      	ldr	r2, [sp, #0]
 8006b1e:	1a6d      	subs	r5, r5, r1
 8006b20:	443d      	add	r5, r7
 8006b22:	06d7      	lsls	r7, r2, #27
 8006b24:	46a1      	mov	r9, r4
 8006b26:	e9dd 3402 	ldrd	r3, r4, [sp, #8]
 8006b2a:	d483      	bmi.n	8006a34 <__l_vfprintf+0x740>
 8006b2c:	4611      	mov	r1, r2
 8006b2e:	f240 4206 	movw	r2, #1030	@ 0x406
 8006b32:	4211      	tst	r1, r2
 8006b34:	f47f ae48 	bne.w	80067c8 <__l_vfprintf+0x4d4>
 8006b38:	462e      	mov	r6, r5
 8006b3a:	e709      	b.n	8006950 <__l_vfprintf+0x65c>
 8006b3c:	aa04      	add	r2, sp, #16
 8006b3e:	230a      	movs	r3, #10
 8006b40:	2100      	movs	r1, #0
 8006b42:	2000      	movs	r0, #0
 8006b44:	9202      	str	r2, [sp, #8]
 8006b46:	f7ff fb57 	bl	80061f8 <__ultoa_invert>
 8006b4a:	9a02      	ldr	r2, [sp, #8]
 8006b4c:	1a81      	subs	r1, r0, r2
 8006b4e:	460b      	mov	r3, r1
 8006b50:	e629      	b.n	80067a6 <__l_vfprintf+0x4b2>
 8006b52:	ea5f 77cc 	movs.w	r7, ip, lsl #31
 8006b56:	4660      	mov	r0, ip
 8006b58:	d532      	bpl.n	8006bc0 <__l_vfprintf+0x8cc>
 8006b5a:	458a      	cmp	sl, r1
 8006b5c:	ebaa 0001 	sub.w	r0, sl, r1
 8006b60:	dd6d      	ble.n	8006c3e <__l_vfprintf+0x94a>
 8006b62:	eb03 0b00 	add.w	fp, r3, r0
 8006b66:	4610      	mov	r0, r2
 8006b68:	4682      	mov	sl, r0
 8006b6a:	e62d      	b.n	80067c8 <__l_vfprintf+0x4d4>
 8006b6c:	05ba      	lsls	r2, r7, #22
 8006b6e:	bf4b      	itete	mi
 8006b70:	b258      	sxtbmi	r0, r3
 8006b72:	b218      	sxthpl	r0, r3
 8006b74:	f343 13c0 	sbfxmi	r3, r3, #7, #1
 8006b78:	f343 33c0 	sbfxpl	r3, r3, #15, #1
 8006b7c:	e5fb      	b.n	8006776 <__l_vfprintf+0x482>
 8006b7e:	9a00      	ldr	r2, [sp, #0]
 8006b80:	07d0      	lsls	r0, r2, #31
 8006b82:	d556      	bpl.n	8006c32 <__l_vfprintf+0x93e>
 8006b84:	4551      	cmp	r1, sl
 8006b86:	ebaa 0201 	sub.w	r2, sl, r1
 8006b8a:	da5f      	bge.n	8006c4c <__l_vfprintf+0x958>
 8006b8c:	eb03 0b02 	add.w	fp, r3, r2
 8006b90:	46b2      	mov	sl, r6
 8006b92:	e74f      	b.n	8006a34 <__l_vfprintf+0x740>
 8006b94:	f853 0b04 	ldr.w	r0, [r3], #4
 8006b98:	9301      	str	r3, [sp, #4]
 8006b9a:	17c3      	asrs	r3, r0, #31
 8006b9c:	e5eb      	b.n	8006776 <__l_vfprintf+0x482>
 8006b9e:	1c6e      	adds	r6, r5, #1
 8006ba0:	e6d6      	b.n	8006950 <__l_vfprintf+0x65c>
 8006ba2:	0739      	lsls	r1, r7, #28
 8006ba4:	d56c      	bpl.n	8006c80 <__l_vfprintf+0x98c>
 8006ba6:	ebaa 0a03 	sub.w	sl, sl, r3
 8006baa:	e647      	b.n	800683c <__l_vfprintf+0x548>
 8006bac:	9a00      	ldr	r2, [sp, #0]
 8006bae:	07d2      	lsls	r2, r2, #31
 8006bb0:	d552      	bpl.n	8006c58 <__l_vfprintf+0x964>
 8006bb2:	4551      	cmp	r1, sl
 8006bb4:	ebaa 0001 	sub.w	r0, sl, r1
 8006bb8:	db44      	blt.n	8006c44 <__l_vfprintf+0x950>
 8006bba:	4682      	mov	sl, r0
 8006bbc:	469b      	mov	fp, r3
 8006bbe:	e739      	b.n	8006a34 <__l_vfprintf+0x740>
 8006bc0:	458a      	cmp	sl, r1
 8006bc2:	dc91      	bgt.n	8006ae8 <__l_vfprintf+0x7f4>
 8006bc4:	e5fe      	b.n	80067c4 <__l_vfprintf+0x4d0>
 8006bc6:	aa04      	add	r2, sp, #16
 8006bc8:	230a      	movs	r3, #10
 8006bca:	2000      	movs	r0, #0
 8006bcc:	2100      	movs	r1, #0
 8006bce:	9202      	str	r2, [sp, #8]
 8006bd0:	f7ff fb12 	bl	80061f8 <__ultoa_invert>
 8006bd4:	9a02      	ldr	r2, [sp, #8]
 8006bd6:	1a83      	subs	r3, r0, r2
 8006bd8:	e76b      	b.n	8006ab2 <__l_vfprintf+0x7be>
 8006bda:	f1ba 0f00 	cmp.w	sl, #0
 8006bde:	f77f ae2b 	ble.w	8006838 <__l_vfprintf+0x544>
 8006be2:	f027 0717 	bic.w	r7, r7, #23
 8006be6:	b2bb      	uxth	r3, r7
 8006be8:	9300      	str	r3, [sp, #0]
 8006bea:	4659      	mov	r1, fp
 8006bec:	465b      	mov	r3, fp
 8006bee:	e77b      	b.n	8006ae8 <__l_vfprintf+0x7f4>
 8006bf0:	06fa      	lsls	r2, r7, #27
 8006bf2:	d540      	bpl.n	8006c76 <__l_vfprintf+0x982>
 8006bf4:	0738      	lsls	r0, r7, #28
 8006bf6:	f10b 0102 	add.w	r1, fp, #2
 8006bfa:	f53f af46 	bmi.w	8006a8a <__l_vfprintf+0x796>
 8006bfe:	458a      	cmp	sl, r1
 8006c00:	f73f af72 	bgt.w	8006ae8 <__l_vfprintf+0x7f4>
 8006c04:	ebaa 0a01 	sub.w	sl, sl, r1
 8006c08:	2030      	movs	r0, #48	@ 0x30
 8006c0a:	4641      	mov	r1, r8
 8006c0c:	9300      	str	r3, [sp, #0]
 8006c0e:	47c8      	blx	r9
 8006c10:	2800      	cmp	r0, #0
 8006c12:	9b00      	ldr	r3, [sp, #0]
 8006c14:	f6bf af19 	bge.w	8006a4a <__l_vfprintf+0x756>
 8006c18:	e4a1      	b.n	800655e <__l_vfprintf+0x26a>
 8006c1a:	465a      	mov	r2, fp
 8006c1c:	f001 0008 	and.w	r0, r1, #8
 8006c20:	b281      	uxth	r1, r0
 8006c22:	2800      	cmp	r0, #0
 8006c24:	f43f af1c 	beq.w	8006a60 <__l_vfprintf+0x76c>
 8006c28:	ebaa 0a0b 	sub.w	sl, sl, fp
 8006c2c:	462e      	mov	r6, r5
 8006c2e:	4693      	mov	fp, r2
 8006c30:	e68e      	b.n	8006950 <__l_vfprintf+0x65c>
 8006c32:	4551      	cmp	r1, sl
 8006c34:	f6ff af58 	blt.w	8006ae8 <__l_vfprintf+0x7f4>
 8006c38:	e67e      	b.n	8006938 <__l_vfprintf+0x644>
 8006c3a:	4619      	mov	r1, r3
 8006c3c:	e5b3      	b.n	80067a6 <__l_vfprintf+0x4b2>
 8006c3e:	469b      	mov	fp, r3
 8006c40:	4682      	mov	sl, r0
 8006c42:	e5c1      	b.n	80067c8 <__l_vfprintf+0x4d4>
 8006c44:	2110      	movs	r1, #16
 8006c46:	e6ee      	b.n	8006a26 <__l_vfprintf+0x732>
 8006c48:	4619      	mov	r1, r3
 8006c4a:	e727      	b.n	8006a9c <__l_vfprintf+0x7a8>
 8006c4c:	4692      	mov	sl, r2
 8006c4e:	469b      	mov	fp, r3
 8006c50:	e6f0      	b.n	8006a34 <__l_vfprintf+0x740>
 8006c52:	4635      	mov	r5, r6
 8006c54:	aa04      	add	r2, sp, #16
 8006c56:	e5f1      	b.n	800683c <__l_vfprintf+0x548>
 8006c58:	4551      	cmp	r1, sl
 8006c5a:	f6ff af45 	blt.w	8006ae8 <__l_vfprintf+0x7f4>
 8006c5e:	e714      	b.n	8006a8a <__l_vfprintf+0x796>
 8006c60:	459a      	cmp	sl, r3
 8006c62:	bfd8      	it	le
 8006c64:	ebaa 0a03 	suble.w	sl, sl, r3
 8006c68:	f77f af66 	ble.w	8006b38 <__l_vfprintf+0x844>
 8006c6c:	4619      	mov	r1, r3
 8006c6e:	e73b      	b.n	8006ae8 <__l_vfprintf+0x7f4>
 8006c70:	462e      	mov	r6, r5
 8006c72:	468a      	mov	sl, r1
 8006c74:	e66c      	b.n	8006950 <__l_vfprintf+0x65c>
 8006c76:	9900      	ldr	r1, [sp, #0]
 8006c78:	465a      	mov	r2, fp
 8006c7a:	f001 0008 	and.w	r0, r1, #8
 8006c7e:	e7cf      	b.n	8006c20 <__l_vfprintf+0x92c>
 8006c80:	4619      	mov	r1, r3
 8006c82:	e72e      	b.n	8006ae2 <__l_vfprintf+0x7ee>
 8006c84:	45d3      	cmp	fp, sl
 8006c86:	da09      	bge.n	8006c9c <__l_vfprintf+0x9a8>
 8006c88:	4659      	mov	r1, fp
 8006c8a:	4693      	mov	fp, r2
 8006c8c:	e72c      	b.n	8006ae8 <__l_vfprintf+0x7f4>
 8006c8e:	ebaa 0a01 	sub.w	sl, sl, r1
 8006c92:	462e      	mov	r6, r5
 8006c94:	e65c      	b.n	8006950 <__l_vfprintf+0x65c>
 8006c96:	465a      	mov	r2, fp
 8006c98:	468b      	mov	fp, r1
 8006c9a:	e7c1      	b.n	8006c20 <__l_vfprintf+0x92c>
 8006c9c:	ebaa 0a0b 	sub.w	sl, sl, fp
 8006ca0:	462e      	mov	r6, r5
 8006ca2:	4693      	mov	fp, r2
 8006ca4:	e654      	b.n	8006950 <__l_vfprintf+0x65c>
 8006ca6:	bf00      	nop

08006ca8 <__file_str_put>:
 8006ca8:	e9d1 3204 	ldrd	r3, r2, [r1, #16]
 8006cac:	4293      	cmp	r3, r2
 8006cae:	d002      	beq.n	8006cb6 <__file_str_put+0xe>
 8006cb0:	1c5a      	adds	r2, r3, #1
 8006cb2:	610a      	str	r2, [r1, #16]
 8006cb4:	7018      	strb	r0, [r3, #0]
 8006cb6:	4770      	bx	lr

08006cb8 <_OffsetAbsSyms>:

#include <gen_offset.h>

#include "offsets_aarch32.c"

GEN_ABS_SYM_END
 8006cb8:	4770      	bx	lr

08006cba <free_list_add_bidx>:
		free_list_remove_bidx(h, c, bidx);
	}
}

static void free_list_add_bidx(struct z_heap *h, chunkid_t c, int bidx)
{
 8006cba:	b510      	push	{r4, lr}
	struct z_heap_bucket *b = &h->buckets[bidx];

	if (b->next == 0U) {
 8006cbc:	1d13      	adds	r3, r2, #4
 8006cbe:	f850 4023 	ldr.w	r4, [r0, r3, lsl #2]
 8006cc2:	b974      	cbnz	r4, 8006ce2 <free_list_add_bidx+0x28>
		CHECK((h->avail_buckets & BIT(bidx)) == 0);

		/* Empty list, first item */
		h->avail_buckets |= BIT(bidx);
 8006cc4:	68c3      	ldr	r3, [r0, #12]
 8006cc6:	2401      	movs	r4, #1
 8006cc8:	4094      	lsls	r4, r2
 8006cca:	4323      	orrs	r3, r4
 8006ccc:	60c3      	str	r3, [r0, #12]
		b->next = c;
 8006cce:	3204      	adds	r2, #4
 8006cd0:	f840 1022 	str.w	r1, [r0, r2, lsl #2]
			     enum chunk_fields f, chunkid_t val)
{
	CHECK(c <= h->end_chunk);

	chunk_unit_t *buf = chunk_buf(h);
	void *cmem = &buf[c];
 8006cd4:	00cb      	lsls	r3, r1, #3
	if (big_heap(h)) {
		CHECK(val == (uint32_t)val);
		((uint32_t *)cmem)[f] = val;
	} else {
		CHECK(val == (uint16_t)val);
		((uint16_t *)cmem)[f] = val;
 8006cd6:	1d1a      	adds	r2, r3, #4
 8006cd8:	b289      	uxth	r1, r1
 8006cda:	5281      	strh	r1, [r0, r2]
 8006cdc:	3306      	adds	r3, #6
 8006cde:	52c1      	strh	r1, [r0, r3]
	}

#ifdef CONFIG_SYS_HEAP_RUNTIME_STATS
	h->free_bytes += chunk_usable_bytes(h, c);
#endif
}
 8006ce0:	bd10      	pop	{r4, pc}
	void *cmem = &buf[c];
 8006ce2:	00e2      	lsls	r2, r4, #3
		return ((uint16_t *)cmem)[f];
 8006ce4:	3204      	adds	r2, #4
 8006ce6:	5a83      	ldrh	r3, [r0, r2]
	void *cmem = &buf[c];
 8006ce8:	ea4f 0cc1 	mov.w	ip, r1, lsl #3
		((uint16_t *)cmem)[f] = val;
 8006cec:	f10c 0e04 	add.w	lr, ip, #4
 8006cf0:	f820 300e 	strh.w	r3, [r0, lr]
 8006cf4:	f10c 0c06 	add.w	ip, ip, #6
 8006cf8:	f820 400c 	strh.w	r4, [r0, ip]
	void *cmem = &buf[c];
 8006cfc:	00db      	lsls	r3, r3, #3
		((uint16_t *)cmem)[f] = val;
 8006cfe:	3306      	adds	r3, #6
 8006d00:	b289      	uxth	r1, r1
 8006d02:	52c1      	strh	r1, [r0, r3]
 8006d04:	5281      	strh	r1, [r0, r2]
 8006d06:	e7eb      	b.n	8006ce0 <free_list_add_bidx+0x26>

08006d08 <free_list_add>:

static void free_list_add(struct z_heap *h, chunkid_t c)
{
 8006d08:	b508      	push	{r3, lr}
		return ((uint16_t *)cmem)[f];
 8006d0a:	eb00 03c1 	add.w	r3, r0, r1, lsl #3
 8006d0e:	885a      	ldrh	r2, [r3, #2]
	return chunk_field(h, c, SIZE_AND_USED) & 1U;
}

static inline chunksz_t chunk_size(struct z_heap *h, chunkid_t c)
{
	return chunk_field(h, c, SIZE_AND_USED) >> 1;
 8006d10:	0852      	lsrs	r2, r2, #1
}

static inline int bucket_idx(struct z_heap *h, chunksz_t sz)
{
	unsigned int usable_sz = sz - min_chunk_size(h) + 1;
	return 31 - __builtin_clz(usable_sz);
 8006d12:	fab2 f282 	clz	r2, r2
	if (!undersized_chunk(h, c)) {
		int bidx = bucket_idx(h, chunk_size(h, c));
		free_list_add_bidx(h, c, bidx);
 8006d16:	f1c2 021f 	rsb	r2, r2, #31
 8006d1a:	f7ff ffce 	bl	8006cba <free_list_add_bidx>
	}
}
 8006d1e:	bd08      	pop	{r3, pc}

08006d20 <sys_heap_init>:
	}
	return ptr2;
}

void sys_heap_init(struct sys_heap *heap, void *mem, size_t bytes)
{
 8006d20:	b570      	push	{r4, r5, r6, lr}
 8006d22:	4603      	mov	r3, r0
		__ASSERT(bytes / CHUNK_UNIT <= 0x7fffffffU, "heap size is too big");
	}

	/* Reserve the end marker chunk's header */
	__ASSERT(bytes > heap_footer_bytes(bytes), "heap size is too small");
	bytes -= heap_footer_bytes(bytes);
 8006d24:	3a04      	subs	r2, #4

	/* Round the start up, the end down */
	uintptr_t addr = ROUND_UP(mem, CHUNK_UNIT);
 8006d26:	1dc8      	adds	r0, r1, #7
 8006d28:	f020 0007 	bic.w	r0, r0, #7
	uintptr_t end = ROUND_DOWN((uint8_t *)mem + bytes, CHUNK_UNIT);
 8006d2c:	440a      	add	r2, r1
 8006d2e:	f022 0207 	bic.w	r2, r2, #7
	chunksz_t heap_sz = (end - addr) / CHUNK_UNIT;
 8006d32:	1a12      	subs	r2, r2, r0
 8006d34:	08d5      	lsrs	r5, r2, #3

	CHECK(end > addr);
	__ASSERT(heap_sz > chunksz(sizeof(struct z_heap)), "heap size is too small");

	struct z_heap *h = (struct z_heap *)addr;
	heap->heap = h;
 8006d36:	6018      	str	r0, [r3, #0]
	h->end_chunk = heap_sz;
 8006d38:	6085      	str	r5, [r0, #8]
	h->avail_buckets = 0;
 8006d3a:	2300      	movs	r3, #0
 8006d3c:	60c3      	str	r3, [r0, #12]
 8006d3e:	fab5 f185 	clz	r1, r5

#if CONFIG_SYS_HEAP_ARRAY_SIZE
	sys_heap_array_save(heap);
#endif

	int nb_buckets = bucket_idx(h, heap_sz) + 1;
 8006d42:	f1c1 0e20 	rsb	lr, r1, #32
	chunksz_t chunk0_size = chunksz(sizeof(struct z_heap) +
 8006d46:	f1c1 0124 	rsb	r1, r1, #36	@ 0x24
				     nb_buckets * sizeof(struct z_heap_bucket)) +
 8006d4a:	0089      	lsls	r1, r1, #2
	return (bytes + CHUNK_UNIT - 1U) / CHUNK_UNIT;
 8006d4c:	1dce      	adds	r6, r1, #7
 8006d4e:	08f1      	lsrs	r1, r6, #3
				CHUNK_TRAILER_SIZE;

	__ASSERT(chunk0_size + min_chunk_size(h) <= heap_sz, "heap size is too small");

	for (int i = 0; i < nb_buckets; i++) {
 8006d50:	e005      	b.n	8006d5e <sys_heap_init+0x3e>
		h->buckets[i].next = 0;
 8006d52:	f103 0c04 	add.w	ip, r3, #4
 8006d56:	2400      	movs	r4, #0
 8006d58:	f840 402c 	str.w	r4, [r0, ip, lsl #2]
	for (int i = 0; i < nb_buckets; i++) {
 8006d5c:	3301      	adds	r3, #1
 8006d5e:	4573      	cmp	r3, lr
 8006d60:	dbf7      	blt.n	8006d52 <sys_heap_init+0x32>
		((uint16_t *)cmem)[f] = val;
 8006d62:	fa1f fe81 	uxth.w	lr, r1
 8006d66:	ea4f 044e 	mov.w	r4, lr, lsl #1
 8006d6a:	b2a4      	uxth	r4, r4
 8006d6c:	8044      	strh	r4, [r0, #2]
 8006d6e:	f04f 0c00 	mov.w	ip, #0
 8006d72:	f8a0 c000 	strh.w	ip, [r0]
			((uint16_t *)cmem)[SIZE_AND_USED] |= 1U;
 8006d76:	f044 0401 	orr.w	r4, r4, #1
 8006d7a:	8044      	strh	r4, [r0, #2]
	if (SYS_HEAP_HARDENING_FULL) {
		set_chunk_canary(h, 0);
	}

	/* chunk containing the free heap */
	set_chunk_size(h, chunk0_size, heap_sz - chunk0_size);
 8006d7c:	1a6b      	subs	r3, r5, r1
	void *cmem = &buf[c];
 8006d7e:	f026 0407 	bic.w	r4, r6, #7
		((uint16_t *)cmem)[f] = val;
 8006d82:	1ca5      	adds	r5, r4, #2
 8006d84:	b29b      	uxth	r3, r3
 8006d86:	005e      	lsls	r6, r3, #1
 8006d88:	5346      	strh	r6, [r0, r5]
 8006d8a:	f820 e004 	strh.w	lr, [r0, r4]
	void *cmem = &buf[c];
 8006d8e:	f022 0407 	bic.w	r4, r2, #7
		((uint16_t *)cmem)[f] = val;
 8006d92:	1c95      	adds	r5, r2, #2
 8006d94:	f820 c005 	strh.w	ip, [r0, r5]
 8006d98:	4402      	add	r2, r0
 8006d9a:	5303      	strh	r3, [r0, r4]
			((uint16_t *)cmem)[SIZE_AND_USED] |= 1U;
 8006d9c:	8853      	ldrh	r3, [r2, #2]
 8006d9e:	f043 0301 	orr.w	r3, r3, #1
 8006da2:	8053      	strh	r3, [r2, #2]
	/* the end marker chunk */
	set_chunk_size(h, heap_sz, 0);
	set_left_chunk_size(h, heap_sz, heap_sz - chunk0_size);
	set_chunk_used(h, heap_sz, true);

	free_list_add(h, chunk0_size);
 8006da4:	f7ff ffb0 	bl	8006d08 <free_list_add>
}
 8006da8:	bd70      	pop	{r4, r5, r6, pc}

08006daa <cbprintf_via_va_list>:
{
 8006daa:	b510      	push	{r4, lr}
 8006dac:	460c      	mov	r4, r1
 8006dae:	4611      	mov	r1, r2
 8006db0:	461a      	mov	r2, r3
	return formatter(out, ctx, fmt, u.ap);
 8006db2:	9b02      	ldr	r3, [sp, #8]
 8006db4:	47a0      	blx	r4
}
 8006db6:	bd10      	pop	{r4, pc}

08006db8 <is_fmt_spec>:
	return (c >= 64) && (c <= 122);
 8006db8:	3840      	subs	r0, #64	@ 0x40
 8006dba:	b2c0      	uxtb	r0, r0
}
 8006dbc:	283a      	cmp	r0, #58	@ 0x3a
 8006dbe:	bf8c      	ite	hi
 8006dc0:	2000      	movhi	r0, #0
 8006dc2:	2001      	movls	r0, #1
 8006dc4:	4770      	bx	lr

08006dc6 <get_package_len>:
{
 8006dc6:	b5f8      	push	{r3, r4, r5, r6, r7, lr}
 8006dc8:	4606      	mov	r6, r0
	args_size = buf[0] * sizeof(int);
 8006dca:	7803      	ldrb	r3, [r0, #0]
	s_nbr     = buf[1];
 8006dcc:	7845      	ldrb	r5, [r0, #1]
	ros_nbr   = buf[2];
 8006dce:	7884      	ldrb	r4, [r0, #2]
	buf += ros_nbr;
 8006dd0:	eb04 0483 	add.w	r4, r4, r3, lsl #2
 8006dd4:	4404      	add	r4, r0
	for (unsigned int i = 0; i < s_nbr; i++) {
 8006dd6:	2700      	movs	r7, #0
 8006dd8:	e006      	b.n	8006de8 <get_package_len+0x22>
		buf++;
 8006dda:	3401      	adds	r4, #1
		buf += strlen((const char *)buf) + 1;
 8006ddc:	4620      	mov	r0, r4
 8006dde:	f7f9 f9cf 	bl	8000180 <strlen>
 8006de2:	3001      	adds	r0, #1
 8006de4:	4404      	add	r4, r0
	for (unsigned int i = 0; i < s_nbr; i++) {
 8006de6:	3701      	adds	r7, #1
 8006de8:	42af      	cmp	r7, r5
 8006dea:	d3f6      	bcc.n	8006dda <get_package_len+0x14>
}
 8006dec:	1ba0      	subs	r0, r4, r6
 8006dee:	bdf8      	pop	{r3, r4, r5, r6, r7, pc}

08006df0 <append_string>:
{
 8006df0:	b570      	push	{r4, r5, r6, lr}
 8006df2:	4614      	mov	r4, r2
	if (cb == NULL) {
 8006df4:	b168      	cbz	r0, 8006e12 <append_string+0x22>
 8006df6:	460d      	mov	r5, r1
 8006df8:	4619      	mov	r1, r3
 8006dfa:	4606      	mov	r6, r0
	strl = strl > 0 ? strl : strlen(str) + 1;
 8006dfc:	b92b      	cbnz	r3, 8006e0a <append_string+0x1a>
 8006dfe:	4610      	mov	r0, r2
 8006e00:	f7f9 f9be 	bl	8000180 <strlen>
 8006e04:	b283      	uxth	r3, r0
 8006e06:	3301      	adds	r3, #1
 8006e08:	b299      	uxth	r1, r3
	return cb(str, strl, ctx);
 8006e0a:	462a      	mov	r2, r5
 8006e0c:	4620      	mov	r0, r4
 8006e0e:	47b0      	blx	r6
}
 8006e10:	bd70      	pop	{r4, r5, r6, pc}
		return 1 + strlen(str);
 8006e12:	4610      	mov	r0, r2
 8006e14:	f7f9 f9b4 	bl	8000180 <strlen>
 8006e18:	3001      	adds	r0, #1
 8006e1a:	e7f9      	b.n	8006e10 <append_string+0x20>

08006e1c <cbpprintf_external>:
	if (buf == NULL) {
 8006e1c:	b35b      	cbz	r3, 8006e76 <cbpprintf_external+0x5a>
{
 8006e1e:	e92d 47f0 	stmdb	sp!, {r4, r5, r6, r7, r8, r9, sl, lr}
 8006e22:	b082      	sub	sp, #8
 8006e24:	4607      	mov	r7, r0
 8006e26:	4688      	mov	r8, r1
 8006e28:	4691      	mov	r9, r2
 8006e2a:	461d      	mov	r5, r3
	args_size = hdr->hdr.desc.len * sizeof(int);
 8006e2c:	781a      	ldrb	r2, [r3, #0]
	s_nbr     = hdr->hdr.desc.str_cnt;
 8006e2e:	785e      	ldrb	r6, [r3, #1]
	ros_nbr   = hdr->hdr.desc.ro_str_cnt;
 8006e30:	789c      	ldrb	r4, [r3, #2]
	rws_nbr   = hdr->hdr.desc.rw_str_cnt;
 8006e32:	78db      	ldrb	r3, [r3, #3]
	s = (char *)(buf + args_size + ros_nbr + 2 * rws_nbr);
 8006e34:	eb04 0482 	add.w	r4, r4, r2, lsl #2
 8006e38:	eb04 0443 	add.w	r4, r4, r3, lsl #1
 8006e3c:	442c      	add	r4, r5
	for (i = 0; i < s_nbr; i++) {
 8006e3e:	f04f 0a00 	mov.w	sl, #0
 8006e42:	e00a      	b.n	8006e5a <cbpprintf_external+0x3e>
		s_idx = *(uint8_t *)s;
 8006e44:	f814 3b01 	ldrb.w	r3, [r4], #1
		*ps = s;
 8006e48:	f845 4023 	str.w	r4, [r5, r3, lsl #2]
		s += strlen(s) + 1;
 8006e4c:	4620      	mov	r0, r4
 8006e4e:	f7f9 f997 	bl	8000180 <strlen>
 8006e52:	3001      	adds	r0, #1
 8006e54:	4404      	add	r4, r0
	for (i = 0; i < s_nbr; i++) {
 8006e56:	f10a 0a01 	add.w	sl, sl, #1
 8006e5a:	45b2      	cmp	sl, r6
 8006e5c:	d3f2      	bcc.n	8006e44 <cbpprintf_external+0x28>
	buf += sizeof(*hdr);
 8006e5e:	f105 0308 	add.w	r3, r5, #8
	return cbprintf_via_va_list(out, formatter, ctx, hdr->fmt, buf);
 8006e62:	9300      	str	r3, [sp, #0]
 8006e64:	686b      	ldr	r3, [r5, #4]
 8006e66:	464a      	mov	r2, r9
 8006e68:	4641      	mov	r1, r8
 8006e6a:	4638      	mov	r0, r7
 8006e6c:	f7ff ff9d 	bl	8006daa <cbprintf_via_va_list>
}
 8006e70:	b002      	add	sp, #8
 8006e72:	e8bd 87f0 	ldmia.w	sp!, {r4, r5, r6, r7, r8, r9, sl, pc}
		return -EINVAL;
 8006e76:	f06f 0015 	mvn.w	r0, #21
}
 8006e7a:	4770      	bx	lr

08006e7c <is_ptr>:
{
 8006e7c:	e92d 41f0 	stmdb	sp!, {r4, r5, r6, r7, r8, lr}
 8006e80:	4604      	mov	r4, r0
 8006e82:	4688      	mov	r8, r1
	int cnt = 0;
 8006e84:	2700      	movs	r7, #0
	bool mod = false;
 8006e86:	463e      	mov	r6, r7
	while ((c = *fmt++) != '\0') {
 8006e88:	e007      	b.n	8006e9a <is_ptr+0x1e>
				if (c == 'p') {
 8006e8a:	2d70      	cmp	r5, #112	@ 0x70
 8006e8c:	d018      	beq.n	8006ec0 <is_ptr+0x44>
				} else if (is_fmt_spec(c)) {
 8006e8e:	4628      	mov	r0, r5
 8006e90:	f7ff ff92 	bl	8006db8 <is_fmt_spec>
 8006e94:	b9b8      	cbnz	r0, 8006ec6 <is_ptr+0x4a>
		if (c == '%') {
 8006e96:	2d25      	cmp	r5, #37	@ 0x25
 8006e98:	d00e      	beq.n	8006eb8 <is_ptr+0x3c>
	while ((c = *fmt++) != '\0') {
 8006e9a:	f814 5b01 	ldrb.w	r5, [r4], #1
 8006e9e:	b175      	cbz	r5, 8006ebe <is_ptr+0x42>
		if (mod) {
 8006ea0:	2e00      	cmp	r6, #0
 8006ea2:	d0f8      	beq.n	8006e96 <is_ptr+0x1a>
			if (cnt == n) {
 8006ea4:	4547      	cmp	r7, r8
 8006ea6:	d0f0      	beq.n	8006e8a <is_ptr+0xe>
			} else if (is_fmt_spec(c)) {
 8006ea8:	4628      	mov	r0, r5
 8006eaa:	f7ff ff85 	bl	8006db8 <is_fmt_spec>
 8006eae:	2800      	cmp	r0, #0
 8006eb0:	d0f1      	beq.n	8006e96 <is_ptr+0x1a>
				cnt++;
 8006eb2:	3701      	adds	r7, #1
				mod = false;
 8006eb4:	2600      	movs	r6, #0
 8006eb6:	e7ee      	b.n	8006e96 <is_ptr+0x1a>
			mod = !mod;
 8006eb8:	f086 0601 	eor.w	r6, r6, #1
 8006ebc:	e7ed      	b.n	8006e9a <is_ptr+0x1e>
	return false;
 8006ebe:	2600      	movs	r6, #0
}
 8006ec0:	4630      	mov	r0, r6
 8006ec2:	e8bd 81f0 	ldmia.w	sp!, {r4, r5, r6, r7, r8, pc}
					return false;
 8006ec6:	2600      	movs	r6, #0
 8006ec8:	e7fa      	b.n	8006ec0 <is_ptr+0x44>

08006eca <arch_printk_char_out>:
}
 8006eca:	2000      	movs	r0, #0
 8006ecc:	4770      	bx	lr

08006ece <vprintk>:
	ARG_UNUSED(ctx_p);
	return _char_out(c);
}

void vprintk(const char *fmt, va_list ap)
{
 8006ece:	b508      	push	{r3, lr}
	if (IS_ENABLED(CONFIG_LOG_PRINTK)) {
		z_log_vprintk(fmt, ap);
 8006ed0:	f000 fc33 	bl	800773a <z_log_vprintk>

#ifdef CONFIG_PRINTK_SYNC
		k_spin_unlock(&lock, key);
#endif
	}
}
 8006ed4:	bd08      	pop	{r3, pc}

08006ed6 <printk>:
 *
 * @param fmt formatted string to output
 */

void printk(const char *fmt, ...)
{
 8006ed6:	b40f      	push	{r0, r1, r2, r3}
 8006ed8:	b500      	push	{lr}
 8006eda:	b083      	sub	sp, #12
 8006edc:	a904      	add	r1, sp, #16
 8006ede:	f851 0b04 	ldr.w	r0, [r1], #4
	va_list ap;

	va_start(ap, fmt);
 8006ee2:	9101      	str	r1, [sp, #4]

	vprintk(fmt, ap);
 8006ee4:	f7ff fff3 	bl	8006ece <vprintk>

	va_end(ap);
}
 8006ee8:	b003      	add	sp, #12
 8006eea:	f85d eb04 	ldr.w	lr, [sp], #4
 8006eee:	b004      	add	sp, #16
 8006ef0:	4770      	bx	lr

08006ef2 <free_space>:
 * be more space available after wrapping.
 * @retval false When result is total free space.
 */
static inline bool free_space(struct mpsc_pbuf_buffer *buffer, uint32_t *res)
{
	if (buffer->flags & MPSC_PBUF_FULL) {
 8006ef2:	6903      	ldr	r3, [r0, #16]
 8006ef4:	f013 0f08 	tst.w	r3, #8
 8006ef8:	d108      	bne.n	8006f0c <free_space+0x1a>
		*res = 0;
		return false;
	}

	if (buffer->rd_idx > buffer->tmp_wr_idx) {
 8006efa:	68c3      	ldr	r3, [r0, #12]
 8006efc:	6802      	ldr	r2, [r0, #0]
 8006efe:	4293      	cmp	r3, r2
 8006f00:	d807      	bhi.n	8006f12 <free_space+0x20>
		*res =  buffer->rd_idx - buffer->tmp_wr_idx;
		return false;
	}
	*res = buffer->size - buffer->tmp_wr_idx;
 8006f02:	6a03      	ldr	r3, [r0, #32]
 8006f04:	1a9b      	subs	r3, r3, r2
 8006f06:	600b      	str	r3, [r1, #0]

	return true;
 8006f08:	2001      	movs	r0, #1
}
 8006f0a:	4770      	bx	lr
		*res = 0;
 8006f0c:	2000      	movs	r0, #0
 8006f0e:	6008      	str	r0, [r1, #0]
		return false;
 8006f10:	4770      	bx	lr
		*res =  buffer->rd_idx - buffer->tmp_wr_idx;
 8006f12:	1a9b      	subs	r3, r3, r2
 8006f14:	600b      	str	r3, [r1, #0]
		return false;
 8006f16:	2000      	movs	r0, #0
 8006f18:	4770      	bx	lr

08006f1a <available>:
 * be more space available after wrapping.
 * @retval false When result is total free space.
 */
static inline bool available(struct mpsc_pbuf_buffer *buffer, uint32_t *res)
{
	if (buffer->flags & MPSC_PBUF_FULL || buffer->tmp_rd_idx > buffer->wr_idx) {
 8006f1a:	6903      	ldr	r3, [r0, #16]
 8006f1c:	f013 0f08 	tst.w	r3, #8
 8006f20:	d107      	bne.n	8006f32 <available+0x18>
 8006f22:	6882      	ldr	r2, [r0, #8]
 8006f24:	6843      	ldr	r3, [r0, #4]
 8006f26:	429a      	cmp	r2, r3
 8006f28:	d803      	bhi.n	8006f32 <available+0x18>
		*res = buffer->size - buffer->tmp_rd_idx;
		return true;
	}

	*res = (buffer->wr_idx - buffer->tmp_rd_idx);
 8006f2a:	1a9b      	subs	r3, r3, r2
 8006f2c:	600b      	str	r3, [r1, #0]

	return false;
 8006f2e:	2000      	movs	r0, #0
}
 8006f30:	4770      	bx	lr
		*res = buffer->size - buffer->tmp_rd_idx;
 8006f32:	6a03      	ldr	r3, [r0, #32]
 8006f34:	6882      	ldr	r2, [r0, #8]
 8006f36:	1a9b      	subs	r3, r3, r2
 8006f38:	600b      	str	r3, [r1, #0]
		return true;
 8006f3a:	2001      	movs	r0, #1
 8006f3c:	4770      	bx	lr

08006f3e <get_usage>:

static inline uint32_t get_usage(struct mpsc_pbuf_buffer *buffer)
{
 8006f3e:	b510      	push	{r4, lr}
 8006f40:	b082      	sub	sp, #8
 8006f42:	4604      	mov	r4, r0
	uint32_t f;

	if (free_space(buffer, &f)) {
 8006f44:	a901      	add	r1, sp, #4
 8006f46:	f7ff ffd4 	bl	8006ef2 <free_space>
 8006f4a:	b120      	cbz	r0, 8006f56 <get_usage+0x18>
		f += (buffer->rd_idx - 1);
 8006f4c:	68e3      	ldr	r3, [r4, #12]
 8006f4e:	9a01      	ldr	r2, [sp, #4]
 8006f50:	4413      	add	r3, r2
 8006f52:	3b01      	subs	r3, #1
 8006f54:	9301      	str	r3, [sp, #4]
	}

	return buffer->size - 1 - f;
 8006f56:	6a20      	ldr	r0, [r4, #32]
 8006f58:	9b01      	ldr	r3, [sp, #4]
 8006f5a:	1ac0      	subs	r0, r0, r3
}
 8006f5c:	3801      	subs	r0, #1
 8006f5e:	b002      	add	sp, #8
 8006f60:	bd10      	pop	{r4, pc}

08006f62 <max_utilization_update>:

static inline void max_utilization_update(struct mpsc_pbuf_buffer *buffer)
{
 8006f62:	b538      	push	{r3, r4, r5, lr}
	if (!(buffer->flags & MPSC_PBUF_MAX_UTILIZATION)) {
 8006f64:	6903      	ldr	r3, [r0, #16]
 8006f66:	f013 0f04 	tst.w	r3, #4
 8006f6a:	d100      	bne.n	8006f6e <max_utilization_update+0xc>
		return;
	}

	buffer->max_usage = max(buffer->max_usage, get_usage(buffer));
}
 8006f6c:	bd38      	pop	{r3, r4, r5, pc}
 8006f6e:	4604      	mov	r4, r0
	buffer->max_usage = max(buffer->max_usage, get_usage(buffer));
 8006f70:	6a45      	ldr	r5, [r0, #36]	@ 0x24
 8006f72:	f7ff ffe4 	bl	8006f3e <get_usage>
 8006f76:	42a8      	cmp	r0, r5
 8006f78:	bf38      	it	cc
 8006f7a:	4628      	movcc	r0, r5
 8006f7c:	6260      	str	r0, [r4, #36]	@ 0x24
 8006f7e:	e7f5      	b.n	8006f6c <max_utilization_update+0xa>

08006f80 <rd_idx_inc>:
	}
}

static void rd_idx_inc(struct mpsc_pbuf_buffer *buffer, int32_t wlen)
{
	buffer->rd_idx = idx_inc(buffer, buffer->rd_idx, wlen);
 8006f80:	68c3      	ldr	r3, [r0, #12]
	uint32_t i = idx + val;
 8006f82:	4419      	add	r1, r3
	if (buffer->flags & MPSC_PBUF_SIZE_POW2) {
 8006f84:	6903      	ldr	r3, [r0, #16]
 8006f86:	f013 0f01 	tst.w	r3, #1
 8006f8a:	d104      	bne.n	8006f96 <rd_idx_inc+0x16>
	return (i >= buffer->size) ? i - buffer->size : i;
 8006f8c:	6a02      	ldr	r2, [r0, #32]
 8006f8e:	4291      	cmp	r1, r2
 8006f90:	d304      	bcc.n	8006f9c <rd_idx_inc+0x1c>
 8006f92:	1a89      	subs	r1, r1, r2
 8006f94:	e002      	b.n	8006f9c <rd_idx_inc+0x1c>
		return i & (buffer->size - 1);
 8006f96:	6a02      	ldr	r2, [r0, #32]
 8006f98:	3a01      	subs	r2, #1
 8006f9a:	4011      	ands	r1, r2
	buffer->rd_idx = idx_inc(buffer, buffer->rd_idx, wlen);
 8006f9c:	60c1      	str	r1, [r0, #12]
	buffer->flags &= ~MPSC_PBUF_FULL;
 8006f9e:	f023 0308 	bic.w	r3, r3, #8
 8006fa2:	6103      	str	r3, [r0, #16]
}
 8006fa4:	4770      	bx	lr

08006fa6 <add_skip_item>:

static void add_skip_item(struct mpsc_pbuf_buffer *buffer, uint32_t wlen)
{
 8006fa6:	b410      	push	{r4}
	union mpsc_pbuf_generic skip = {
 8006fa8:	2300      	movs	r3, #0
 8006faa:	f023 0301 	bic.w	r3, r3, #1
 8006fae:	f043 0302 	orr.w	r3, r3, #2
 8006fb2:	f361 039f 	bfi	r3, r1, #2, #30
		.skip = { .valid = 0, .busy = 1, .len = wlen }
	};

	buffer->buf[buffer->tmp_wr_idx] = skip.raw;
 8006fb6:	69c2      	ldr	r2, [r0, #28]
 8006fb8:	6804      	ldr	r4, [r0, #0]
 8006fba:	f842 3024 	str.w	r3, [r2, r4, lsl #2]
	buffer->tmp_wr_idx = idx_inc(buffer, buffer->tmp_wr_idx, wlen);
 8006fbe:	6803      	ldr	r3, [r0, #0]
	uint32_t i = idx + val;
 8006fc0:	440b      	add	r3, r1
	if (buffer->flags & MPSC_PBUF_SIZE_POW2) {
 8006fc2:	6902      	ldr	r2, [r0, #16]
 8006fc4:	f012 0f01 	tst.w	r2, #1
 8006fc8:	d104      	bne.n	8006fd4 <add_skip_item+0x2e>
	return (i >= buffer->size) ? i - buffer->size : i;
 8006fca:	6a04      	ldr	r4, [r0, #32]
 8006fcc:	42a3      	cmp	r3, r4
 8006fce:	d304      	bcc.n	8006fda <add_skip_item+0x34>
 8006fd0:	1b1b      	subs	r3, r3, r4
 8006fd2:	e002      	b.n	8006fda <add_skip_item+0x34>
		return i & (buffer->size - 1);
 8006fd4:	6a04      	ldr	r4, [r0, #32]
 8006fd6:	3c01      	subs	r4, #1
 8006fd8:	4023      	ands	r3, r4
	buffer->tmp_wr_idx = idx_inc(buffer, buffer->tmp_wr_idx, wlen);
 8006fda:	6003      	str	r3, [r0, #0]
	if (buffer->tmp_wr_idx == buffer->rd_idx) {
 8006fdc:	68c4      	ldr	r4, [r0, #12]
 8006fde:	42a3      	cmp	r3, r4
 8006fe0:	d00a      	beq.n	8006ff8 <add_skip_item+0x52>
	tmp_wr_idx_inc(buffer, wlen);
	buffer->wr_idx = idx_inc(buffer, buffer->wr_idx, wlen);
 8006fe2:	6843      	ldr	r3, [r0, #4]
	uint32_t i = idx + val;
 8006fe4:	4419      	add	r1, r3
	if (buffer->flags & MPSC_PBUF_SIZE_POW2) {
 8006fe6:	6903      	ldr	r3, [r0, #16]
 8006fe8:	f013 0f01 	tst.w	r3, #1
 8006fec:	d108      	bne.n	8007000 <add_skip_item+0x5a>
	return (i >= buffer->size) ? i - buffer->size : i;
 8006fee:	6a03      	ldr	r3, [r0, #32]
 8006ff0:	4299      	cmp	r1, r3
 8006ff2:	d308      	bcc.n	8007006 <add_skip_item+0x60>
 8006ff4:	1ac9      	subs	r1, r1, r3
 8006ff6:	e006      	b.n	8007006 <add_skip_item+0x60>
		buffer->flags |= MPSC_PBUF_FULL;
 8006ff8:	f042 0208 	orr.w	r2, r2, #8
 8006ffc:	6102      	str	r2, [r0, #16]
 8006ffe:	e7f0      	b.n	8006fe2 <add_skip_item+0x3c>
		return i & (buffer->size - 1);
 8007000:	6a03      	ldr	r3, [r0, #32]
 8007002:	3b01      	subs	r3, #1
 8007004:	4019      	ands	r1, r3
	buffer->wr_idx = idx_inc(buffer, buffer->wr_idx, wlen);
 8007006:	6041      	str	r1, [r0, #4]
}
 8007008:	bc10      	pop	{r4}
 800700a:	4770      	bx	lr

0800700c <drop_item_locked>:

static bool drop_item_locked(struct mpsc_pbuf_buffer *buffer,
			     uint32_t free_wlen,
			     union mpsc_pbuf_generic **item_to_drop,
			     uint32_t *tmp_wr_idx_shift)
{
 800700c:	e92d 4ff0 	stmdb	sp!, {r4, r5, r6, r7, r8, r9, sl, fp, lr}
 8007010:	b083      	sub	sp, #12
 8007012:	4604      	mov	r4, r0
 8007014:	9101      	str	r1, [sp, #4]
 8007016:	4617      	mov	r7, r2
 8007018:	4698      	mov	r8, r3
	union mpsc_pbuf_generic *item;
	uint32_t skip_wlen;

	item = (union mpsc_pbuf_generic *)&buffer->buf[buffer->rd_idx];
 800701a:	69c5      	ldr	r5, [r0, #28]
 800701c:	68c6      	ldr	r6, [r0, #12]
 800701e:	eb05 0b86 	add.w	fp, r5, r6, lsl #2
	if (item->hdr.busy && !item->hdr.valid) {
 8007022:	f815 3026 	ldrb.w	r3, [r5, r6, lsl #2]
 8007026:	f003 0303 	and.w	r3, r3, #3
 800702a:	2b02      	cmp	r3, #2
 800702c:	d024      	beq.n	8007078 <drop_item_locked+0x6c>
	return 0;
 800702e:	2100      	movs	r1, #0
	skip_wlen = get_skip(item);
	*item_to_drop = NULL;
 8007030:	2300      	movs	r3, #0
 8007032:	603b      	str	r3, [r7, #0]
	*tmp_wr_idx_shift = 0;
 8007034:	f8c8 3000 	str.w	r3, [r8]

	if (skip_wlen) {
 8007038:	bb19      	cbnz	r1, 8007082 <drop_item_locked+0x76>
		buffer->tmp_rd_idx = buffer->rd_idx;
		return true;
	}

	/* Other options for dropping available only in overwrite mode. */
	if (!(buffer->flags & MPSC_PBUF_MODE_OVERWRITE)) {
 800703a:	6923      	ldr	r3, [r4, #16]
 800703c:	f013 0f02 	tst.w	r3, #2
 8007040:	d075      	beq.n	800712e <drop_item_locked+0x122>
		return false;
	}

	uint32_t rd_wlen = buffer->get_wlen(item);
 8007042:	69a3      	ldr	r3, [r4, #24]
 8007044:	4658      	mov	r0, fp
 8007046:	4798      	blx	r3
 8007048:	4682      	mov	sl, r0
	return item->hdr.valid;
 800704a:	f815 9026 	ldrb.w	r9, [r5, r6, lsl #2]

	/* If packet is busy need to be omitted. */
	if (!is_valid(item)) {
 800704e:	f019 0901 	ands.w	r9, r9, #1
 8007052:	d06e      	beq.n	8007132 <drop_item_locked+0x126>
		return false;
	} else if (item->hdr.busy) {
 8007054:	f815 3026 	ldrb.w	r3, [r5, r6, lsl #2]
 8007058:	f013 0f02 	tst.w	r3, #2
 800705c:	d03b      	beq.n	80070d6 <drop_item_locked+0xca>
		bool ret = true;

		MPSC_PBUF_DBG(buffer, "no space: Found busy packet %p (len:%d)", item, rd_wlen);
		/* Add skip packet before claimed packet. */
		if (free_wlen) {
 800705e:	9b01      	ldr	r3, [sp, #4]
 8007060:	b9bb      	cbnz	r3, 8007092 <drop_item_locked+0x86>
			add_skip_item(buffer, free_wlen);
			MPSC_PBUF_DBG(buffer, "no space: Added skip packet (len:%d)", free_wlen);
		}
		/* Move all indexes forward, after claimed packet. */
		buffer->wr_idx = idx_inc(buffer, buffer->wr_idx, rd_wlen);
 8007062:	6862      	ldr	r2, [r4, #4]
	uint32_t i = idx + val;
 8007064:	4452      	add	r2, sl
	if (buffer->flags & MPSC_PBUF_SIZE_POW2) {
 8007066:	6923      	ldr	r3, [r4, #16]
 8007068:	f013 0001 	ands.w	r0, r3, #1
 800706c:	d116      	bne.n	800709c <drop_item_locked+0x90>
	return (i >= buffer->size) ? i - buffer->size : i;
 800706e:	6a21      	ldr	r1, [r4, #32]
 8007070:	428a      	cmp	r2, r1
 8007072:	d316      	bcc.n	80070a2 <drop_item_locked+0x96>
 8007074:	1a52      	subs	r2, r2, r1
 8007076:	e014      	b.n	80070a2 <drop_item_locked+0x96>
		return item->skip.len;
 8007078:	f855 1026 	ldr.w	r1, [r5, r6, lsl #2]
 800707c:	f3c1 019d 	ubfx	r1, r1, #2, #30
 8007080:	e7d6      	b.n	8007030 <drop_item_locked+0x24>
		rd_idx_inc(buffer, skip_wlen);
 8007082:	4620      	mov	r0, r4
 8007084:	f7ff ff7c 	bl	8006f80 <rd_idx_inc>
		buffer->tmp_rd_idx = buffer->rd_idx;
 8007088:	68e3      	ldr	r3, [r4, #12]
 800708a:	60a3      	str	r3, [r4, #8]
		return true;
 800708c:	f04f 0901 	mov.w	r9, #1
 8007090:	e04f      	b.n	8007132 <drop_item_locked+0x126>
			add_skip_item(buffer, free_wlen);
 8007092:	4619      	mov	r1, r3
 8007094:	4620      	mov	r0, r4
 8007096:	f7ff ff86 	bl	8006fa6 <add_skip_item>
			MPSC_PBUF_DBG(buffer, "no space: Added skip packet (len:%d)", free_wlen);
 800709a:	e7e2      	b.n	8007062 <drop_item_locked+0x56>
		return i & (buffer->size - 1);
 800709c:	6a21      	ldr	r1, [r4, #32]
 800709e:	3901      	subs	r1, #1
 80070a0:	400a      	ands	r2, r1
		buffer->wr_idx = idx_inc(buffer, buffer->wr_idx, rd_wlen);
 80070a2:	6062      	str	r2, [r4, #4]

		/* If allocation wrapped around the buffer and found busy packet
		 * that was already omitted, skip it again and indicate that no
		 * packet was dropped.
		 */
		if (buffer->rd_idx == buffer->tmp_rd_idx) {
 80070a4:	68e1      	ldr	r1, [r4, #12]
 80070a6:	68a2      	ldr	r2, [r4, #8]
 80070a8:	4291      	cmp	r1, r2
 80070aa:	d006      	beq.n	80070ba <drop_item_locked+0xae>
			buffer->tmp_rd_idx = idx_inc(buffer, buffer->tmp_rd_idx, rd_wlen);
			ret = false;
		}

		buffer->tmp_wr_idx = buffer->tmp_rd_idx;
 80070ac:	68a2      	ldr	r2, [r4, #8]
 80070ae:	6022      	str	r2, [r4, #0]
		buffer->rd_idx = buffer->tmp_rd_idx;
 80070b0:	60e2      	str	r2, [r4, #12]
		buffer->flags |= MPSC_PBUF_FULL;
 80070b2:	f043 0308 	orr.w	r3, r3, #8
 80070b6:	6123      	str	r3, [r4, #16]
		return ret;
 80070b8:	e03b      	b.n	8007132 <drop_item_locked+0x126>
	uint32_t i = idx + val;
 80070ba:	4452      	add	r2, sl
	if (buffer->flags & MPSC_PBUF_SIZE_POW2) {
 80070bc:	b920      	cbnz	r0, 80070c8 <drop_item_locked+0xbc>
	return (i >= buffer->size) ? i - buffer->size : i;
 80070be:	6a21      	ldr	r1, [r4, #32]
 80070c0:	428a      	cmp	r2, r1
 80070c2:	d304      	bcc.n	80070ce <drop_item_locked+0xc2>
 80070c4:	1a52      	subs	r2, r2, r1
 80070c6:	e002      	b.n	80070ce <drop_item_locked+0xc2>
		return i & (buffer->size - 1);
 80070c8:	6a21      	ldr	r1, [r4, #32]
 80070ca:	3901      	subs	r1, #1
 80070cc:	400a      	ands	r2, r1
			buffer->tmp_rd_idx = idx_inc(buffer, buffer->tmp_rd_idx, rd_wlen);
 80070ce:	60a2      	str	r2, [r4, #8]
			ret = false;
 80070d0:	f04f 0900 	mov.w	r9, #0
 80070d4:	e7ea      	b.n	80070ac <drop_item_locked+0xa0>
	} else {
		/* Prepare packet dropping. */
		rd_idx_inc(buffer, rd_wlen);
 80070d6:	4601      	mov	r1, r0
 80070d8:	4620      	mov	r0, r4
 80070da:	f7ff ff51 	bl	8006f80 <rd_idx_inc>
		buffer->tmp_rd_idx = buffer->rd_idx;
 80070de:	68e3      	ldr	r3, [r4, #12]
 80070e0:	60a3      	str	r3, [r4, #8]
		/* Temporary move tmp_wr idx forward to ensure that packet
		 * will not be dropped twice and content will not be
		 * overwritten.
		 */
		if (free_wlen) {
 80070e2:	9b01      	ldr	r3, [sp, #4]
 80070e4:	b123      	cbz	r3, 80070f0 <drop_item_locked+0xe4>
					.valid = 0,
					.busy = 0
				}
			};

			buffer->buf[buffer->tmp_wr_idx] = invalid.raw;
 80070e6:	69e3      	ldr	r3, [r4, #28]
 80070e8:	6822      	ldr	r2, [r4, #0]
 80070ea:	2100      	movs	r1, #0
 80070ec:	f843 1022 	str.w	r1, [r3, r2, lsl #2]
		}

		*tmp_wr_idx_shift = rd_wlen + free_wlen;
 80070f0:	9b01      	ldr	r3, [sp, #4]
 80070f2:	4453      	add	r3, sl
 80070f4:	f8c8 3000 	str.w	r3, [r8]
		buffer->tmp_wr_idx = idx_inc(buffer, buffer->tmp_wr_idx, *tmp_wr_idx_shift);
 80070f8:	6822      	ldr	r2, [r4, #0]
	uint32_t i = idx + val;
 80070fa:	4413      	add	r3, r2
	if (buffer->flags & MPSC_PBUF_SIZE_POW2) {
 80070fc:	6922      	ldr	r2, [r4, #16]
 80070fe:	f012 0f01 	tst.w	r2, #1
 8007102:	d104      	bne.n	800710e <drop_item_locked+0x102>
	return (i >= buffer->size) ? i - buffer->size : i;
 8007104:	6a21      	ldr	r1, [r4, #32]
 8007106:	428b      	cmp	r3, r1
 8007108:	d304      	bcc.n	8007114 <drop_item_locked+0x108>
 800710a:	1a5b      	subs	r3, r3, r1
 800710c:	e002      	b.n	8007114 <drop_item_locked+0x108>
		return i & (buffer->size - 1);
 800710e:	6a21      	ldr	r1, [r4, #32]
 8007110:	3901      	subs	r1, #1
 8007112:	400b      	ands	r3, r1
		buffer->tmp_wr_idx = idx_inc(buffer, buffer->tmp_wr_idx, *tmp_wr_idx_shift);
 8007114:	6023      	str	r3, [r4, #0]
		buffer->flags |= MPSC_PBUF_FULL;
 8007116:	f042 0208 	orr.w	r2, r2, #8
 800711a:	6122      	str	r2, [r4, #16]
		item->hdr.valid = 0;
 800711c:	f815 3026 	ldrb.w	r3, [r5, r6, lsl #2]
 8007120:	f023 0301 	bic.w	r3, r3, #1
 8007124:	f805 3026 	strb.w	r3, [r5, r6, lsl #2]
		*item_to_drop = item;
 8007128:	f8c7 b000 	str.w	fp, [r7]
		MPSC_PBUF_DBG(buffer, "no space: dropping packet %p (len: %d)",
			       item, rd_wlen);
	}

	return true;
 800712c:	e001      	b.n	8007132 <drop_item_locked+0x126>
		return false;
 800712e:	f04f 0900 	mov.w	r9, #0
}
 8007132:	4648      	mov	r0, r9
 8007134:	b003      	add	sp, #12
 8007136:	e8bd 8ff0 	ldmia.w	sp!, {r4, r5, r6, r7, r8, r9, sl, fp, pc}

0800713a <post_drop_action>:

static void post_drop_action(struct mpsc_pbuf_buffer *buffer,
			     uint32_t prev_tmp_wr_idx,
			     uint32_t tmp_wr_idx_shift)
{
 800713a:	b430      	push	{r4, r5}
	uint32_t i = idx + val;
 800713c:	1853      	adds	r3, r2, r1
	if (buffer->flags & MPSC_PBUF_SIZE_POW2) {
 800713e:	6904      	ldr	r4, [r0, #16]
 8007140:	f014 0f01 	tst.w	r4, #1
 8007144:	d104      	bne.n	8007150 <post_drop_action+0x16>
	return (i >= buffer->size) ? i - buffer->size : i;
 8007146:	6a05      	ldr	r5, [r0, #32]
 8007148:	42ab      	cmp	r3, r5
 800714a:	d304      	bcc.n	8007156 <post_drop_action+0x1c>
 800714c:	1b5b      	subs	r3, r3, r5
 800714e:	e002      	b.n	8007156 <post_drop_action+0x1c>
		return i & (buffer->size - 1);
 8007150:	6a05      	ldr	r5, [r0, #32]
 8007152:	3d01      	subs	r5, #1
 8007154:	402b      	ands	r3, r5
	uint32_t cmp_tmp_wr_idx = idx_inc(buffer, prev_tmp_wr_idx, tmp_wr_idx_shift);

	if (cmp_tmp_wr_idx == buffer->tmp_wr_idx) {
 8007156:	6805      	ldr	r5, [r0, #0]
 8007158:	429d      	cmp	r5, r3
 800715a:	d014      	beq.n	8007186 <post_drop_action+0x4c>
		buffer->flags &= ~MPSC_PBUF_FULL;
		return;
	}

	/* Operation interrupted, mark area as to be skipped. */
	union mpsc_pbuf_generic skip = {
 800715c:	2300      	movs	r3, #0
 800715e:	f023 0301 	bic.w	r3, r3, #1
 8007162:	f043 0302 	orr.w	r3, r3, #2
 8007166:	f362 039f 	bfi	r3, r2, #2, #30
			.busy = 1,
			.len = tmp_wr_idx_shift
		}
	};

	buffer->buf[prev_tmp_wr_idx] = skip.raw;
 800716a:	69c4      	ldr	r4, [r0, #28]
 800716c:	f844 3021 	str.w	r3, [r4, r1, lsl #2]
	buffer->wr_idx = idx_inc(buffer,
 8007170:	6843      	ldr	r3, [r0, #4]
	uint32_t i = idx + val;
 8007172:	4413      	add	r3, r2
	if (buffer->flags & MPSC_PBUF_SIZE_POW2) {
 8007174:	6902      	ldr	r2, [r0, #16]
 8007176:	f012 0f01 	tst.w	r2, #1
 800717a:	d109      	bne.n	8007190 <post_drop_action+0x56>
	return (i >= buffer->size) ? i - buffer->size : i;
 800717c:	6a02      	ldr	r2, [r0, #32]
 800717e:	4293      	cmp	r3, r2
 8007180:	d309      	bcc.n	8007196 <post_drop_action+0x5c>
 8007182:	1a9b      	subs	r3, r3, r2
 8007184:	e007      	b.n	8007196 <post_drop_action+0x5c>
		buffer->tmp_wr_idx = prev_tmp_wr_idx;
 8007186:	6001      	str	r1, [r0, #0]
		buffer->flags &= ~MPSC_PBUF_FULL;
 8007188:	f024 0408 	bic.w	r4, r4, #8
 800718c:	6104      	str	r4, [r0, #16]
		return;
 800718e:	e003      	b.n	8007198 <post_drop_action+0x5e>
		return i & (buffer->size - 1);
 8007190:	6a02      	ldr	r2, [r0, #32]
 8007192:	3a01      	subs	r2, #1
 8007194:	4013      	ands	r3, r2
	buffer->wr_idx = idx_inc(buffer,
 8007196:	6043      	str	r3, [r0, #4]
				 buffer->wr_idx,
				 tmp_wr_idx_shift);
	/* full flag? */
}
 8007198:	bc30      	pop	{r4, r5}
 800719a:	4770      	bx	lr

0800719c <mpsc_pbuf_init>:
{
 800719c:	b508      	push	{r3, lr}
	memset(buffer, 0, offsetof(struct mpsc_pbuf_buffer, buf));
 800719e:	2300      	movs	r3, #0
 80071a0:	6003      	str	r3, [r0, #0]
 80071a2:	6043      	str	r3, [r0, #4]
 80071a4:	6083      	str	r3, [r0, #8]
 80071a6:	60c3      	str	r3, [r0, #12]
 80071a8:	6103      	str	r3, [r0, #16]
 80071aa:	6143      	str	r3, [r0, #20]
 80071ac:	6183      	str	r3, [r0, #24]
	buffer->get_wlen = cfg->get_wlen;
 80071ae:	68ca      	ldr	r2, [r1, #12]
 80071b0:	6182      	str	r2, [r0, #24]
	buffer->notify_drop = cfg->notify_drop;
 80071b2:	688a      	ldr	r2, [r1, #8]
 80071b4:	6142      	str	r2, [r0, #20]
	buffer->buf = cfg->buf;
 80071b6:	680a      	ldr	r2, [r1, #0]
 80071b8:	61c2      	str	r2, [r0, #28]
	buffer->size = cfg->size;
 80071ba:	684a      	ldr	r2, [r1, #4]
 80071bc:	6202      	str	r2, [r0, #32]
	buffer->max_usage = 0;
 80071be:	6243      	str	r3, [r0, #36]	@ 0x24
	buffer->flags = cfg->flags;
 80071c0:	690b      	ldr	r3, [r1, #16]
 80071c2:	6103      	str	r3, [r0, #16]
	return IS_POWER_OF_TWO(x);
 80071c4:	b12a      	cbz	r2, 80071d2 <mpsc_pbuf_init+0x36>
 80071c6:	1e51      	subs	r1, r2, #1
 80071c8:	420a      	tst	r2, r1
 80071ca:	d102      	bne.n	80071d2 <mpsc_pbuf_init+0x36>
		buffer->flags |= MPSC_PBUF_SIZE_POW2;
 80071cc:	f043 0301 	orr.w	r3, r3, #1
 80071d0:	6103      	str	r3, [r0, #16]
		err = k_sem_init(&buffer->sem, 0, 1);
 80071d2:	3028      	adds	r0, #40	@ 0x28
	return z_impl_k_sem_init(sem, initial_count, limit);
 80071d4:	2201      	movs	r2, #1
 80071d6:	2100      	movs	r1, #0
 80071d8:	f001 fd45 	bl	8008c66 <z_impl_k_sem_init>
}
 80071dc:	bd08      	pop	{r3, pc}

080071de <mpsc_pbuf_alloc>:
	} while (cont);
}

union mpsc_pbuf_generic *mpsc_pbuf_alloc(struct mpsc_pbuf_buffer *buffer,
					 size_t wlen, k_timeout_t timeout)
{
 80071de:	e92d 4ff0 	stmdb	sp!, {r4, r5, r6, r7, r8, r9, sl, fp, lr}
 80071e2:	b087      	sub	sp, #28
 80071e4:	469a      	mov	sl, r3
	union mpsc_pbuf_generic *item = NULL;
	union mpsc_pbuf_generic *dropped_item = NULL;
 80071e6:	2300      	movs	r3, #0
 80071e8:	9305      	str	r3, [sp, #20]
	bool cont = true;
	uint32_t free_wlen;
	uint32_t tmp_wr_idx_shift = 0;
 80071ea:	9303      	str	r3, [sp, #12]
	uint32_t tmp_wr_idx_val = 0;

	MPSC_PBUF_DBG(buffer, "alloc %d words", (int)wlen);

	if (wlen > (buffer->size)) {
 80071ec:	6a03      	ldr	r3, [r0, #32]
 80071ee:	428b      	cmp	r3, r1
 80071f0:	f0c0 8089 	bcc.w	8007306 <mpsc_pbuf_alloc+0x128>
 80071f4:	4604      	mov	r4, r0
 80071f6:	4689      	mov	r9, r1
 80071f8:	4693      	mov	fp, r2
	uint32_t tmp_wr_idx_val = 0;
 80071fa:	2300      	movs	r3, #0
 80071fc:	9301      	str	r3, [sp, #4]
	bool cont = true;
 80071fe:	2601      	movs	r6, #1
	union mpsc_pbuf_generic *item = NULL;
 8007200:	9300      	str	r3, [sp, #0]
 8007202:	e041      	b.n	8007288 <mpsc_pbuf_alloc+0xaa>
		k_spinlock_key_t key;
		bool wrap;

		key = k_spin_lock(&buffer->lock);
		if (tmp_wr_idx_shift) {
			post_drop_action(buffer, tmp_wr_idx_val, tmp_wr_idx_shift);
 8007204:	9901      	ldr	r1, [sp, #4]
 8007206:	4620      	mov	r0, r4
 8007208:	f7ff ff97 	bl	800713a <post_drop_action>
			tmp_wr_idx_shift = 0;
 800720c:	2300      	movs	r3, #0
 800720e:	9303      	str	r3, [sp, #12]
 8007210:	e045      	b.n	800729e <mpsc_pbuf_alloc+0xc0>

		wrap = free_space(buffer, &free_wlen);

		if (free_wlen >= wlen) {
			item =
			    (union mpsc_pbuf_generic *)&buffer->buf[buffer->tmp_wr_idx];
 8007212:	69e3      	ldr	r3, [r4, #28]
 8007214:	6822      	ldr	r2, [r4, #0]
			item =
 8007216:	eb03 0182 	add.w	r1, r3, r2, lsl #2
 800721a:	9100      	str	r1, [sp, #0]
			item->hdr.valid = 0;
 800721c:	f813 1022 	ldrb.w	r1, [r3, r2, lsl #2]
 8007220:	f021 0101 	bic.w	r1, r1, #1
 8007224:	f803 1022 	strb.w	r1, [r3, r2, lsl #2]
			item->hdr.busy = 0;
 8007228:	b2c9      	uxtb	r1, r1
 800722a:	f021 0102 	bic.w	r1, r1, #2
 800722e:	f803 1022 	strb.w	r1, [r3, r2, lsl #2]
	buffer->tmp_wr_idx = idx_inc(buffer, buffer->tmp_wr_idx, wlen);
 8007232:	6823      	ldr	r3, [r4, #0]
	uint32_t i = idx + val;
 8007234:	444b      	add	r3, r9
	if (buffer->flags & MPSC_PBUF_SIZE_POW2) {
 8007236:	6922      	ldr	r2, [r4, #16]
 8007238:	f012 0f01 	tst.w	r2, #1
 800723c:	d104      	bne.n	8007248 <mpsc_pbuf_alloc+0x6a>
	return (i >= buffer->size) ? i - buffer->size : i;
 800723e:	6a21      	ldr	r1, [r4, #32]
 8007240:	428b      	cmp	r3, r1
 8007242:	d304      	bcc.n	800724e <mpsc_pbuf_alloc+0x70>
 8007244:	1a5b      	subs	r3, r3, r1
 8007246:	e002      	b.n	800724e <mpsc_pbuf_alloc+0x70>
		return i & (buffer->size - 1);
 8007248:	6a21      	ldr	r1, [r4, #32]
 800724a:	3901      	subs	r1, #1
 800724c:	400b      	ands	r3, r1
	buffer->tmp_wr_idx = idx_inc(buffer, buffer->tmp_wr_idx, wlen);
 800724e:	6023      	str	r3, [r4, #0]
	if (buffer->tmp_wr_idx == buffer->rd_idx) {
 8007250:	68e1      	ldr	r1, [r4, #12]
 8007252:	428b      	cmp	r3, r1
 8007254:	d001      	beq.n	800725a <mpsc_pbuf_alloc+0x7c>
			tmp_wr_idx_inc(buffer, wlen);
			cont = false;
 8007256:	2600      	movs	r6, #0
 8007258:	e008      	b.n	800726c <mpsc_pbuf_alloc+0x8e>
		buffer->flags |= MPSC_PBUF_FULL;
 800725a:	f042 0208 	orr.w	r2, r2, #8
 800725e:	6122      	str	r2, [r4, #16]
			cont = false;
 8007260:	2600      	movs	r6, #0
 8007262:	e003      	b.n	800726c <mpsc_pbuf_alloc+0x8e>
		} else if (wrap) {
			add_skip_item(buffer, free_wlen);
 8007264:	4620      	mov	r0, r4
 8007266:	f7ff fe9e 	bl	8006fa6 <add_skip_item>
			cont = true;
 800726a:	462e      	mov	r6, r5
 800726c:	f388 8811 	msr	BASEPRI, r8
 8007270:	f3bf 8f6f 	isb	sy
			cont = drop_item_locked(buffer, free_wlen,
						&dropped_item, &tmp_wr_idx_shift);
		}
		k_spin_unlock(&buffer->lock, key);

		if (dropped_item) {
 8007274:	9905      	ldr	r1, [sp, #20]
 8007276:	b129      	cbz	r1, 8007284 <mpsc_pbuf_alloc+0xa6>
			/* Notify about item being dropped. */
			if (buffer->notify_drop) {
 8007278:	6963      	ldr	r3, [r4, #20]
 800727a:	b10b      	cbz	r3, 8007280 <mpsc_pbuf_alloc+0xa2>
				buffer->notify_drop(buffer, dropped_item);
 800727c:	4620      	mov	r0, r4
 800727e:	4798      	blx	r3
			}
			dropped_item = NULL;
 8007280:	2300      	movs	r3, #0
 8007282:	9305      	str	r3, [sp, #20]
		}
	} while (cont);
 8007284:	2e00      	cmp	r6, #0
 8007286:	d040      	beq.n	800730a <mpsc_pbuf_alloc+0x12c>
  __ASM volatile ("MRS %0, basepri" : "=r" (result) );
 8007288:	f3ef 8711 	mrs	r7, BASEPRI
  __ASM volatile ("MSR basepri_max, %0" : : "r" (basePri) : "memory");
 800728c:	2310      	movs	r3, #16
 800728e:	f383 8812 	msr	BASEPRI_MAX, r3
 8007292:	f3bf 8f6f 	isb	sy
 8007296:	46b8      	mov	r8, r7
		if (tmp_wr_idx_shift) {
 8007298:	9a03      	ldr	r2, [sp, #12]
 800729a:	2a00      	cmp	r2, #0
 800729c:	d1b2      	bne.n	8007204 <mpsc_pbuf_alloc+0x26>
		wrap = free_space(buffer, &free_wlen);
 800729e:	a904      	add	r1, sp, #16
 80072a0:	4620      	mov	r0, r4
 80072a2:	f7ff fe26 	bl	8006ef2 <free_space>
 80072a6:	4605      	mov	r5, r0
		if (free_wlen >= wlen) {
 80072a8:	9904      	ldr	r1, [sp, #16]
 80072aa:	4549      	cmp	r1, r9
 80072ac:	d2b1      	bcs.n	8007212 <mpsc_pbuf_alloc+0x34>
		} else if (wrap) {
 80072ae:	2800      	cmp	r0, #0
 80072b0:	d1d8      	bne.n	8007264 <mpsc_pbuf_alloc+0x86>
		} else if (IS_ENABLED(CONFIG_MULTITHREADING) && !K_TIMEOUT_EQ(timeout, K_NO_WAIT) &&
 80072b2:	ea5a 030b 	orrs.w	r3, sl, fp
 80072b6:	d10b      	bne.n	80072d0 <mpsc_pbuf_alloc+0xf2>
		} else if (cont) {
 80072b8:	2e00      	cmp	r6, #0
 80072ba:	d0d7      	beq.n	800726c <mpsc_pbuf_alloc+0x8e>
			tmp_wr_idx_val = buffer->tmp_wr_idx;
 80072bc:	6823      	ldr	r3, [r4, #0]
 80072be:	9301      	str	r3, [sp, #4]
			cont = drop_item_locked(buffer, free_wlen,
 80072c0:	ab03      	add	r3, sp, #12
 80072c2:	aa05      	add	r2, sp, #20
 80072c4:	9904      	ldr	r1, [sp, #16]
 80072c6:	4620      	mov	r0, r4
 80072c8:	f7ff fea0 	bl	800700c <drop_item_locked>
 80072cc:	4606      	mov	r6, r0
 80072ce:	e7cd      	b.n	800726c <mpsc_pbuf_alloc+0x8e>
			   !k_is_in_isr() && arch_irq_unlocked(key.key)) {
 80072d0:	f001 fcfe 	bl	8008cd0 <k_is_in_isr>
		} else if (IS_ENABLED(CONFIG_MULTITHREADING) && !K_TIMEOUT_EQ(timeout, K_NO_WAIT) &&
 80072d4:	2800      	cmp	r0, #0
 80072d6:	d1ef      	bne.n	80072b8 <mpsc_pbuf_alloc+0xda>
			   !k_is_in_isr() && arch_irq_unlocked(key.key)) {
 80072d8:	2f00      	cmp	r7, #0
 80072da:	d1ed      	bne.n	80072b8 <mpsc_pbuf_alloc+0xda>
  __ASM volatile ("MSR basepri, %0" : : "r" (basePri) : "memory");
 80072dc:	f387 8811 	msr	BASEPRI, r7
 80072e0:	f3bf 8f6f 	isb	sy
			err = k_sem_take(&buffer->sem, timeout);
 80072e4:	f104 0028 	add.w	r0, r4, #40	@ 0x28
	return z_impl_k_sem_take(sem, timeout);
 80072e8:	465a      	mov	r2, fp
 80072ea:	4653      	mov	r3, sl
 80072ec:	f7fd ff56 	bl	800519c <z_impl_k_sem_take>
  __ASM volatile ("MRS %0, basepri" : "=r" (result) );
 80072f0:	f3ef 8811 	mrs	r8, BASEPRI
  __ASM volatile ("MSR basepri_max, %0" : : "r" (basePri) : "memory");
 80072f4:	2310      	movs	r3, #16
 80072f6:	f383 8812 	msr	BASEPRI_MAX, r3
 80072fa:	f3bf 8f6f 	isb	sy
			cont = (err == 0) ? true : false;
 80072fe:	fab0 f680 	clz	r6, r0
 8007302:	0976      	lsrs	r6, r6, #5
			   !k_is_in_isr() && arch_irq_unlocked(key.key)) {
 8007304:	e7b2      	b.n	800726c <mpsc_pbuf_alloc+0x8e>
		return NULL;
 8007306:	2300      	movs	r3, #0
 8007308:	9300      	str	r3, [sp, #0]
		/* During test fill with 0's to simplify message comparison */
		memset(item, 0, sizeof(int) * wlen);
	}

	return item;
}
 800730a:	9800      	ldr	r0, [sp, #0]
 800730c:	b007      	add	sp, #28
 800730e:	e8bd 8ff0 	ldmia.w	sp!, {r4, r5, r6, r7, r8, r9, sl, fp, pc}

08007312 <mpsc_pbuf_commit>:

void mpsc_pbuf_commit(struct mpsc_pbuf_buffer *buffer,
		       union mpsc_pbuf_generic *item)
{
 8007312:	b570      	push	{r4, r5, r6, lr}
 8007314:	4604      	mov	r4, r0
 8007316:	460d      	mov	r5, r1
	uint32_t wlen = buffer->get_wlen(item);
 8007318:	6983      	ldr	r3, [r0, #24]
 800731a:	4608      	mov	r0, r1
 800731c:	4798      	blx	r3
  __ASM volatile ("MRS %0, basepri" : "=r" (result) );
 800731e:	f3ef 8611 	mrs	r6, BASEPRI
  __ASM volatile ("MSR basepri_max, %0" : : "r" (basePri) : "memory");
 8007322:	2310      	movs	r3, #16
 8007324:	f383 8812 	msr	BASEPRI_MAX, r3
 8007328:	f3bf 8f6f 	isb	sy

	k_spinlock_key_t key = k_spin_lock(&buffer->lock);

	item->hdr.valid = 1;
 800732c:	782b      	ldrb	r3, [r5, #0]
 800732e:	f043 0301 	orr.w	r3, r3, #1
 8007332:	702b      	strb	r3, [r5, #0]
	buffer->wr_idx = idx_inc(buffer, buffer->wr_idx, wlen);
 8007334:	6863      	ldr	r3, [r4, #4]
	uint32_t i = idx + val;
 8007336:	4418      	add	r0, r3
	if (buffer->flags & MPSC_PBUF_SIZE_POW2) {
 8007338:	6923      	ldr	r3, [r4, #16]
 800733a:	f013 0f01 	tst.w	r3, #1
 800733e:	d104      	bne.n	800734a <mpsc_pbuf_commit+0x38>
	return (i >= buffer->size) ? i - buffer->size : i;
 8007340:	6a23      	ldr	r3, [r4, #32]
 8007342:	4298      	cmp	r0, r3
 8007344:	d304      	bcc.n	8007350 <mpsc_pbuf_commit+0x3e>
 8007346:	1ac0      	subs	r0, r0, r3
 8007348:	e002      	b.n	8007350 <mpsc_pbuf_commit+0x3e>
		return i & (buffer->size - 1);
 800734a:	6a23      	ldr	r3, [r4, #32]
 800734c:	3b01      	subs	r3, #1
 800734e:	4018      	ands	r0, r3
	buffer->wr_idx = idx_inc(buffer, buffer->wr_idx, wlen);
 8007350:	6060      	str	r0, [r4, #4]
	max_utilization_update(buffer);
 8007352:	4620      	mov	r0, r4
 8007354:	f7ff fe05 	bl	8006f62 <max_utilization_update>
  __ASM volatile ("MSR basepri, %0" : : "r" (basePri) : "memory");
 8007358:	f386 8811 	msr	BASEPRI, r6
 800735c:	f3bf 8f6f 	isb	sy
	k_spin_unlock(&buffer->lock, key);
	MPSC_PBUF_DBG(buffer, "committed %p", item);
}
 8007360:	bd70      	pop	{r4, r5, r6, pc}

08007362 <mpsc_pbuf_claim>:
		}
	} while (cont);
}

const union mpsc_pbuf_generic *mpsc_pbuf_claim(struct mpsc_pbuf_buffer *buffer)
{
 8007362:	e92d 41f0 	stmdb	sp!, {r4, r5, r6, r7, r8, lr}
 8007366:	b082      	sub	sp, #8
 8007368:	4604      	mov	r4, r0
	union mpsc_pbuf_generic *item;
	bool cont;
	bool need_post = false;
 800736a:	2700      	movs	r7, #0
 800736c:	e030      	b.n	80073d0 <mpsc_pbuf_claim+0x6e>
		return item->skip.len;
 800736e:	f853 1022 	ldr.w	r1, [r3, r2, lsl #2]
			MPSC_PBUF_DBG(buffer, "invalid claim %d: %p", a, item);
			item = NULL;
		} else {
			uint32_t skip = get_skip(item);

			if (skip || !is_valid(item)) {
 8007372:	0889      	lsrs	r1, r1, #2
 8007374:	d150      	bne.n	8007418 <mpsc_pbuf_claim+0xb6>
 8007376:	e045      	b.n	8007404 <mpsc_pbuf_claim+0xa2>
		return i & (buffer->size - 1);
 8007378:	6a22      	ldr	r2, [r4, #32]
 800737a:	3a01      	subs	r2, #1
 800737c:	4013      	ands	r3, r2
				uint32_t inc =
					skip ? skip : buffer->get_wlen(item);

				buffer->tmp_rd_idx =
 800737e:	60a3      	str	r3, [r4, #8]
				      idx_inc(buffer, buffer->tmp_rd_idx, inc);
				rd_idx_inc(buffer, inc);
 8007380:	4620      	mov	r0, r4
 8007382:	f7ff fdfd 	bl	8006f80 <rd_idx_inc>
				cont = true;
				need_post = true;
 8007386:	2701      	movs	r7, #1
				cont = true;
 8007388:	463b      	mov	r3, r7
			if (skip || !is_valid(item)) {
 800738a:	e01c      	b.n	80073c6 <mpsc_pbuf_claim+0x64>
			} else {
				item->hdr.busy = 1;
 800738c:	f813 1022 	ldrb.w	r1, [r3, r2, lsl #2]
 8007390:	f041 0102 	orr.w	r1, r1, #2
 8007394:	f803 1022 	strb.w	r1, [r3, r2, lsl #2]
				buffer->tmp_rd_idx =
					idx_inc(buffer, buffer->tmp_rd_idx,
 8007398:	f8d4 8008 	ldr.w	r8, [r4, #8]
						buffer->get_wlen(item));
 800739c:	69a3      	ldr	r3, [r4, #24]
 800739e:	4628      	mov	r0, r5
 80073a0:	4798      	blx	r3
	uint32_t i = idx + val;
 80073a2:	4440      	add	r0, r8
	if (buffer->flags & MPSC_PBUF_SIZE_POW2) {
 80073a4:	6923      	ldr	r3, [r4, #16]
 80073a6:	f013 0f01 	tst.w	r3, #1
 80073aa:	d104      	bne.n	80073b6 <mpsc_pbuf_claim+0x54>
	return (i >= buffer->size) ? i - buffer->size : i;
 80073ac:	6a23      	ldr	r3, [r4, #32]
 80073ae:	4298      	cmp	r0, r3
 80073b0:	d304      	bcc.n	80073bc <mpsc_pbuf_claim+0x5a>
 80073b2:	1ac0      	subs	r0, r0, r3
 80073b4:	e002      	b.n	80073bc <mpsc_pbuf_claim+0x5a>
		return i & (buffer->size - 1);
 80073b6:	6a23      	ldr	r3, [r4, #32]
 80073b8:	3b01      	subs	r3, #1
 80073ba:	4018      	ands	r0, r3
				buffer->tmp_rd_idx =
 80073bc:	60a0      	str	r0, [r4, #8]
		cont = false;
 80073be:	2300      	movs	r3, #0
 80073c0:	e001      	b.n	80073c6 <mpsc_pbuf_claim+0x64>
 80073c2:	2300      	movs	r3, #0
			item = NULL;
 80073c4:	461d      	mov	r5, r3
 80073c6:	f386 8811 	msr	BASEPRI, r6
 80073ca:	f3bf 8f6f 	isb	sy

		if (!cont) {
			MPSC_PBUF_DBG(buffer, ">>claimed %d: %p", a, item);
		}
		k_spin_unlock(&buffer->lock, key);
	} while (cont);
 80073ce:	b38b      	cbz	r3, 8007434 <mpsc_pbuf_claim+0xd2>
  __ASM volatile ("MRS %0, basepri" : "=r" (result) );
 80073d0:	f3ef 8611 	mrs	r6, BASEPRI
  __ASM volatile ("MSR basepri_max, %0" : : "r" (basePri) : "memory");
 80073d4:	2310      	movs	r3, #16
 80073d6:	f383 8812 	msr	BASEPRI_MAX, r3
 80073da:	f3bf 8f6f 	isb	sy
		(void)available(buffer, &a);
 80073de:	a901      	add	r1, sp, #4
 80073e0:	4620      	mov	r0, r4
 80073e2:	f7ff fd9a 	bl	8006f1a <available>
			&buffer->buf[buffer->tmp_rd_idx];
 80073e6:	69e3      	ldr	r3, [r4, #28]
 80073e8:	68a2      	ldr	r2, [r4, #8]
		item = (union mpsc_pbuf_generic *)
 80073ea:	eb03 0582 	add.w	r5, r3, r2, lsl #2
		if (!a || is_invalid(item)) {
 80073ee:	9901      	ldr	r1, [sp, #4]
 80073f0:	2900      	cmp	r1, #0
 80073f2:	d0e6      	beq.n	80073c2 <mpsc_pbuf_claim+0x60>
	return !item->hdr.valid && !item->hdr.busy;
 80073f4:	f813 1022 	ldrb.w	r1, [r3, r2, lsl #2]
		if (!a || is_invalid(item)) {
 80073f8:	f011 0103 	ands.w	r1, r1, #3
 80073fc:	d017      	beq.n	800742e <mpsc_pbuf_claim+0xcc>
	if (item->hdr.busy && !item->hdr.valid) {
 80073fe:	2902      	cmp	r1, #2
 8007400:	d0b5      	beq.n	800736e <mpsc_pbuf_claim+0xc>
	return 0;
 8007402:	2100      	movs	r1, #0
	return item->hdr.valid;
 8007404:	f813 0022 	ldrb.w	r0, [r3, r2, lsl #2]
			if (skip || !is_valid(item)) {
 8007408:	f010 0f01 	tst.w	r0, #1
 800740c:	d1be      	bne.n	800738c <mpsc_pbuf_claim+0x2a>
					skip ? skip : buffer->get_wlen(item);
 800740e:	b919      	cbnz	r1, 8007418 <mpsc_pbuf_claim+0xb6>
 8007410:	69a3      	ldr	r3, [r4, #24]
 8007412:	4628      	mov	r0, r5
 8007414:	4798      	blx	r3
 8007416:	4601      	mov	r1, r0
				      idx_inc(buffer, buffer->tmp_rd_idx, inc);
 8007418:	68a3      	ldr	r3, [r4, #8]
	uint32_t i = idx + val;
 800741a:	440b      	add	r3, r1
	if (buffer->flags & MPSC_PBUF_SIZE_POW2) {
 800741c:	6922      	ldr	r2, [r4, #16]
 800741e:	f012 0f01 	tst.w	r2, #1
 8007422:	d1a9      	bne.n	8007378 <mpsc_pbuf_claim+0x16>
	return (i >= buffer->size) ? i - buffer->size : i;
 8007424:	6a22      	ldr	r2, [r4, #32]
 8007426:	4293      	cmp	r3, r2
 8007428:	d3a9      	bcc.n	800737e <mpsc_pbuf_claim+0x1c>
 800742a:	1a9b      	subs	r3, r3, r2
 800742c:	e7a7      	b.n	800737e <mpsc_pbuf_claim+0x1c>
		cont = false;
 800742e:	2300      	movs	r3, #0
			item = NULL;
 8007430:	461d      	mov	r5, r3
 8007432:	e7c8      	b.n	80073c6 <mpsc_pbuf_claim+0x64>

	if (IS_ENABLED(CONFIG_MULTITHREADING) && need_post && item == NULL) {
 8007434:	b107      	cbz	r7, 8007438 <mpsc_pbuf_claim+0xd6>
 8007436:	b11d      	cbz	r5, 8007440 <mpsc_pbuf_claim+0xde>
		k_sem_give(&buffer->sem);
	}

	return item;
}
 8007438:	4628      	mov	r0, r5
 800743a:	b002      	add	sp, #8
 800743c:	e8bd 81f0 	ldmia.w	sp!, {r4, r5, r6, r7, r8, pc}
		k_sem_give(&buffer->sem);
 8007440:	f104 0028 	add.w	r0, r4, #40	@ 0x28
	z_impl_k_sem_give(sem);
 8007444:	f7fd fe74 	bl	8005130 <z_impl_k_sem_give>
	return item;
 8007448:	e7f6      	b.n	8007438 <mpsc_pbuf_claim+0xd6>

0800744a <mpsc_pbuf_free>:

void mpsc_pbuf_free(struct mpsc_pbuf_buffer *buffer,
		     const union mpsc_pbuf_generic *item)
{
 800744a:	b570      	push	{r4, r5, r6, lr}
 800744c:	4604      	mov	r4, r0
 800744e:	460d      	mov	r5, r1
	uint32_t wlen = buffer->get_wlen(item);
 8007450:	6983      	ldr	r3, [r0, #24]
 8007452:	4608      	mov	r0, r1
 8007454:	4798      	blx	r3
 8007456:	4601      	mov	r1, r0
  __ASM volatile ("MRS %0, basepri" : "=r" (result) );
 8007458:	f3ef 8611 	mrs	r6, BASEPRI
  __ASM volatile ("MSR basepri_max, %0" : : "r" (basePri) : "memory");
 800745c:	2310      	movs	r3, #16
 800745e:	f383 8812 	msr	BASEPRI_MAX, r3
 8007462:	f3bf 8f6f 	isb	sy
	k_spinlock_key_t key = k_spin_lock(&buffer->lock);
	union mpsc_pbuf_generic *witem = (union mpsc_pbuf_generic *)item;

	witem->hdr.valid = 0;
 8007466:	782b      	ldrb	r3, [r5, #0]
 8007468:	f023 0301 	bic.w	r3, r3, #1
 800746c:	702b      	strb	r3, [r5, #0]
	if (!(buffer->flags & MPSC_PBUF_MODE_OVERWRITE) ||
 800746e:	6923      	ldr	r3, [r4, #16]
 8007470:	f013 0f02 	tst.w	r3, #2
 8007474:	d00a      	beq.n	800748c <mpsc_pbuf_free+0x42>
		 ((uint32_t *)item == &buffer->buf[buffer->rd_idx])) {
 8007476:	69e3      	ldr	r3, [r4, #28]
 8007478:	68e2      	ldr	r2, [r4, #12]
 800747a:	eb03 0382 	add.w	r3, r3, r2, lsl #2
	if (!(buffer->flags & MPSC_PBUF_MODE_OVERWRITE) ||
 800747e:	42ab      	cmp	r3, r5
 8007480:	d004      	beq.n	800748c <mpsc_pbuf_free+0x42>
			buffer->tmp_rd_idx = idx_inc(buffer, buffer->tmp_rd_idx, wlen);
		}
		rd_idx_inc(buffer, wlen);
	} else {
		MPSC_PBUF_DBG(buffer, "Allocation occurred during claim");
		witem->skip.len = wlen;
 8007482:	682b      	ldr	r3, [r5, #0]
 8007484:	f360 039f 	bfi	r3, r0, #2, #30
 8007488:	602b      	str	r3, [r5, #0]
 800748a:	e00a      	b.n	80074a2 <mpsc_pbuf_free+0x58>
		witem->hdr.busy = 0;
 800748c:	782b      	ldrb	r3, [r5, #0]
 800748e:	f023 0302 	bic.w	r3, r3, #2
 8007492:	702b      	strb	r3, [r5, #0]
		if (buffer->rd_idx == buffer->tmp_rd_idx) {
 8007494:	68e2      	ldr	r2, [r4, #12]
 8007496:	68a3      	ldr	r3, [r4, #8]
 8007498:	429a      	cmp	r2, r3
 800749a:	d00b      	beq.n	80074b4 <mpsc_pbuf_free+0x6a>
		rd_idx_inc(buffer, wlen);
 800749c:	4620      	mov	r0, r4
 800749e:	f7ff fd6f 	bl	8006f80 <rd_idx_inc>
  __ASM volatile ("MSR basepri, %0" : : "r" (basePri) : "memory");
 80074a2:	f386 8811 	msr	BASEPRI, r6
 80074a6:	f3bf 8f6f 	isb	sy
	}
	MPSC_PBUF_DBG(buffer, "<<freed: %p", item);

	k_spin_unlock(&buffer->lock, key);
	if (IS_ENABLED(CONFIG_MULTITHREADING)) {
		k_sem_give(&buffer->sem);
 80074aa:	f104 0028 	add.w	r0, r4, #40	@ 0x28
 80074ae:	f7fd fe3f 	bl	8005130 <z_impl_k_sem_give>
	}
}
 80074b2:	bd70      	pop	{r4, r5, r6, pc}
	uint32_t i = idx + val;
 80074b4:	440b      	add	r3, r1
	if (buffer->flags & MPSC_PBUF_SIZE_POW2) {
 80074b6:	6922      	ldr	r2, [r4, #16]
 80074b8:	f012 0f01 	tst.w	r2, #1
 80074bc:	d104      	bne.n	80074c8 <mpsc_pbuf_free+0x7e>
	return (i >= buffer->size) ? i - buffer->size : i;
 80074be:	6a22      	ldr	r2, [r4, #32]
 80074c0:	4293      	cmp	r3, r2
 80074c2:	d304      	bcc.n	80074ce <mpsc_pbuf_free+0x84>
 80074c4:	1a9b      	subs	r3, r3, r2
 80074c6:	e002      	b.n	80074ce <mpsc_pbuf_free+0x84>
		return i & (buffer->size - 1);
 80074c8:	6a22      	ldr	r2, [r4, #32]
 80074ca:	3a01      	subs	r2, #1
 80074cc:	4013      	ands	r3, r2
			buffer->tmp_rd_idx = idx_inc(buffer, buffer->tmp_rd_idx, wlen);
 80074ce:	60a3      	str	r3, [r4, #8]
 80074d0:	e7e4      	b.n	800749c <mpsc_pbuf_free+0x52>

080074d2 <mpsc_pbuf_is_pending>:

bool mpsc_pbuf_is_pending(struct mpsc_pbuf_buffer *buffer)
{
 80074d2:	b510      	push	{r4, lr}
 80074d4:	b082      	sub	sp, #8
  __ASM volatile ("MRS %0, basepri" : "=r" (result) );
 80074d6:	f3ef 8411 	mrs	r4, BASEPRI
  __ASM volatile ("MSR basepri_max, %0" : : "r" (basePri) : "memory");
 80074da:	2310      	movs	r3, #16
 80074dc:	f383 8812 	msr	BASEPRI_MAX, r3
 80074e0:	f3bf 8f6f 	isb	sy
	uint32_t a;
	k_spinlock_key_t key = k_spin_lock(&buffer->lock);

	(void)available(buffer, &a);
 80074e4:	a901      	add	r1, sp, #4
 80074e6:	f7ff fd18 	bl	8006f1a <available>
  __ASM volatile ("MSR basepri, %0" : : "r" (basePri) : "memory");
 80074ea:	f384 8811 	msr	BASEPRI, r4
 80074ee:	f3bf 8f6f 	isb	sy
	k_spin_unlock(&buffer->lock, key);

	return a ? true : false;
 80074f2:	9801      	ldr	r0, [sp, #4]
}
 80074f4:	3800      	subs	r0, #0
 80074f6:	bf18      	it	ne
 80074f8:	2001      	movne	r0, #1
 80074fa:	b002      	add	sp, #8
 80074fc:	bd10      	pop	{r4, pc}

080074fe <_ConfigAbsSyms>:
GEN_ABSOLUTE_SYM_KCONFIG(CONFIG_WARN_DEPRECATED, 1);
GEN_ABSOLUTE_SYM_KCONFIG(CONFIG_TAINT, 1);
GEN_ABSOLUTE_SYM_KCONFIG(CONFIG_ENFORCE_ZEPHYR_STDINT, 1);
GEN_ABSOLUTE_SYM_KCONFIG(CONFIG_LEGACY_GENERATED_INCLUDE_PATH, 1);

GEN_ABS_SYM_END
 80074fe:	4770      	bx	lr

08007500 <pm_device_driver_init>:
	ARG_UNUSED(dev);
	return true;
}

static inline int pm_device_driver_init(const struct device *dev, pm_device_action_cb_t action_cb)
{
 8007500:	b538      	push	{r3, r4, r5, lr}
 8007502:	4605      	mov	r5, r0
 8007504:	460c      	mov	r4, r1
	int rc;

	/* When power management is not enabled, all drivers should initialise to active state */
	rc = action_cb(dev, PM_DEVICE_ACTION_TURN_ON);
 8007506:	2103      	movs	r1, #3
 8007508:	47a0      	blx	r4
	if ((rc < 0) && (rc != -ENOTSUP)) {
 800750a:	2800      	cmp	r0, #0
 800750c:	db06      	blt.n	800751c <pm_device_driver_init+0x1c>
		return rc;
	}

	rc = action_cb(dev, PM_DEVICE_ACTION_RESUME);
 800750e:	2101      	movs	r1, #1
 8007510:	4628      	mov	r0, r5
 8007512:	47a0      	blx	r4
	if (rc < 0) {
 8007514:	2800      	cmp	r0, #0
 8007516:	db00      	blt.n	800751a <pm_device_driver_init+0x1a>
		return rc;
	}

	return 0;
 8007518:	2000      	movs	r0, #0
}
 800751a:	bd38      	pop	{r3, r4, r5, pc}
	if ((rc < 0) && (rc != -ENOTSUP)) {
 800751c:	f110 0f86 	cmn.w	r0, #134	@ 0x86
 8007520:	d1fb      	bne.n	800751a <pm_device_driver_init+0x1a>
 8007522:	e7f4      	b.n	800750e <pm_device_driver_init+0xe>

08007524 <LL_GPIO_SetPinSpeed>:
  *         @arg @ref LL_GPIO_SPEED_FREQ_HIGH
  *         @arg @ref LL_GPIO_SPEED_FREQ_VERY_HIGH
  * @retval None
  */
__STATIC_INLINE void LL_GPIO_SetPinSpeed(GPIO_TypeDef *GPIOx, uint32_t Pin, uint32_t  Speed)
{
 8007524:	b410      	push	{r4}
  MODIFY_REG(GPIOx->OSPEEDR, (GPIO_OSPEEDER_OSPEEDR0 << (POSITION_VAL(Pin) * 2U)),
 8007526:	6884      	ldr	r4, [r0, #8]
   __ASM ("rbit %0, %1" : "=r" (result) : "r" (value) );
 8007528:	fa91 f3a1 	rbit	r3, r1
  if (value == 0U)
 800752c:	b19b      	cbz	r3, 8007556 <LL_GPIO_SetPinSpeed+0x32>
  return __builtin_clz(value);
 800752e:	fab3 f383 	clz	r3, r3
 8007532:	005b      	lsls	r3, r3, #1
 8007534:	f04f 0c03 	mov.w	ip, #3
 8007538:	fa0c f303 	lsl.w	r3, ip, r3
 800753c:	ea24 0303 	bic.w	r3, r4, r3
   __ASM ("rbit %0, %1" : "=r" (result) : "r" (value) );
 8007540:	fa91 f1a1 	rbit	r1, r1
  if (value == 0U)
 8007544:	b149      	cbz	r1, 800755a <LL_GPIO_SetPinSpeed+0x36>
  return __builtin_clz(value);
 8007546:	fab1 f181 	clz	r1, r1
 800754a:	0049      	lsls	r1, r1, #1
 800754c:	408a      	lsls	r2, r1
 800754e:	4313      	orrs	r3, r2
 8007550:	6083      	str	r3, [r0, #8]
             (Speed << (POSITION_VAL(Pin) * 2U)));
}
 8007552:	bc10      	pop	{r4}
 8007554:	4770      	bx	lr
    return 32U;
 8007556:	2320      	movs	r3, #32
 8007558:	e7eb      	b.n	8007532 <LL_GPIO_SetPinSpeed+0xe>
 800755a:	2120      	movs	r1, #32
 800755c:	e7f5      	b.n	800754a <LL_GPIO_SetPinSpeed+0x26>

0800755e <LL_GPIO_SetPinPull>:
  *         @arg @ref LL_GPIO_PULL_UP
  *         @arg @ref LL_GPIO_PULL_DOWN
  * @retval None
  */
__STATIC_INLINE void LL_GPIO_SetPinPull(GPIO_TypeDef *GPIOx, uint32_t Pin, uint32_t Pull)
{
 800755e:	b410      	push	{r4}
  MODIFY_REG(GPIOx->PUPDR, (GPIO_PUPDR_PUPDR0 << (POSITION_VAL(Pin) * 2U)), (Pull << (POSITION_VAL(Pin) * 2U)));
 8007560:	68c4      	ldr	r4, [r0, #12]
   __ASM ("rbit %0, %1" : "=r" (result) : "r" (value) );
 8007562:	fa91 f3a1 	rbit	r3, r1
  if (value == 0U)
 8007566:	b19b      	cbz	r3, 8007590 <LL_GPIO_SetPinPull+0x32>
  return __builtin_clz(value);
 8007568:	fab3 f383 	clz	r3, r3
 800756c:	005b      	lsls	r3, r3, #1
 800756e:	f04f 0c03 	mov.w	ip, #3
 8007572:	fa0c f303 	lsl.w	r3, ip, r3
 8007576:	ea24 0303 	bic.w	r3, r4, r3
   __ASM ("rbit %0, %1" : "=r" (result) : "r" (value) );
 800757a:	fa91 f1a1 	rbit	r1, r1
  if (value == 0U)
 800757e:	b149      	cbz	r1, 8007594 <LL_GPIO_SetPinPull+0x36>
  return __builtin_clz(value);
 8007580:	fab1 f181 	clz	r1, r1
 8007584:	0049      	lsls	r1, r1, #1
 8007586:	408a      	lsls	r2, r1
 8007588:	4313      	orrs	r3, r2
 800758a:	60c3      	str	r3, [r0, #12]
}
 800758c:	bc10      	pop	{r4}
 800758e:	4770      	bx	lr
    return 32U;
 8007590:	2320      	movs	r3, #32
 8007592:	e7eb      	b.n	800756c <LL_GPIO_SetPinPull+0xe>
 8007594:	2120      	movs	r1, #32
 8007596:	e7f5      	b.n	8007584 <LL_GPIO_SetPinPull+0x26>

08007598 <ll_gpio_set_pin_pull>:
{
 8007598:	b508      	push	{r3, lr}
	LL_GPIO_SetPinPull(GPIOx, Pin, Pull);
 800759a:	f7ff ffe0 	bl	800755e <LL_GPIO_SetPinPull>
}
 800759e:	bd08      	pop	{r3, pc}

080075a0 <LL_GPIO_SetAFPin_0_7>:
  *         @arg @ref LL_GPIO_AF_14
  *         @arg @ref LL_GPIO_AF_15
  * @retval None
  */
__STATIC_INLINE void LL_GPIO_SetAFPin_0_7(GPIO_TypeDef *GPIOx, uint32_t Pin, uint32_t Alternate)
{
 80075a0:	b410      	push	{r4}
  MODIFY_REG(GPIOx->AFR[0], (GPIO_AFRL_AFSEL0 << (POSITION_VAL(Pin) * 4U)),
 80075a2:	6a04      	ldr	r4, [r0, #32]
   __ASM ("rbit %0, %1" : "=r" (result) : "r" (value) );
 80075a4:	fa91 f3a1 	rbit	r3, r1
  if (value == 0U)
 80075a8:	b19b      	cbz	r3, 80075d2 <LL_GPIO_SetAFPin_0_7+0x32>
  return __builtin_clz(value);
 80075aa:	fab3 f383 	clz	r3, r3
 80075ae:	009b      	lsls	r3, r3, #2
 80075b0:	f04f 0c0f 	mov.w	ip, #15
 80075b4:	fa0c f303 	lsl.w	r3, ip, r3
 80075b8:	ea24 0303 	bic.w	r3, r4, r3
   __ASM ("rbit %0, %1" : "=r" (result) : "r" (value) );
 80075bc:	fa91 f1a1 	rbit	r1, r1
  if (value == 0U)
 80075c0:	b149      	cbz	r1, 80075d6 <LL_GPIO_SetAFPin_0_7+0x36>
  return __builtin_clz(value);
 80075c2:	fab1 f181 	clz	r1, r1
 80075c6:	0089      	lsls	r1, r1, #2
 80075c8:	408a      	lsls	r2, r1
 80075ca:	4313      	orrs	r3, r2
 80075cc:	6203      	str	r3, [r0, #32]
             (Alternate << (POSITION_VAL(Pin) * 4U)));
}
 80075ce:	bc10      	pop	{r4}
 80075d0:	4770      	bx	lr
    return 32U;
 80075d2:	2320      	movs	r3, #32
 80075d4:	e7eb      	b.n	80075ae <LL_GPIO_SetAFPin_0_7+0xe>
 80075d6:	2120      	movs	r1, #32
 80075d8:	e7f5      	b.n	80075c6 <LL_GPIO_SetAFPin_0_7+0x26>

080075da <LL_GPIO_SetAFPin_8_15>:
  *         @arg @ref LL_GPIO_AF_14
  *         @arg @ref LL_GPIO_AF_15
  * @retval None
  */
__STATIC_INLINE void LL_GPIO_SetAFPin_8_15(GPIO_TypeDef *GPIOx, uint32_t Pin, uint32_t Alternate)
{
 80075da:	b410      	push	{r4}
  MODIFY_REG(GPIOx->AFR[1], (GPIO_AFRH_AFSEL8 << (POSITION_VAL(Pin >> 8U) * 4U)),
 80075dc:	6a44      	ldr	r4, [r0, #36]	@ 0x24
 80075de:	0a09      	lsrs	r1, r1, #8
   __ASM ("rbit %0, %1" : "=r" (result) : "r" (value) );
 80075e0:	fa91 f3a1 	rbit	r3, r1
  if (value == 0U)
 80075e4:	b19b      	cbz	r3, 800760e <LL_GPIO_SetAFPin_8_15+0x34>
  return __builtin_clz(value);
 80075e6:	fab3 f383 	clz	r3, r3
 80075ea:	009b      	lsls	r3, r3, #2
 80075ec:	f04f 0c0f 	mov.w	ip, #15
 80075f0:	fa0c f303 	lsl.w	r3, ip, r3
 80075f4:	ea24 0403 	bic.w	r4, r4, r3
   __ASM ("rbit %0, %1" : "=r" (result) : "r" (value) );
 80075f8:	fa91 f1a1 	rbit	r1, r1
  if (value == 0U)
 80075fc:	b149      	cbz	r1, 8007612 <LL_GPIO_SetAFPin_8_15+0x38>
  return __builtin_clz(value);
 80075fe:	fab1 f181 	clz	r1, r1
 8007602:	0089      	lsls	r1, r1, #2
 8007604:	408a      	lsls	r2, r1
 8007606:	4314      	orrs	r4, r2
 8007608:	6244      	str	r4, [r0, #36]	@ 0x24
             (Alternate << (POSITION_VAL(Pin >> 8U) * 4U)));
}
 800760a:	bc10      	pop	{r4}
 800760c:	4770      	bx	lr
    return 32U;
 800760e:	2320      	movs	r3, #32
 8007610:	e7eb      	b.n	80075ea <LL_GPIO_SetAFPin_8_15+0x10>
 8007612:	2120      	movs	r1, #32
 8007614:	e7f5      	b.n	8007602 <LL_GPIO_SetAFPin_8_15+0x28>

08007616 <LL_GPIO_SetPinMode>:
{
 8007616:	b410      	push	{r4}
  MODIFY_REG(GPIOx->MODER, (GPIO_MODER_MODER0 << (POSITION_VAL(Pin) * 2U)), (Mode << (POSITION_VAL(Pin) * 2U)));
 8007618:	6804      	ldr	r4, [r0, #0]
   __ASM ("rbit %0, %1" : "=r" (result) : "r" (value) );
 800761a:	fa91 f3a1 	rbit	r3, r1
  if (value == 0U)
 800761e:	b19b      	cbz	r3, 8007648 <LL_GPIO_SetPinMode+0x32>
  return __builtin_clz(value);
 8007620:	fab3 f383 	clz	r3, r3
 8007624:	005b      	lsls	r3, r3, #1
 8007626:	f04f 0c03 	mov.w	ip, #3
 800762a:	fa0c f303 	lsl.w	r3, ip, r3
 800762e:	ea24 0303 	bic.w	r3, r4, r3
   __ASM ("rbit %0, %1" : "=r" (result) : "r" (value) );
 8007632:	fa91 f1a1 	rbit	r1, r1
  if (value == 0U)
 8007636:	b149      	cbz	r1, 800764c <LL_GPIO_SetPinMode+0x36>
  return __builtin_clz(value);
 8007638:	fab1 f181 	clz	r1, r1
 800763c:	0049      	lsls	r1, r1, #1
 800763e:	408a      	lsls	r2, r1
 8007640:	4313      	orrs	r3, r2
 8007642:	6003      	str	r3, [r0, #0]
}
 8007644:	bc10      	pop	{r4}
 8007646:	4770      	bx	lr
    return 32U;
 8007648:	2320      	movs	r3, #32
 800764a:	e7eb      	b.n	8007624 <LL_GPIO_SetPinMode+0xe>
 800764c:	2120      	movs	r1, #32
 800764e:	e7f5      	b.n	800763c <LL_GPIO_SetPinMode+0x26>

08007650 <stm32_gpioport_configure_pin>:
{
 8007650:	e92d 43f8 	stmdb	sp!, {r3, r4, r5, r6, r7, r8, r9, lr}
 8007654:	460f      	mov	r7, r1
 8007656:	4615      	mov	r5, r2
 8007658:	4698      	mov	r8, r3
	const struct gpio_stm32_config *dev_cfg = port->config;
 800765a:	6843      	ldr	r3, [r0, #4]
	GPIO_TypeDef *gpio = (GPIO_TypeDef *)dev_cfg->base;
 800765c:	685e      	ldr	r6, [r3, #4]
		pinval |= 1u << pinnum;
	} else {
		pinval |= (1u << (pinnum % 8)) | 0x04000000u;
	}
#else
	pinval = 1u << pinnum;
 800765e:	2401      	movs	r4, #1
 8007660:	408c      	lsls	r4, r1
	mode = config & (STM32_MODER_MASK << STM32_MODER_SHIFT);
 8007662:	f002 0930 	and.w	r9, r2, #48	@ 0x30
	LL_GPIO_SetPinOutputType(gpio, pin_ll, otype >> STM32_OTYPER_SHIFT);
 8007666:	f3c2 1380 	ubfx	r3, r2, #6, #1
  MODIFY_REG(GPIOx->OTYPER, PinMask, (PinMask * OutputType));
 800766a:	6870      	ldr	r0, [r6, #4]
 800766c:	ea20 0004 	bic.w	r0, r0, r4
 8007670:	408b      	lsls	r3, r1
 8007672:	4318      	orrs	r0, r3
 8007674:	6070      	str	r0, [r6, #4]
	LL_GPIO_SetPinSpeed(gpio, pin_ll, ospeed >> STM32_OSPEEDR_SHIFT);
 8007676:	f3c2 12c1 	ubfx	r2, r2, #7, #2
 800767a:	4621      	mov	r1, r4
 800767c:	4630      	mov	r0, r6
 800767e:	f7ff ff51 	bl	8007524 <LL_GPIO_SetPinSpeed>
	ll_gpio_set_pin_pull(gpio, pin_ll, pupd >> STM32_PUPDR_SHIFT);
 8007682:	f3c5 2241 	ubfx	r2, r5, #9, #2
 8007686:	4621      	mov	r1, r4
 8007688:	4630      	mov	r0, r6
 800768a:	f7ff ff85 	bl	8007598 <ll_gpio_set_pin_pull>
	if (mode == STM32_MODER_ALT_MODE) {
 800768e:	f1b9 0f20 	cmp.w	r9, #32
 8007692:	d008      	beq.n	80076a6 <stm32_gpioport_configure_pin+0x56>
	LL_GPIO_SetPinMode(gpio, pin_ll, mode >> STM32_MODER_SHIFT);
 8007694:	ea4f 1219 	mov.w	r2, r9, lsr #4
 8007698:	4621      	mov	r1, r4
 800769a:	4630      	mov	r0, r6
 800769c:	f7ff ffbb 	bl	8007616 <LL_GPIO_SetPinMode>
}
 80076a0:	2000      	movs	r0, #0
 80076a2:	e8bd 83f8 	ldmia.w	sp!, {r3, r4, r5, r6, r7, r8, r9, pc}
		if (pin < 8) {
 80076a6:	2f07      	cmp	r7, #7
 80076a8:	d805      	bhi.n	80076b6 <stm32_gpioport_configure_pin+0x66>
			LL_GPIO_SetAFPin_0_7(gpio, pin_ll, func);
 80076aa:	4642      	mov	r2, r8
 80076ac:	4621      	mov	r1, r4
 80076ae:	4630      	mov	r0, r6
 80076b0:	f7ff ff76 	bl	80075a0 <LL_GPIO_SetAFPin_0_7>
 80076b4:	e7ee      	b.n	8007694 <stm32_gpioport_configure_pin+0x44>
			LL_GPIO_SetAFPin_8_15(gpio, pin_ll, func);
 80076b6:	4642      	mov	r2, r8
 80076b8:	4621      	mov	r1, r4
 80076ba:	4630      	mov	r0, r6
 80076bc:	f7ff ff8d 	bl	80075da <LL_GPIO_SetAFPin_8_15>
 80076c0:	e7e8      	b.n	8007694 <stm32_gpioport_configure_pin+0x44>

080076c2 <log_msg_generic_get_wlen>:
	return msg->generic.type == Z_LOG_MSG_LOG;
 80076c2:	7803      	ldrb	r3, [r0, #0]
	if (z_log_item_is_msg(generic_msg)) {
 80076c4:	f013 0f04 	tst.w	r3, #4
 80076c8:	d001      	beq.n	80076ce <log_msg_generic_get_wlen+0xc>
	return 0;
 80076ca:	2000      	movs	r0, #0
}
 80076cc:	4770      	bx	lr
		return log_msg_get_total_wlen(msg->hdr.desc);
 80076ce:	6803      	ldr	r3, [r0, #0]
	return Z_LOG_MSG_ALIGNED_WLEN(desc.package_len, desc.data_len);
 80076d0:	f3c3 204a 	ubfx	r0, r3, #9, #11
 80076d4:	eb00 5013 	add.w	r0, r0, r3, lsr #20
 80076d8:	3017      	adds	r0, #23
 80076da:	f020 0007 	bic.w	r0, r0, #7
 80076de:	0880      	lsrs	r0, r0, #2
		return log_msg_get_total_wlen(msg->hdr.desc);
 80076e0:	4770      	bx	lr

080076e2 <log_backend_init>:
{
 80076e2:	b510      	push	{r4, lr}
 80076e4:	4604      	mov	r4, r0
	if (backend->api->init) {
 80076e6:	6803      	ldr	r3, [r0, #0]
 80076e8:	68db      	ldr	r3, [r3, #12]
 80076ea:	b103      	cbz	r3, 80076ee <log_backend_init+0xc>
		backend->api->init(backend);
 80076ec:	4798      	blx	r3
	backend->cb->initialized = true;
 80076ee:	6863      	ldr	r3, [r4, #4]
 80076f0:	2201      	movs	r2, #1
 80076f2:	719a      	strb	r2, [r3, #6]
}
 80076f4:	bd10      	pop	{r4, pc}

080076f6 <dummy_timestamp>:
}
 80076f6:	2000      	movs	r0, #0
 80076f8:	4770      	bx	lr

080076fa <msg_filter_check>:
}
 80076fa:	2001      	movs	r0, #1
 80076fc:	4770      	bx	lr

080076fe <k_msleep>:
{
 80076fe:	b508      	push	{r3, lr}
	return k_sleep(Z_TIMEOUT_MS(ms));
 8007700:	ea20 73e0 	bic.w	r3, r0, r0, asr #31
 8007704:	17d9      	asrs	r1, r3, #31
 8007706:	008a      	lsls	r2, r1, #2
 8007708:	ea42 7293 	orr.w	r2, r2, r3, lsr #30
 800770c:	0098      	lsls	r0, r3, #2
 800770e:	18c0      	adds	r0, r0, r3
 8007710:	eb41 0102 	adc.w	r1, r1, r2
 8007714:	1800      	adds	r0, r0, r0
 8007716:	4149      	adcs	r1, r1
	return z_impl_k_sleep(timeout);
 8007718:	f7fe f896 	bl	8005848 <z_impl_k_sleep>
}
 800771c:	bd08      	pop	{r3, pc}

0800771e <msg_alloc>:
{
 800771e:	b508      	push	{r3, lr}
	return (struct log_msg *)mpsc_pbuf_alloc(
 8007720:	2200      	movs	r2, #0
 8007722:	2300      	movs	r3, #0
 8007724:	f7ff fd5b 	bl	80071de <mpsc_pbuf_alloc>
}
 8007728:	bd08      	pop	{r3, pc}

0800772a <msg_free>:
{
 800772a:	b508      	push	{r3, lr}
	mpsc_pbuf_free(buffer, &msg->buf);
 800772c:	f7ff fe8d 	bl	800744a <mpsc_pbuf_free>
}
 8007730:	bd08      	pop	{r3, pc}

08007732 <msg_pending>:
{
 8007732:	b508      	push	{r3, lr}
	return mpsc_pbuf_is_pending(buffer);
 8007734:	f7ff fecd 	bl	80074d2 <mpsc_pbuf_is_pending>
}
 8007738:	bd08      	pop	{r3, pc}

0800773a <z_log_vprintk>:
{
 800773a:	b500      	push	{lr}
 800773c:	b085      	sub	sp, #20
	z_log_msg_runtime_vcreate(Z_LOG_LOCAL_DOMAIN_ID, NULL,
 800773e:	9103      	str	r1, [sp, #12]
 8007740:	9002      	str	r0, [sp, #8]
 8007742:	2000      	movs	r0, #0
 8007744:	9001      	str	r0, [sp, #4]
 8007746:	9000      	str	r0, [sp, #0]
 8007748:	4603      	mov	r3, r0
 800774a:	4602      	mov	r2, r0
 800774c:	4601      	mov	r1, r0
 800774e:	f7fa f933 	bl	80019b8 <z_log_msg_runtime_vcreate>
}
 8007752:	b005      	add	sp, #20
 8007754:	f85d fb04 	ldr.w	pc, [sp], #4

08007758 <z_log_notify_drop>:
 */
bool z_log_msg_pending(void);

static inline void z_log_notify_drop(const struct mpsc_pbuf_buffer *buffer,
				     const union mpsc_pbuf_generic *item)
{
 8007758:	b508      	push	{r3, lr}
	ARG_UNUSED(buffer);
	ARG_UNUSED(item);

	z_log_dropped(true);
 800775a:	2001      	movs	r0, #1
 800775c:	f7f9 fe72 	bl	8001444 <z_log_dropped>
}
 8007760:	bd08      	pop	{r3, pc}

08007762 <z_log_msg_claim>:
{
 8007762:	b508      	push	{r3, lr}
	return z_log_msg_local_claim();
 8007764:	f7f9 ff0e 	bl	8001584 <z_log_msg_local_claim>
}
 8007768:	bd08      	pop	{r3, pc}

0800776a <msg_commit>:
{
 800776a:	b508      	push	{r3, lr}
	mpsc_pbuf_commit(buffer, &m->buf);
 800776c:	f7ff fdd1 	bl	8007312 <mpsc_pbuf_commit>
	z_log_msg_post_finalize();
 8007770:	f7f9 ffb8 	bl	80016e4 <z_log_msg_post_finalize>
}
 8007774:	bd08      	pop	{r3, pc}

08007776 <z_log_get_tag>:
}
 8007776:	2000      	movs	r0, #0
 8007778:	4770      	bx	lr

0800777a <log_backend_enable>:
}

void log_backend_enable(struct log_backend const *const backend,
			void *ctx,
			uint32_t level)
{
 800777a:	b508      	push	{r3, lr}
	backend->cb->level = level;
 800777c:	6843      	ldr	r3, [r0, #4]
 800777e:	71da      	strb	r2, [r3, #7]
	backend->cb->ctx = ctx;
 8007780:	6843      	ldr	r3, [r0, #4]
 8007782:	6019      	str	r1, [r3, #0]
	backend->cb->active = true;
 8007784:	6843      	ldr	r3, [r0, #4]
 8007786:	2201      	movs	r2, #1
 8007788:	715a      	strb	r2, [r3, #5]
	backend_filter_set(backend, level);
	log_backend_activate(backend, ctx);

	z_log_notify_backend_enabled();
 800778a:	f7f9 fe4b 	bl	8001424 <z_log_notify_backend_enabled>
}
 800778e:	bd08      	pop	{r3, pc}

08007790 <z_cbprintf_cpy>:
	if (len == 0) {
 8007790:	b191      	cbz	r1, 80077b8 <z_cbprintf_cpy+0x28>
{
 8007792:	b570      	push	{r4, r5, r6, lr}
 8007794:	4614      	mov	r4, r2
 8007796:	460d      	mov	r5, r1
	if ((desc->size - desc->off) < len) {
 8007798:	6853      	ldr	r3, [r2, #4]
 800779a:	6896      	ldr	r6, [r2, #8]
 800779c:	1b9b      	subs	r3, r3, r6
 800779e:	428b      	cmp	r3, r1
 80077a0:	d30c      	bcc.n	80077bc <z_cbprintf_cpy+0x2c>
	memcpy(&((uint8_t *)desc->buf)[desc->off], buf, len);
 80077a2:	6813      	ldr	r3, [r2, #0]
 80077a4:	460a      	mov	r2, r1
 80077a6:	4601      	mov	r1, r0
 80077a8:	1998      	adds	r0, r3, r6
 80077aa:	f7f8 fd55 	bl	8000258 <__aeabi_memcpy>
	desc->off += len;
 80077ae:	68a3      	ldr	r3, [r4, #8]
 80077b0:	442b      	add	r3, r5
 80077b2:	60a3      	str	r3, [r4, #8]
	return len;
 80077b4:	4628      	mov	r0, r5
}
 80077b6:	bd70      	pop	{r4, r5, r6, pc}
		return 0;
 80077b8:	2000      	movs	r0, #0
}
 80077ba:	4770      	bx	lr
		return -ENOSPC;
 80077bc:	f06f 001b 	mvn.w	r0, #27
 80077c0:	e7f9      	b.n	80077b6 <z_cbprintf_cpy+0x26>

080077c2 <z_log_msg_finalize>:
{
 80077c2:	b570      	push	{r4, r5, r6, lr}
	if (!msg) {
 80077c4:	b188      	cbz	r0, 80077ea <z_log_msg_finalize+0x28>
 80077c6:	460e      	mov	r6, r1
 80077c8:	4614      	mov	r4, r2
 80077ca:	4619      	mov	r1, r3
 80077cc:	4605      	mov	r5, r0
	if (data) {
 80077ce:	b133      	cbz	r3, 80077de <z_log_msg_finalize+0x1c>
		uint8_t *d = msg->data + desc.package_len;
 80077d0:	3010      	adds	r0, #16
 80077d2:	f3c2 234a 	ubfx	r3, r2, #9, #11
		memcpy(d, data, desc.data_len);
 80077d6:	0d12      	lsrs	r2, r2, #20
 80077d8:	4418      	add	r0, r3
 80077da:	f7f8 fd3d 	bl	8000258 <__aeabi_memcpy>
	msg->hdr.desc = desc;
 80077de:	602c      	str	r4, [r5, #0]
	msg->hdr.source = source;
 80077e0:	606e      	str	r6, [r5, #4]
	z_log_msg_commit(msg);
 80077e2:	4628      	mov	r0, r5
 80077e4:	f7f9 ffc0 	bl	8001768 <z_log_msg_commit>
}
 80077e8:	bd70      	pop	{r4, r5, r6, pc}
		z_log_dropped(false);
 80077ea:	f7f9 fe2b 	bl	8001444 <z_log_dropped>
		return;
 80077ee:	e7fb      	b.n	80077e8 <z_log_msg_finalize+0x26>

080077f0 <z_log_msg_simple_create>:
{
 80077f0:	e92d 43f0 	stmdb	sp!, {r4, r5, r6, r7, r8, r9, lr}
 80077f4:	b083      	sub	sp, #12
 80077f6:	4606      	mov	r6, r0
 80077f8:	460f      	mov	r7, r1
 80077fa:	4615      	mov	r5, r2
 80077fc:	461c      	mov	r4, r3
	size_t plen32 = len + CBPRINTF_DESC_SIZE32;
 80077fe:	f103 0901 	add.w	r9, r3, #1
	size_t plen8 = sizeof(uint32_t) * plen32 +
 8007802:	ea4f 0889 	mov.w	r8, r9, lsl #2
	struct log_msg *msg = z_log_msg_alloc(Z_LOG_MSG_ALIGNED_WLEN(plen8, 0));
 8007806:	f108 0017 	add.w	r0, r8, #23
 800780a:	f020 0007 	bic.w	r0, r0, #7
 800780e:	0880      	lsrs	r0, r0, #2
 8007810:	f7f9 feb0 	bl	8001574 <z_log_msg_alloc>
	union cbprintf_package_hdr package_hdr = {
 8007814:	2200      	movs	r2, #0
 8007816:	9201      	str	r2, [sp, #4]
 8007818:	f88d 9004 	strb.w	r9, [sp, #4]
	if (msg) {
 800781c:	b168      	cbz	r0, 800783a <z_log_msg_simple_create+0x4a>
		*package++ = (uint32_t)(uintptr_t)package_hdr.raw;
 800781e:	f100 0c14 	add.w	ip, r0, #20
 8007822:	9b01      	ldr	r3, [sp, #4]
 8007824:	6103      	str	r3, [r0, #16]
		for (size_t i = 0; i < len; i++) {
 8007826:	4696      	mov	lr, r2
 8007828:	e005      	b.n	8007836 <z_log_msg_simple_create+0x46>
			*package++ = data[i];
 800782a:	f855 302e 	ldr.w	r3, [r5, lr, lsl #2]
 800782e:	f84c 3b04 	str.w	r3, [ip], #4
		for (size_t i = 0; i < len; i++) {
 8007832:	f10e 0e01 	add.w	lr, lr, #1
 8007836:	45a6      	cmp	lr, r4
 8007838:	d3f7      	bcc.n	800782a <z_log_msg_simple_create+0x3a>
	struct log_msg_desc desc = {
 800783a:	2200      	movs	r2, #0
 800783c:	f367 1288 	bfi	r2, r7, #6, #3
 8007840:	f368 2253 	bfi	r2, r8, #9, #11
	z_log_msg_finalize(msg, source, desc, NULL);
 8007844:	2300      	movs	r3, #0
 8007846:	4631      	mov	r1, r6
 8007848:	f7ff ffbb 	bl	80077c2 <z_log_msg_finalize>
}
 800784c:	b003      	add	sp, #12
 800784e:	e8bd 83f0 	ldmia.w	sp!, {r4, r5, r6, r7, r8, r9, pc}

08007852 <z_impl_z_log_msg_simple_create_0>:
{
 8007852:	b500      	push	{lr}
 8007854:	b083      	sub	sp, #12
	uint32_t data[] = {(uint32_t)(uintptr_t)fmt};
 8007856:	9201      	str	r2, [sp, #4]
	z_log_msg_simple_create(source, level, data, ARRAY_SIZE(data));
 8007858:	2301      	movs	r3, #1
 800785a:	aa01      	add	r2, sp, #4
 800785c:	f7ff ffc8 	bl	80077f0 <z_log_msg_simple_create>
}
 8007860:	b003      	add	sp, #12
 8007862:	f85d fb04 	ldr.w	pc, [sp], #4

08007866 <z_impl_z_log_msg_simple_create_1>:
{
 8007866:	b500      	push	{lr}
 8007868:	b083      	sub	sp, #12
	uint32_t data[] = {(uint32_t)(uintptr_t)fmt, arg};
 800786a:	9200      	str	r2, [sp, #0]
 800786c:	9301      	str	r3, [sp, #4]
	z_log_msg_simple_create(source, level, data, ARRAY_SIZE(data));
 800786e:	2302      	movs	r3, #2
 8007870:	466a      	mov	r2, sp
 8007872:	f7ff ffbd 	bl	80077f0 <z_log_msg_simple_create>
}
 8007876:	b003      	add	sp, #12
 8007878:	f85d fb04 	ldr.w	pc, [sp], #4

0800787c <z_impl_z_log_msg_simple_create_2>:
{
 800787c:	b500      	push	{lr}
 800787e:	b085      	sub	sp, #20
	uint32_t data[] = {(uint32_t)(uintptr_t)fmt, arg0, arg1};
 8007880:	9201      	str	r2, [sp, #4]
 8007882:	9302      	str	r3, [sp, #8]
 8007884:	9b06      	ldr	r3, [sp, #24]
 8007886:	9303      	str	r3, [sp, #12]
	z_log_msg_simple_create(source, level, data, ARRAY_SIZE(data));
 8007888:	2303      	movs	r3, #3
 800788a:	aa01      	add	r2, sp, #4
 800788c:	f7ff ffb0 	bl	80077f0 <z_log_msg_simple_create>
}
 8007890:	b005      	add	sp, #20
 8007892:	f85d fb04 	ldr.w	pc, [sp], #4

08007896 <z_log_msg_static_create>:
{
 8007896:	b508      	push	{r3, lr}
	z_impl_z_log_msg_static_create(source, desc, package, data);
 8007898:	f7f9 ffe2 	bl	8001860 <z_impl_z_log_msg_static_create>
}
 800789c:	bd08      	pop	{r3, pc}

0800789e <log_output_flush>:
/** @brief Flush output buffer.
 *
 * @param output Pointer to the log output instance.
 */
static inline void log_output_flush(const struct log_output *output)
{
 800789e:	e92d 41f0 	stmdb	sp!, {r4, r5, r6, r7, r8, lr}
 80078a2:	4680      	mov	r8, r0
	log_output_write(output->func, output->buf, output->control_block->offset,
 80078a4:	6807      	ldr	r7, [r0, #0]
 80078a6:	6885      	ldr	r5, [r0, #8]
 80078a8:	6843      	ldr	r3, [r0, #4]
 80078aa:	681c      	ldr	r4, [r3, #0]
 80078ac:	685e      	ldr	r6, [r3, #4]
	while (len != 0) {
 80078ae:	e005      	b.n	80078bc <log_output_flush+0x1e>
		processed = outf(buf, len, ctx);
 80078b0:	4632      	mov	r2, r6
 80078b2:	4621      	mov	r1, r4
 80078b4:	4628      	mov	r0, r5
 80078b6:	47b8      	blx	r7
		len -= processed;
 80078b8:	1a24      	subs	r4, r4, r0
		buf += processed;
 80078ba:	4405      	add	r5, r0
	while (len != 0) {
 80078bc:	2c00      	cmp	r4, #0
 80078be:	d1f7      	bne.n	80078b0 <log_output_flush+0x12>
			 output->control_block->ctx);
	output->control_block->offset = 0;
 80078c0:	f8d8 3004 	ldr.w	r3, [r8, #4]
 80078c4:	2200      	movs	r2, #0
 80078c6:	601a      	str	r2, [r3, #0]
}
 80078c8:	e8bd 81f0 	ldmia.w	sp!, {r4, r5, r6, r7, r8, pc}

080078cc <out_func>:
{
 80078cc:	b538      	push	{r3, r4, r5, lr}
 80078ce:	4605      	mov	r5, r0
 80078d0:	460c      	mov	r4, r1
	if (out_ctx->control_block->offset == out_ctx->size) {
 80078d2:	684b      	ldr	r3, [r1, #4]
 80078d4:	681a      	ldr	r2, [r3, #0]
 80078d6:	68cb      	ldr	r3, [r1, #12]
 80078d8:	429a      	cmp	r2, r3
 80078da:	d00f      	beq.n	80078fc <out_func+0x30>
	idx = atomic_inc(&out_ctx->control_block->offset);
 80078dc:	6863      	ldr	r3, [r4, #4]
 80078de:	f3bf 8f5b 	dmb	ish
 80078e2:	e853 2f00 	ldrex	r2, [r3]
 80078e6:	1c51      	adds	r1, r2, #1
 80078e8:	e843 1000 	strex	r0, r1, [r3]
 80078ec:	2800      	cmp	r0, #0
 80078ee:	d1f8      	bne.n	80078e2 <out_func+0x16>
 80078f0:	f3bf 8f5b 	dmb	ish
	out_ctx->buf[idx] = (uint8_t)c;
 80078f4:	68a3      	ldr	r3, [r4, #8]
 80078f6:	549d      	strb	r5, [r3, r2]
}
 80078f8:	2000      	movs	r0, #0
 80078fa:	bd38      	pop	{r3, r4, r5, pc}
		log_output_flush(out_ctx);
 80078fc:	4608      	mov	r0, r1
 80078fe:	f7ff ffce 	bl	800789e <log_output_flush>
 8007902:	e7eb      	b.n	80078dc <out_func+0x10>

08007904 <cr_out_func>:
{
 8007904:	b538      	push	{r3, r4, r5, lr}
 8007906:	4604      	mov	r4, r0
 8007908:	460d      	mov	r5, r1
	if (c == '\n') {
 800790a:	280a      	cmp	r0, #10
 800790c:	d005      	beq.n	800791a <cr_out_func+0x16>
	out_func(c, ctx);
 800790e:	4629      	mov	r1, r5
 8007910:	4620      	mov	r0, r4
 8007912:	f7ff ffdb 	bl	80078cc <out_func>
}
 8007916:	2000      	movs	r0, #0
 8007918:	bd38      	pop	{r3, r4, r5, pc}
		out_func((int)'\r', ctx);
 800791a:	200d      	movs	r0, #13
 800791c:	f7ff ffd6 	bl	80078cc <out_func>
 8007920:	e7f5      	b.n	800790e <cr_out_func+0xa>

08007922 <color_prefix>:
{
 8007922:	b508      	push	{r3, lr}
 8007924:	4613      	mov	r3, r2
	color_print(output, color, true, level);
 8007926:	2201      	movs	r2, #1
 8007928:	f7fa f900 	bl	8001b2c <color_print>
}
 800792c:	bd08      	pop	{r3, pc}

0800792e <color_postfix>:
{
 800792e:	b508      	push	{r3, lr}
 8007930:	4613      	mov	r3, r2
	color_print(output, color, false, level);
 8007932:	2200      	movs	r2, #0
 8007934:	f7fa f8fa 	bl	8001b2c <color_print>
}
 8007938:	bd08      	pop	{r3, pc}

0800793a <postfix_print>:
{
 800793a:	b538      	push	{r3, r4, r5, lr}
 800793c:	4605      	mov	r5, r0
 800793e:	460c      	mov	r4, r1
	color_postfix(output, (flags & LOG_OUTPUT_FLAG_COLORS),
 8007940:	f001 0101 	and.w	r1, r1, #1
 8007944:	f7ff fff3 	bl	800792e <color_postfix>
	newline_print(output, flags);
 8007948:	4621      	mov	r1, r4
 800794a:	4628      	mov	r0, r5
 800794c:	f7fa f984 	bl	8001c58 <newline_print>
}
 8007950:	bd38      	pop	{r3, r4, r5, pc}

08007952 <log_msg_hexdump>:
{
 8007952:	e92d 43f0 	stmdb	sp!, {r4, r5, r6, r7, r8, r9, lr}
 8007956:	b083      	sub	sp, #12
 8007958:	4680      	mov	r8, r0
 800795a:	460e      	mov	r6, r1
 800795c:	4615      	mov	r5, r2
 800795e:	461f      	mov	r7, r3
 8007960:	f8dd 9028 	ldr.w	r9, [sp, #40]	@ 0x28
		length = MIN(len, HEXDUMP_BYTES_IN_LINE);
 8007964:	462c      	mov	r4, r5
 8007966:	2d10      	cmp	r5, #16
 8007968:	bf28      	it	cs
 800796a:	2410      	movcs	r4, #16
		hexdump_line_print(output, data, length,
 800796c:	f8cd 9000 	str.w	r9, [sp]
 8007970:	463b      	mov	r3, r7
 8007972:	4622      	mov	r2, r4
 8007974:	4631      	mov	r1, r6
 8007976:	4640      	mov	r0, r8
 8007978:	f7fa f982 	bl	8001c80 <hexdump_line_print>
		data += length;
 800797c:	4426      	add	r6, r4
	} while (len);
 800797e:	1b2d      	subs	r5, r5, r4
 8007980:	d1f0      	bne.n	8007964 <log_msg_hexdump+0x12>
}
 8007982:	b003      	add	sp, #12
 8007984:	e8bd 83f0 	ldmia.w	sp!, {r4, r5, r6, r7, r8, r9, pc}

08007988 <log_output_msg_process>:
{
 8007988:	e92d 43f0 	stmdb	sp!, {r4, r5, r6, r7, r8, r9, lr}
 800798c:	b089      	sub	sp, #36	@ 0x24
 800798e:	4606      	mov	r6, r0
 8007990:	460c      	mov	r4, r1
 8007992:	4690      	mov	r8, r2
 *
 * @return Timestamp.
 */
static inline log_timestamp_t log_msg_get_timestamp(struct log_msg *msg)
{
	return msg->hdr.timestamp;
 8007994:	f8d1 9008 	ldr.w	r9, [r1, #8]
	return msg->hdr.desc.level;
 8007998:	880f      	ldrh	r7, [r1, #0]
 800799a:	f3c7 1782 	ubfx	r7, r7, #6, #3
	return msg->hdr.desc.domain;
 800799e:	7808      	ldrb	r0, [r1, #0]
 80079a0:	f3c0 05c2 	ubfx	r5, r0, #3, #3
	int16_t source_id = log_msg_get_source_id(msg);
 80079a4:	4608      	mov	r0, r1
 80079a6:	f7fa f85d 	bl	8001a64 <log_msg_get_source_id>
	const char *sname = source_id >= 0 ? log_source_name_get(domain_id, source_id) : NULL;
 80079aa:	1e01      	subs	r1, r0, #0
 80079ac:	da1b      	bge.n	80079e6 <log_output_msg_process+0x5e>
 80079ae:	2300      	movs	r3, #0
 *
 * @return pointer to the package.
 */
static inline uint8_t *log_msg_get_package(struct log_msg *msg, size_t *len)
{
	*len = msg->hdr.desc.package_len;
 80079b0:	4621      	mov	r1, r4
 80079b2:	f851 5b10 	ldr.w	r5, [r1], #16
 80079b6:	f3c5 254a 	ubfx	r5, r5, #9, #11
	*len = msg->hdr.desc.data_len;
 80079ba:	8862      	ldrh	r2, [r4, #2]
 80079bc:	f3c2 120b 	ubfx	r2, r2, #4, #12
	return msg->data + msg->hdr.desc.package_len;
 80079c0:	1948      	adds	r0, r1, r5
	log_output_process(output, timestamp, dname, sname, (k_tid_t)log_msg_get_tid(msg),
 80079c2:	b905      	cbnz	r5, 80079c6 <log_output_msg_process+0x3e>
 80079c4:	2100      	movs	r1, #0
 80079c6:	f8cd 8018 	str.w	r8, [sp, #24]
 80079ca:	9205      	str	r2, [sp, #20]
 80079cc:	9004      	str	r0, [sp, #16]
 80079ce:	9103      	str	r1, [sp, #12]
 80079d0:	9702      	str	r7, [sp, #8]
 80079d2:	2200      	movs	r2, #0
 80079d4:	9201      	str	r2, [sp, #4]
 80079d6:	9200      	str	r2, [sp, #0]
 80079d8:	4649      	mov	r1, r9
 80079da:	4630      	mov	r0, r6
 80079dc:	f7fa f9b2 	bl	8001d44 <log_output_process>
}
 80079e0:	b009      	add	sp, #36	@ 0x24
 80079e2:	e8bd 83f0 	ldmia.w	sp!, {r4, r5, r6, r7, r8, r9, pc}
	const char *sname = source_id >= 0 ? log_source_name_get(domain_id, source_id) : NULL;
 80079e6:	4628      	mov	r0, r5
 80079e8:	f7f9 ff14 	bl	8001814 <log_source_name_get>
 80079ec:	4603      	mov	r3, r0
 80079ee:	e7df      	b.n	80079b0 <log_output_msg_process+0x28>

080079f0 <log_output_flush>:
{
 80079f0:	e92d 41f0 	stmdb	sp!, {r4, r5, r6, r7, r8, lr}
 80079f4:	4680      	mov	r8, r0
	log_output_write(output->func, output->buf, output->control_block->offset,
 80079f6:	6807      	ldr	r7, [r0, #0]
 80079f8:	6885      	ldr	r5, [r0, #8]
 80079fa:	6843      	ldr	r3, [r0, #4]
 80079fc:	681c      	ldr	r4, [r3, #0]
 80079fe:	685e      	ldr	r6, [r3, #4]
	while (len != 0) {
 8007a00:	e005      	b.n	8007a0e <log_output_flush+0x1e>
		processed = outf(buf, len, ctx);
 8007a02:	4632      	mov	r2, r6
 8007a04:	4621      	mov	r1, r4
 8007a06:	4628      	mov	r0, r5
 8007a08:	47b8      	blx	r7
		len -= processed;
 8007a0a:	1a24      	subs	r4, r4, r0
		buf += processed;
 8007a0c:	4405      	add	r5, r0
	while (len != 0) {
 8007a0e:	2c00      	cmp	r4, #0
 8007a10:	d1f7      	bne.n	8007a02 <log_output_flush+0x12>
	output->control_block->offset = 0;
 8007a12:	f8d8 3004 	ldr.w	r3, [r8, #4]
 8007a16:	2200      	movs	r2, #0
 8007a18:	601a      	str	r2, [r3, #0]
}
 8007a1a:	e8bd 81f0 	ldmia.w	sp!, {r4, r5, r6, r7, r8, pc}

08007a1e <format_set>:
	log_output_func(ctx->output, &msg->log, flags);
}

static int format_set(const struct log_backend *const backend, uint32_t log_type)
{
	const struct lbu_cb_ctx *ctx = backend->cb->ctx;
 8007a1e:	6843      	ldr	r3, [r0, #4]
 8007a20:	681b      	ldr	r3, [r3, #0]
	struct lbu_data *data = ctx->data;
 8007a22:	685b      	ldr	r3, [r3, #4]

	data->log_format_current = log_type;
 8007a24:	6119      	str	r1, [r3, #16]

	return 0;
}
 8007a26:	2000      	movs	r0, #0
 8007a28:	4770      	bx	lr

08007a2a <log_backend_uart_init>:

static void log_backend_uart_init(struct log_backend const *const backend)
{
	const struct lbu_cb_ctx *ctx = backend->cb->ctx;
 8007a2a:	6843      	ldr	r3, [r0, #4]
 8007a2c:	681b      	ldr	r3, [r3, #0]
	const struct device *uart_dev = LBU_UART_DEV(ctx);
	struct lbu_data *data = ctx->data;

	__ASSERT_NO_MSG(device_is_ready(uart_dev));

	log_output_ctx_set(ctx->output, (void *)ctx);
 8007a2e:	681a      	ldr	r2, [r3, #0]
 * @param ctx		User context.
 */
static inline void log_output_ctx_set(const struct log_output *output,
				      void *ctx)
{
	output->control_block->ctx = ctx;
 8007a30:	6852      	ldr	r2, [r2, #4]
 8007a32:	6053      	str	r3, [r2, #4]
			LOG_WRN("Failed to initialize asynchronous mode (err:%d). "
				"Fallback to polling.",
				err);
		}
	}
}
 8007a34:	4770      	bx	lr

08007a36 <panic>:

static void panic(struct log_backend const *const backend)
{
 8007a36:	b508      	push	{r3, lr}
	const struct lbu_cb_ctx *ctx = backend->cb->ctx;
 8007a38:	6843      	ldr	r3, [r0, #4]
 8007a3a:	681b      	ldr	r3, [r3, #0]
	struct lbu_data *data = ctx->data;
 8007a3c:	685a      	ldr	r2, [r3, #4]
	}
#else
	ARG_UNUSED(uart_dev);
#endif /* CONFIG_PM_DEVICE */

	data->in_panic = true;
 8007a3e:	2101      	movs	r1, #1
 8007a40:	7511      	strb	r1, [r2, #20]
 * @param output	Log output instance.
 */
static inline void
log_backend_std_panic(const struct log_output *const output)
{
	log_output_flush(output);
 8007a42:	6818      	ldr	r0, [r3, #0]
 8007a44:	f7ff ffd4 	bl	80079f0 <log_output_flush>
	log_backend_std_panic(ctx->output);
}
 8007a48:	bd08      	pop	{r3, pc}

08007a4a <dropped>:

static void dropped(const struct log_backend *const backend, uint32_t cnt)
{
 8007a4a:	b508      	push	{r3, lr}
	const struct lbu_cb_ctx *ctx = backend->cb->ctx;
 8007a4c:	6843      	ldr	r3, [r0, #4]
 8007a4e:	681b      	ldr	r3, [r3, #0]
 * @param cnt		Number of dropped messages.
 */
static inline void
log_backend_std_dropped(const struct log_output *const output, uint32_t cnt)
{
	log_output_dropped_process(output, cnt);
 8007a50:	6818      	ldr	r0, [r3, #0]
 8007a52:	f7fa f9bd 	bl	8001dd0 <log_output_dropped_process>
	if (IS_ENABLED(CONFIG_LOG_BACKEND_UART_OUTPUT_DICTIONARY)) {
		log_dict_output_dropped_process(ctx->output, cnt);
	} else {
		log_backend_std_dropped(ctx->output, cnt);
	}
}
 8007a56:	bd08      	pop	{r3, pc}

08007a58 <process>:
{
 8007a58:	b538      	push	{r3, r4, r5, lr}
 8007a5a:	460c      	mov	r4, r1
	const struct lbu_cb_ctx *ctx = backend->cb->ctx;
 8007a5c:	6843      	ldr	r3, [r0, #4]
 8007a5e:	681d      	ldr	r5, [r3, #0]
	struct lbu_data *data = ctx->data;
 8007a60:	686b      	ldr	r3, [r5, #4]
	log_format_func_t log_output_func = log_format_func_t_get(data->log_format_current);
 8007a62:	6918      	ldr	r0, [r3, #16]
 8007a64:	f7f9 fcc6 	bl	80013f4 <log_format_func_t_get>
 8007a68:	4603      	mov	r3, r0
	log_output_func(ctx->output, &msg->log, flags);
 8007a6a:	220f      	movs	r2, #15
 8007a6c:	4621      	mov	r1, r4
 8007a6e:	6828      	ldr	r0, [r5, #0]
 8007a70:	4798      	blx	r3
}
 8007a72:	bd38      	pop	{r3, r4, r5, pc}

08007a74 <arch_early_memset>:
{
 8007a74:	b508      	push	{r3, lr}
	(void) memset(dst, c, n);
 8007a76:	f7fe faf5 	bl	8006064 <memset>
}
 8007a7a:	bd08      	pop	{r3, pc}

08007a7c <arch_early_memcpy>:
{
 8007a7c:	b508      	push	{r3, lr}
	(void) memcpy(dst, src, n);
 8007a7e:	f7f8 fbeb 	bl	8000258 <__aeabi_memcpy>
}
 8007a82:	bd08      	pop	{r3, pc}

08007a84 <z_do_kernel_oops>:
 * @param esf exception frame
 * @param callee_regs Callee-saved registers (R4-R11)
 * @param exc_return EXC_RETURN value present in LR after exception entry.
 */
void z_do_kernel_oops(const struct arch_esf *esf, _callee_saved_t *callee_regs, uint32_t exc_return)
{
 8007a84:	b508      	push	{r3, lr}
 8007a86:	4601      	mov	r1, r0
	}

#endif /* CONFIG_USERSPACE */

#if !defined(CONFIG_EXTRA_EXCEPTION_INFO)
	z_arm_fatal_error(reason, esf);
 8007a88:	6800      	ldr	r0, [r0, #0]
 8007a8a:	f7fa fae7 	bl	800205c <z_arm_fatal_error>
		.exc_return = exc_return,
	};

	z_arm_fatal_error(reason, &esf_copy);
#endif /* CONFIG_EXTRA_EXCEPTION_INFO */
}
 8007a8e:	bd08      	pop	{r3, pc}

08007a90 <z_arm_nmi>:
 * Simply call what is installed in 'static void(*handler)(void)'.
 *
 */

void z_arm_nmi(void)
{
 8007a90:	b508      	push	{r3, lr}
	handler();
 8007a92:	f7fa faff 	bl	8002094 <z_SysNmiOnReset>
	z_arm_int_exit();
 8007a96:	f7fa ff2b 	bl	80028f0 <z_arm_exc_exit>
}
 8007a9a:	bd08      	pop	{r3, pc}

08007a9c <memory_fault_recoverable>:
}
 8007a9c:	2000      	movs	r0, #0
 8007a9e:	4770      	bx	lr

08007aa0 <fault_handle>:
{
 8007aa0:	b508      	push	{r3, lr}
	*recoverable = false;
 8007aa2:	2300      	movs	r3, #0
 8007aa4:	7013      	strb	r3, [r2, #0]
	switch (fault) {
 8007aa6:	1ecb      	subs	r3, r1, #3
 8007aa8:	2b09      	cmp	r3, #9
 8007aaa:	d81a      	bhi.n	8007ae2 <fault_handle+0x42>
 8007aac:	e8df f003 	tbb	[pc, r3]
 8007ab0:	110d0905 	.word	0x110d0905
 8007ab4:	19191919 	.word	0x19191919
 8007ab8:	1419      	.short	0x1419
		reason = hard_fault(esf, recoverable);
 8007aba:	4611      	mov	r1, r2
 8007abc:	f7fa fd6e 	bl	800259c <hard_fault>
		break;
 8007ac0:	e012      	b.n	8007ae8 <fault_handle+0x48>
		reason = mem_manage_fault(esf, 0, recoverable);
 8007ac2:	2100      	movs	r1, #0
 8007ac4:	f7fa fcc6 	bl	8002454 <mem_manage_fault>
		break;
 8007ac8:	e00e      	b.n	8007ae8 <fault_handle+0x48>
		reason = bus_fault(esf, 0, recoverable);
 8007aca:	2100      	movs	r1, #0
 8007acc:	f7fa fc3a 	bl	8002344 <bus_fault>
		break;
 8007ad0:	e00a      	b.n	8007ae8 <fault_handle+0x48>
		reason = usage_fault(esf);
 8007ad2:	f7fa fb53 	bl	800217c <usage_fault>
		break;
 8007ad6:	e007      	b.n	8007ae8 <fault_handle+0x48>
		debug_monitor(esf, recoverable);
 8007ad8:	4611      	mov	r1, r2
 8007ada:	f7fa fbb9 	bl	8002250 <debug_monitor>
	uint32_t reason = K_ERR_CPU_EXCEPTION;
 8007ade:	2000      	movs	r0, #0
		break;
 8007ae0:	e002      	b.n	8007ae8 <fault_handle+0x48>
		reserved_exception(esf, fault);
 8007ae2:	f7fa fbc3 	bl	800226c <reserved_exception>
	uint32_t reason = K_ERR_CPU_EXCEPTION;
 8007ae6:	2000      	movs	r0, #0
}
 8007ae8:	bd08      	pop	{r3, pc}

08007aea <arm_irq_enable>:
 */

#if !defined(CONFIG_ARM_CUSTOM_INTERRUPT_CONTROLLER)

void arm_irq_enable(unsigned int irq)
{
 8007aea:	b508      	push	{r3, lr}
	NVIC_EnableIRQ((IRQn_Type)irq);
 8007aec:	b240      	sxtb	r0, r0
 8007aee:	f7fa fe47 	bl	8002780 <__NVIC_EnableIRQ>
}
 8007af2:	bd08      	pop	{r3, pc}

08007af4 <arm_irq_priority_set>:
 * The priority is verified if ASSERT_ON is enabled. The maximum number
 * of priority levels is a little complex, as there are some hardware
 * priority levels which are reserved.
 */
void arm_irq_priority_set(unsigned int irq, unsigned int prio, uint32_t flags)
{
 8007af4:	b508      	push	{r3, lr}
	 * reduced set of priorities, like Cortex-M0/M0+).
	 */
	__ASSERT(prio <= (BIT(NUM_IRQ_PRIO_BITS) - 1),
		 "invalid priority %d for %d irq! values must be less than %lu\n",
		 prio - _IRQ_PRIO_OFFSET, irq, BIT(NUM_IRQ_PRIO_BITS) - (_IRQ_PRIO_OFFSET));
	NVIC_SetPriority((IRQn_Type)irq, prio);
 8007af6:	3101      	adds	r1, #1
 8007af8:	b240      	sxtb	r0, r0
 8007afa:	f7fa fe4f 	bl	800279c <__NVIC_SetPriority>
}
 8007afe:	bd08      	pop	{r3, pc}

08007b00 <z_irq_spurious>:
 * Installed in all _sw_isr_table slots at boot time. Throws an error if
 * called.
 *
 */
void z_irq_spurious(const void *unused)
{
 8007b00:	b508      	push	{r3, lr}
	ARG_UNUSED(unused);

	z_arm_fatal_error(K_ERR_SPURIOUS_IRQ, NULL);
 8007b02:	2100      	movs	r1, #0
 8007b04:	2001      	movs	r0, #1
 8007b06:	f7fa faa9 	bl	800205c <z_arm_fatal_error>
}
 8007b0a:	bd08      	pop	{r3, pc}

08007b0c <z_check_thread_stack_fail>:
{
 8007b0c:	b508      	push	{r3, lr}
	uint32_t sp = min_stack(fault_addr, psp);
 8007b0e:	f7fa fe83 	bl	8002818 <min_stack>
}
 8007b12:	bd08      	pop	{r3, pc}

08007b14 <arch_coprocessors_disable>:
}
 8007b14:	f06f 0085 	mvn.w	r0, #133	@ 0x85
 8007b18:	4770      	bx	lr

08007b1a <arch_irq_unlock_outlined>:
  \details Enables FIQ interrupts by clearing special-purpose register FAULTMASK.
             Can only be executed in Privileged modes.
   */
  __STATIC_FORCEINLINE void __enable_fault_irq(void)
  {
    __ASM volatile ("cpsie f" : : : "memory");
 8007b1a:	b661      	cpsie	f
  __ASM volatile ("cpsie i" : : : "memory");
 8007b1c:	b662      	cpsie	i
 8007b1e:	f380 8811 	msr	BASEPRI, r0
  __ASM volatile ("isb 0xF":::"memory");
 8007b22:	f3bf 8f6f 	isb	sy
#if defined(CONFIG_ARMV7_M_ARMV8_M_MAINLINE)
	__enable_fault_irq(); /* alters FAULTMASK */
	__enable_irq();       /* alters PRIMASK */
#endif
	arch_irq_unlock(key);
}
 8007b26:	4770      	bx	lr

08007b28 <arch_cpu_idle>:
  __ASM volatile ("cpsid i" : : : "memory");
 8007b28:	b672      	cpsid	i
 8007b2a:	2300      	movs	r3, #0
 8007b2c:	f383 8811 	msr	BASEPRI, r3
  __ASM volatile ("isb 0xF":::"memory");
 8007b30:	f3bf 8f6f 	isb	sy
  __ASM volatile ("dsb 0xF":::"memory");
 8007b34:	f3bf 8f4f 	dsb	sy
	 * set by the caller as part of interrupt locking if necessary
	 * (i.e. if the caller sets _kernel.idle).
	 */
#endif

	SLEEP_IF_ALLOWED(__WFI);
 8007b38:	bf30      	wfi
  __ASM volatile ("cpsie i" : : : "memory");
 8007b3a:	b662      	cpsie	i
  __ASM volatile ("isb 0xF":::"memory");
 8007b3c:	f3bf 8f6f 	isb	sy
#if defined(CONFIG_TRACING)
	sys_trace_idle_exit();
#endif
	__enable_irq();
	__ISB();
}
 8007b40:	4770      	bx	lr

08007b42 <mpu_partition_is_valid>:
		((part->size & (part->size - 1U)) == 0U)
 8007b42:	6843      	ldr	r3, [r0, #4]
 8007b44:	1e5a      	subs	r2, r3, #1
		&&
 8007b46:	4213      	tst	r3, r2
 8007b48:	d106      	bne.n	8007b58 <mpu_partition_is_valid+0x16>
		&&
 8007b4a:	2b1f      	cmp	r3, #31
 8007b4c:	d906      	bls.n	8007b5c <mpu_partition_is_valid+0x1a>
		((part->start & (part->size - 1U)) == 0U);
 8007b4e:	6803      	ldr	r3, [r0, #0]
		&&
 8007b50:	421a      	tst	r2, r3
 8007b52:	d005      	beq.n	8007b60 <mpu_partition_is_valid+0x1e>
 8007b54:	2000      	movs	r0, #0
 8007b56:	4770      	bx	lr
 8007b58:	2000      	movs	r0, #0
 8007b5a:	4770      	bx	lr
 8007b5c:	2000      	movs	r0, #0
 8007b5e:	4770      	bx	lr
 8007b60:	2001      	movs	r0, #1
}
 8007b62:	4770      	bx	lr

08007b64 <mpu_configure_region>:
{
 8007b64:	b500      	push	{lr}
 8007b66:	b085      	sub	sp, #20
	region_conf.base = new_region->start;
 8007b68:	680b      	ldr	r3, [r1, #0]
 8007b6a:	9301      	str	r3, [sp, #4]
		&new_region->attr, new_region->start, new_region->size);
 8007b6c:	684b      	ldr	r3, [r1, #4]
	p_attr->rasr = attr->rasr_attr | size_to_mpu_rasr_size(size);
 8007b6e:	688a      	ldr	r2, [r1, #8]
	if (size <= 32U) {
 8007b70:	2b20      	cmp	r3, #32
 8007b72:	d912      	bls.n	8007b9a <mpu_configure_region+0x36>
	if (size > (1UL << 31)) {
 8007b74:	f1b3 4f00 	cmp.w	r3, #2147483648	@ 0x80000000
 8007b78:	d811      	bhi.n	8007b9e <mpu_configure_region+0x3a>
	return ((32 - __builtin_clz(size - 1U) - 2 + 1) << MPU_RASR_SIZE_Pos) &
 8007b7a:	3b01      	subs	r3, #1
 8007b7c:	fab3 f383 	clz	r3, r3
 8007b80:	f1c3 031f 	rsb	r3, r3, #31
 8007b84:	005b      	lsls	r3, r3, #1
 8007b86:	f003 033e 	and.w	r3, r3, #62	@ 0x3e
	p_attr->rasr = attr->rasr_attr | size_to_mpu_rasr_size(size);
 8007b8a:	4313      	orrs	r3, r2
 8007b8c:	9303      	str	r3, [sp, #12]
	return region_allocate_and_init(index,
 8007b8e:	a901      	add	r1, sp, #4
 8007b90:	f7fa ff6e 	bl	8002a70 <region_allocate_and_init>
}
 8007b94:	b005      	add	sp, #20
 8007b96:	f85d fb04 	ldr.w	pc, [sp], #4
		return REGION_32B;
 8007b9a:	2308      	movs	r3, #8
 8007b9c:	e7f5      	b.n	8007b8a <mpu_configure_region+0x26>
		return REGION_4G;
 8007b9e:	233e      	movs	r3, #62	@ 0x3e
 8007ba0:	e7f3      	b.n	8007b8a <mpu_configure_region+0x26>

08007ba2 <mpu_configure_regions_from_dt>:
{
 8007ba2:	b5f0      	push	{r4, r5, r6, r7, lr}
 8007ba4:	b085      	sub	sp, #20
 8007ba6:	4605      	mov	r5, r0
	num_regions = mem_attr_get_regions(&region);
 8007ba8:	a803      	add	r0, sp, #12
 8007baa:	f7fa f97b 	bl	8001ea4 <mem_attr_get_regions>
 8007bae:	4606      	mov	r6, r0
	for (size_t idx = 0; idx < num_regions; idx++) {
 8007bb0:	2400      	movs	r4, #0
 8007bb2:	e035      	b.n	8007c20 <mpu_configure_regions_from_dt+0x7e>
		switch (DT_MEM_ARM_GET(region[idx].dt_attr)) {
 8007bb4:	f1b3 7f00 	cmp.w	r3, #33554432	@ 0x2000000
 8007bb8:	f000 80b2 	beq.w	8007d20 <mpu_configure_regions_from_dt+0x17e>
 8007bbc:	f1b3 5f80 	cmp.w	r3, #268435456	@ 0x10000000
 8007bc0:	f000 80c8 	beq.w	8007d54 <mpu_configure_regions_from_dt+0x1b2>
 8007bc4:	f1b3 7f80 	cmp.w	r3, #16777216	@ 0x1000000
 8007bc8:	d129      	bne.n	8007c1e <mpu_configure_regions_from_dt+0x7c>
			region_conf = _BUILD_REGION_CONF(region[idx], REGION_IO_ATTR);
 8007bca:	6857      	ldr	r7, [r2, #4]
 8007bcc:	5809      	ldr	r1, [r1, r0]
 8007bce:	6893      	ldr	r3, [r2, #8]
	if (size <= 32U) {
 8007bd0:	2b20      	cmp	r3, #32
 8007bd2:	f240 80a1 	bls.w	8007d18 <mpu_configure_regions_from_dt+0x176>
	if (size > (1UL << 31)) {
 8007bd6:	f1b3 4f00 	cmp.w	r3, #2147483648	@ 0x80000000
 8007bda:	f200 809f 	bhi.w	8007d1c <mpu_configure_regions_from_dt+0x17a>
	return ((32 - __builtin_clz(size - 1U) - 2 + 1) << MPU_RASR_SIZE_Pos) &
 8007bde:	3b01      	subs	r3, #1
 8007be0:	fab3 f383 	clz	r3, r3
 8007be4:	f1c3 031f 	rsb	r3, r3, #31
 8007be8:	005b      	lsls	r3, r3, #1
 8007bea:	f003 033e 	and.w	r3, r3, #62	@ 0x3e
 8007bee:	f043 7388 	orr.w	r3, r3, #17825792	@ 0x1100000
 8007bf2:	9700      	str	r7, [sp, #0]
 8007bf4:	9101      	str	r1, [sp, #4]
 8007bf6:	9302      	str	r3, [sp, #8]
			break;
 8007bf8:	e007      	b.n	8007c0a <mpu_configure_regions_from_dt+0x68>
		return REGION_32B;
 8007bfa:	2308      	movs	r3, #8
			region_conf = _BUILD_REGION_CONF(region[idx], REGION_RAM_ATTR);
 8007bfc:	f043 5388 	orr.w	r3, r3, #285212672	@ 0x11000000
 8007c00:	f443 2330 	orr.w	r3, r3, #720896	@ 0xb0000
 8007c04:	9700      	str	r7, [sp, #0]
 8007c06:	9101      	str	r1, [sp, #4]
 8007c08:	9302      	str	r3, [sp, #8]
		if (region_allocate_and_init((*reg_index),
 8007c0a:	4669      	mov	r1, sp
 8007c0c:	7828      	ldrb	r0, [r5, #0]
 8007c0e:	f7fa ff2f 	bl	8002a70 <region_allocate_and_init>
 8007c12:	2800      	cmp	r0, #0
 8007c14:	f2c0 80ba 	blt.w	8007d8c <mpu_configure_regions_from_dt+0x1ea>
		(*reg_index)++;
 8007c18:	782b      	ldrb	r3, [r5, #0]
 8007c1a:	3301      	adds	r3, #1
 8007c1c:	702b      	strb	r3, [r5, #0]
	for (size_t idx = 0; idx < num_regions; idx++) {
 8007c1e:	3401      	adds	r4, #1
 8007c20:	42b4      	cmp	r4, r6
 8007c22:	f080 80b6 	bcs.w	8007d92 <mpu_configure_regions_from_dt+0x1f0>
		switch (DT_MEM_ARM_GET(region[idx].dt_attr)) {
 8007c26:	0120      	lsls	r0, r4, #4
 8007c28:	9903      	ldr	r1, [sp, #12]
 8007c2a:	eb01 1204 	add.w	r2, r1, r4, lsl #4
 8007c2e:	68d3      	ldr	r3, [r2, #12]
 8007c30:	f36f 0313 	bfc	r3, #0, #20
 8007c34:	f5b3 0f00 	cmp.w	r3, #8388608	@ 0x800000
 8007c38:	d054      	beq.n	8007ce4 <mpu_configure_regions_from_dt+0x142>
 8007c3a:	d8bb      	bhi.n	8007bb4 <mpu_configure_regions_from_dt+0x12>
 8007c3c:	f5b3 1f00 	cmp.w	r3, #2097152	@ 0x200000
 8007c40:	d018      	beq.n	8007c74 <mpu_configure_regions_from_dt+0xd2>
 8007c42:	f5b3 0f80 	cmp.w	r3, #4194304	@ 0x400000
 8007c46:	d031      	beq.n	8007cac <mpu_configure_regions_from_dt+0x10a>
 8007c48:	f5b3 1f80 	cmp.w	r3, #1048576	@ 0x100000
 8007c4c:	d1e7      	bne.n	8007c1e <mpu_configure_regions_from_dt+0x7c>
			region_conf = _BUILD_REGION_CONF(region[idx], REGION_RAM_ATTR);
 8007c4e:	6857      	ldr	r7, [r2, #4]
 8007c50:	5809      	ldr	r1, [r1, r0]
 8007c52:	6893      	ldr	r3, [r2, #8]
	if (size <= 32U) {
 8007c54:	2b20      	cmp	r3, #32
 8007c56:	d9d0      	bls.n	8007bfa <mpu_configure_regions_from_dt+0x58>
	if (size > (1UL << 31)) {
 8007c58:	f1b3 4f00 	cmp.w	r3, #2147483648	@ 0x80000000
 8007c5c:	d808      	bhi.n	8007c70 <mpu_configure_regions_from_dt+0xce>
	return ((32 - __builtin_clz(size - 1U) - 2 + 1) << MPU_RASR_SIZE_Pos) &
 8007c5e:	3b01      	subs	r3, #1
 8007c60:	fab3 f383 	clz	r3, r3
 8007c64:	f1c3 031f 	rsb	r3, r3, #31
 8007c68:	005b      	lsls	r3, r3, #1
 8007c6a:	f003 033e 	and.w	r3, r3, #62	@ 0x3e
 8007c6e:	e7c5      	b.n	8007bfc <mpu_configure_regions_from_dt+0x5a>
		return REGION_4G;
 8007c70:	233e      	movs	r3, #62	@ 0x3e
 8007c72:	e7c3      	b.n	8007bfc <mpu_configure_regions_from_dt+0x5a>
			region_conf = _BUILD_REGION_CONF(region[idx], REGION_RAM_NOCACHE_ATTR);
 8007c74:	6857      	ldr	r7, [r2, #4]
 8007c76:	5809      	ldr	r1, [r1, r0]
 8007c78:	6893      	ldr	r3, [r2, #8]
	if (size <= 32U) {
 8007c7a:	2b20      	cmp	r3, #32
 8007c7c:	d912      	bls.n	8007ca4 <mpu_configure_regions_from_dt+0x102>
	if (size > (1UL << 31)) {
 8007c7e:	f1b3 4f00 	cmp.w	r3, #2147483648	@ 0x80000000
 8007c82:	d811      	bhi.n	8007ca8 <mpu_configure_regions_from_dt+0x106>
	return ((32 - __builtin_clz(size - 1U) - 2 + 1) << MPU_RASR_SIZE_Pos) &
 8007c84:	3b01      	subs	r3, #1
 8007c86:	fab3 f383 	clz	r3, r3
 8007c8a:	f1c3 031f 	rsb	r3, r3, #31
 8007c8e:	005b      	lsls	r3, r3, #1
 8007c90:	f003 033e 	and.w	r3, r3, #62	@ 0x3e
 8007c94:	f043 5388 	orr.w	r3, r3, #285212672	@ 0x11000000
 8007c98:	f443 2300 	orr.w	r3, r3, #524288	@ 0x80000
 8007c9c:	9700      	str	r7, [sp, #0]
 8007c9e:	9101      	str	r1, [sp, #4]
 8007ca0:	9302      	str	r3, [sp, #8]
			break;
 8007ca2:	e7b2      	b.n	8007c0a <mpu_configure_regions_from_dt+0x68>
		return REGION_32B;
 8007ca4:	2308      	movs	r3, #8
 8007ca6:	e7f5      	b.n	8007c94 <mpu_configure_regions_from_dt+0xf2>
		return REGION_4G;
 8007ca8:	233e      	movs	r3, #62	@ 0x3e
 8007caa:	e7f3      	b.n	8007c94 <mpu_configure_regions_from_dt+0xf2>
			region_conf = _BUILD_REGION_CONF(region[idx], REGION_FLASH_ATTR);
 8007cac:	6857      	ldr	r7, [r2, #4]
 8007cae:	5809      	ldr	r1, [r1, r0]
 8007cb0:	6893      	ldr	r3, [r2, #8]
	if (size <= 32U) {
 8007cb2:	2b20      	cmp	r3, #32
 8007cb4:	d912      	bls.n	8007cdc <mpu_configure_regions_from_dt+0x13a>
	if (size > (1UL << 31)) {
 8007cb6:	f1b3 4f00 	cmp.w	r3, #2147483648	@ 0x80000000
 8007cba:	d811      	bhi.n	8007ce0 <mpu_configure_regions_from_dt+0x13e>
	return ((32 - __builtin_clz(size - 1U) - 2 + 1) << MPU_RASR_SIZE_Pos) &
 8007cbc:	3b01      	subs	r3, #1
 8007cbe:	fab3 f383 	clz	r3, r3
 8007cc2:	f1c3 031f 	rsb	r3, r3, #31
 8007cc6:	005b      	lsls	r3, r3, #1
 8007cc8:	f003 033e 	and.w	r3, r3, #62	@ 0x3e
 8007ccc:	f043 63c0 	orr.w	r3, r3, #100663296	@ 0x6000000
 8007cd0:	f443 3300 	orr.w	r3, r3, #131072	@ 0x20000
 8007cd4:	9700      	str	r7, [sp, #0]
 8007cd6:	9101      	str	r1, [sp, #4]
 8007cd8:	9302      	str	r3, [sp, #8]
			break;
 8007cda:	e796      	b.n	8007c0a <mpu_configure_regions_from_dt+0x68>
		return REGION_32B;
 8007cdc:	2308      	movs	r3, #8
 8007cde:	e7f5      	b.n	8007ccc <mpu_configure_regions_from_dt+0x12a>
		return REGION_4G;
 8007ce0:	233e      	movs	r3, #62	@ 0x3e
 8007ce2:	e7f3      	b.n	8007ccc <mpu_configure_regions_from_dt+0x12a>
			region_conf = _BUILD_REGION_CONF(region[idx], REGION_PPB_ATTR);
 8007ce4:	6857      	ldr	r7, [r2, #4]
 8007ce6:	5809      	ldr	r1, [r1, r0]
 8007ce8:	6893      	ldr	r3, [r2, #8]
	if (size <= 32U) {
 8007cea:	2b20      	cmp	r3, #32
 8007cec:	d910      	bls.n	8007d10 <mpu_configure_regions_from_dt+0x16e>
	if (size > (1UL << 31)) {
 8007cee:	f1b3 4f00 	cmp.w	r3, #2147483648	@ 0x80000000
 8007cf2:	d80f      	bhi.n	8007d14 <mpu_configure_regions_from_dt+0x172>
	return ((32 - __builtin_clz(size - 1U) - 2 + 1) << MPU_RASR_SIZE_Pos) &
 8007cf4:	3b01      	subs	r3, #1
 8007cf6:	fab3 f383 	clz	r3, r3
 8007cfa:	f1c3 031f 	rsb	r3, r3, #31
 8007cfe:	005b      	lsls	r3, r3, #1
 8007d00:	f003 033e 	and.w	r3, r3, #62	@ 0x3e
 8007d04:	f043 7382 	orr.w	r3, r3, #17039360	@ 0x1040000
 8007d08:	9700      	str	r7, [sp, #0]
 8007d0a:	9101      	str	r1, [sp, #4]
 8007d0c:	9302      	str	r3, [sp, #8]
			break;
 8007d0e:	e77c      	b.n	8007c0a <mpu_configure_regions_from_dt+0x68>
		return REGION_32B;
 8007d10:	2308      	movs	r3, #8
 8007d12:	e7f7      	b.n	8007d04 <mpu_configure_regions_from_dt+0x162>
		return REGION_4G;
 8007d14:	233e      	movs	r3, #62	@ 0x3e
 8007d16:	e7f5      	b.n	8007d04 <mpu_configure_regions_from_dt+0x162>
		return REGION_32B;
 8007d18:	2308      	movs	r3, #8
 8007d1a:	e768      	b.n	8007bee <mpu_configure_regions_from_dt+0x4c>
		return REGION_4G;
 8007d1c:	233e      	movs	r3, #62	@ 0x3e
 8007d1e:	e766      	b.n	8007bee <mpu_configure_regions_from_dt+0x4c>
			region_conf = _BUILD_REGION_CONF(region[idx], REGION_EXTMEM_ATTR);
 8007d20:	6857      	ldr	r7, [r2, #4]
 8007d22:	5809      	ldr	r1, [r1, r0]
 8007d24:	6893      	ldr	r3, [r2, #8]
	if (size <= 32U) {
 8007d26:	2b20      	cmp	r3, #32
 8007d28:	d910      	bls.n	8007d4c <mpu_configure_regions_from_dt+0x1aa>
	if (size > (1UL << 31)) {
 8007d2a:	f1b3 4f00 	cmp.w	r3, #2147483648	@ 0x80000000
 8007d2e:	d80f      	bhi.n	8007d50 <mpu_configure_regions_from_dt+0x1ae>
	return ((32 - __builtin_clz(size - 1U) - 2 + 1) << MPU_RASR_SIZE_Pos) &
 8007d30:	3b01      	subs	r3, #1
 8007d32:	fab3 f383 	clz	r3, r3
 8007d36:	f1c3 031f 	rsb	r3, r3, #31
 8007d3a:	005b      	lsls	r3, r3, #1
 8007d3c:	f003 033e 	and.w	r3, r3, #62	@ 0x3e
 8007d40:	f443 2380 	orr.w	r3, r3, #262144	@ 0x40000
 8007d44:	9700      	str	r7, [sp, #0]
 8007d46:	9101      	str	r1, [sp, #4]
 8007d48:	9302      	str	r3, [sp, #8]
			break;
 8007d4a:	e75e      	b.n	8007c0a <mpu_configure_regions_from_dt+0x68>
		return REGION_32B;
 8007d4c:	2308      	movs	r3, #8
 8007d4e:	e7f7      	b.n	8007d40 <mpu_configure_regions_from_dt+0x19e>
		return REGION_4G;
 8007d50:	233e      	movs	r3, #62	@ 0x3e
 8007d52:	e7f5      	b.n	8007d40 <mpu_configure_regions_from_dt+0x19e>
			region_conf = _BUILD_REGION_CONF(region[idx], REGION_RAM_WT_ATTR);
 8007d54:	6857      	ldr	r7, [r2, #4]
 8007d56:	5809      	ldr	r1, [r1, r0]
 8007d58:	6893      	ldr	r3, [r2, #8]
	if (size <= 32U) {
 8007d5a:	2b20      	cmp	r3, #32
 8007d5c:	d912      	bls.n	8007d84 <mpu_configure_regions_from_dt+0x1e2>
	if (size > (1UL << 31)) {
 8007d5e:	f1b3 4f00 	cmp.w	r3, #2147483648	@ 0x80000000
 8007d62:	d811      	bhi.n	8007d88 <mpu_configure_regions_from_dt+0x1e6>
	return ((32 - __builtin_clz(size - 1U) - 2 + 1) << MPU_RASR_SIZE_Pos) &
 8007d64:	3b01      	subs	r3, #1
 8007d66:	fab3 f383 	clz	r3, r3
 8007d6a:	f1c3 031f 	rsb	r3, r3, #31
 8007d6e:	005b      	lsls	r3, r3, #1
 8007d70:	f003 033e 	and.w	r3, r3, #62	@ 0x3e
 8007d74:	f043 5388 	orr.w	r3, r3, #285212672	@ 0x11000000
 8007d78:	f443 3300 	orr.w	r3, r3, #131072	@ 0x20000
 8007d7c:	9700      	str	r7, [sp, #0]
 8007d7e:	9101      	str	r1, [sp, #4]
 8007d80:	9302      	str	r3, [sp, #8]
			break;
 8007d82:	e742      	b.n	8007c0a <mpu_configure_regions_from_dt+0x68>
		return REGION_32B;
 8007d84:	2308      	movs	r3, #8
 8007d86:	e7f5      	b.n	8007d74 <mpu_configure_regions_from_dt+0x1d2>
		return REGION_4G;
 8007d88:	233e      	movs	r3, #62	@ 0x3e
 8007d8a:	e7f3      	b.n	8007d74 <mpu_configure_regions_from_dt+0x1d2>
			return -EINVAL;
 8007d8c:	f06f 0015 	mvn.w	r0, #21
 8007d90:	e000      	b.n	8007d94 <mpu_configure_regions_from_dt+0x1f2>
	return 0;
 8007d92:	2000      	movs	r0, #0
}
 8007d94:	b005      	add	sp, #20
 8007d96:	bdf0      	pop	{r4, r5, r6, r7, pc}

08007d98 <arm_core_mpu_configure_static_mpu_regions>:
{
 8007d98:	b508      	push	{r3, lr}
	if (mpu_configure_static_mpu_regions(static_regions, regions_num,
 8007d9a:	f7fa feb9 	bl	8002b10 <mpu_configure_static_mpu_regions>
}
 8007d9e:	bd08      	pop	{r3, pc}

08007da0 <arm_core_mpu_configure_dynamic_mpu_regions>:
{
 8007da0:	b508      	push	{r3, lr}
	if (mpu_configure_dynamic_mpu_regions(dynamic_regions, regions_num)
 8007da2:	f7fa febf 	bl	8002b24 <mpu_configure_dynamic_mpu_regions>
}
 8007da6:	bd08      	pop	{r3, pc}

08007da8 <cbputc>:
{
 8007da8:	b508      	push	{r3, lr}
	(*s->out) (c, s->ctx);
 8007daa:	690b      	ldr	r3, [r1, #16]
 8007dac:	6949      	ldr	r1, [r1, #20]
 8007dae:	4798      	blx	r3
}
 8007db0:	2000      	movs	r0, #0
 8007db2:	bd08      	pop	{r3, pc}

08007db4 <picolibc_put>:
{
 8007db4:	b508      	push	{r3, lr}
		union { uintptr_t x; FILE * val; } parm1 = { .val = stream };
		return (int) arch_syscall_invoke2(parm0.x, parm1.x, K_SYSCALL_ZEPHYR_FPUTC);
	}
#endif
	compiler_barrier();
	return z_impl_zephyr_fputc(c, stream);
 8007db6:	f7fa ff45 	bl	8002c44 <z_impl_zephyr_fputc>
}
 8007dba:	2000      	movs	r0, #0
 8007dbc:	bd08      	pop	{r3, pc}

08007dbe <stm32_exti_init>:

/**
 * @brief Initializes the EXTI interrupt controller driver
 */
static int stm32_exti_init(const struct device *dev)
{
 8007dbe:	b508      	push	{r3, lr}
	ARG_UNUSED(dev);

	return stm32_exti_enable_clocks();
 8007dc0:	f7fa ff66 	bl	8002c90 <stm32_exti_enable_clocks>
}
 8007dc4:	bd08      	pop	{r3, pc}

08007dc6 <stm32_exti_gpio_intc_init>:
{
 8007dc6:	b508      	push	{r3, lr}
	DT_FOREACH_PROP_ELEM(EXTI_NODE,
 8007dc8:	2206      	movs	r2, #6
 8007dca:	2101      	movs	r1, #1
 8007dcc:	2000      	movs	r0, #0
 8007dce:	f7fa ffaf 	bl	8002d30 <stm32_fill_irq_table>
 8007dd2:	2200      	movs	r2, #0
 8007dd4:	4611      	mov	r1, r2
 8007dd6:	2006      	movs	r0, #6
 8007dd8:	f7ff fe8c 	bl	8007af4 <arm_irq_priority_set>
 8007ddc:	2207      	movs	r2, #7
 8007dde:	2101      	movs	r1, #1
 8007de0:	4608      	mov	r0, r1
 8007de2:	f7fa ffa5 	bl	8002d30 <stm32_fill_irq_table>
 8007de6:	2200      	movs	r2, #0
 8007de8:	4611      	mov	r1, r2
 8007dea:	2007      	movs	r0, #7
 8007dec:	f7ff fe82 	bl	8007af4 <arm_irq_priority_set>
 8007df0:	2208      	movs	r2, #8
 8007df2:	2101      	movs	r1, #1
 8007df4:	2002      	movs	r0, #2
 8007df6:	f7fa ff9b 	bl	8002d30 <stm32_fill_irq_table>
 8007dfa:	2200      	movs	r2, #0
 8007dfc:	4611      	mov	r1, r2
 8007dfe:	2008      	movs	r0, #8
 8007e00:	f7ff fe78 	bl	8007af4 <arm_irq_priority_set>
 8007e04:	2209      	movs	r2, #9
 8007e06:	2101      	movs	r1, #1
 8007e08:	2003      	movs	r0, #3
 8007e0a:	f7fa ff91 	bl	8002d30 <stm32_fill_irq_table>
 8007e0e:	2200      	movs	r2, #0
 8007e10:	4611      	mov	r1, r2
 8007e12:	2009      	movs	r0, #9
 8007e14:	f7ff fe6e 	bl	8007af4 <arm_irq_priority_set>
 8007e18:	220a      	movs	r2, #10
 8007e1a:	2101      	movs	r1, #1
 8007e1c:	2004      	movs	r0, #4
 8007e1e:	f7fa ff87 	bl	8002d30 <stm32_fill_irq_table>
 8007e22:	2200      	movs	r2, #0
 8007e24:	4611      	mov	r1, r2
 8007e26:	200a      	movs	r0, #10
 8007e28:	f7ff fe64 	bl	8007af4 <arm_irq_priority_set>
 8007e2c:	2217      	movs	r2, #23
 8007e2e:	2105      	movs	r1, #5
 8007e30:	4608      	mov	r0, r1
 8007e32:	f7fa ff7d 	bl	8002d30 <stm32_fill_irq_table>
 8007e36:	2200      	movs	r2, #0
 8007e38:	4611      	mov	r1, r2
 8007e3a:	2017      	movs	r0, #23
 8007e3c:	f7ff fe5a 	bl	8007af4 <arm_irq_priority_set>
 8007e40:	2228      	movs	r2, #40	@ 0x28
 8007e42:	2106      	movs	r1, #6
 8007e44:	200a      	movs	r0, #10
 8007e46:	f7fa ff73 	bl	8002d30 <stm32_fill_irq_table>
 8007e4a:	2200      	movs	r2, #0
 8007e4c:	4611      	mov	r1, r2
 8007e4e:	2028      	movs	r0, #40	@ 0x28
 8007e50:	f7ff fe50 	bl	8007af4 <arm_irq_priority_set>
}
 8007e54:	2000      	movs	r0, #0
 8007e56:	bd08      	pop	{r3, pc}

08007e58 <stm32_gpio_intc_get_pin_irq_line>:
 8007e58:	f001 011f 	and.w	r1, r1, #31
}
 8007e5c:	2001      	movs	r0, #1
 8007e5e:	4088      	lsls	r0, r1
 8007e60:	4770      	bx	lr

08007e62 <stm32_exti_set_line_src_port>:

void stm32_exti_set_line_src_port(gpio_pin_t line, uint32_t port)
{
 8007e62:	b508      	push	{r3, lr}
 8007e64:	4602      	mov	r2, r0
 8007e66:	4608      	mov	r0, r1
	return (0xF << ((linenum % 4 * 4) + 16)) | (linenum / 4);
 8007e68:	f002 0303 	and.w	r3, r2, #3
 8007e6c:	3304      	adds	r3, #4
 8007e6e:	009b      	lsls	r3, r3, #2
 8007e70:	210f      	movs	r1, #15
 8007e72:	4099      	lsls	r1, r3
#elif DT_HAS_COMPAT_STATUS_OKAY(st_stm32h7rs_exti)
	LL_SBS_SetEXTISource(port, ll_line);
#elif defined(CONFIG_SOC_SERIES_STM32MP2X)
	LL_EXTI_SetEXTISource(EXTI2, port, ll_line);
#else
	LL_SYSCFG_SetEXTISource(port, ll_line);
 8007e74:	ea41 0192 	orr.w	r1, r1, r2, lsr #2
 8007e78:	f7fa ff90 	bl	8002d9c <LL_SYSCFG_SetEXTISource>
#endif
	z_stm32_hsem_unlock(CFG_HW_EXTI_SEMID);
}
 8007e7c:	bd08      	pop	{r3, pc}

08007e7e <stm32_exti_get_line_src_port>:

uint32_t stm32_exti_get_line_src_port(gpio_pin_t line)
{
 8007e7e:	b508      	push	{r3, lr}
	return (0xF << ((linenum % 4 * 4) + 16)) | (linenum / 4);
 8007e80:	f000 0303 	and.w	r3, r0, #3
 8007e84:	3304      	adds	r3, #4
 8007e86:	009b      	lsls	r3, r3, #2
 8007e88:	220f      	movs	r2, #15
 8007e8a:	fa02 f303 	lsl.w	r3, r2, r3
#elif DT_HAS_COMPAT_STATUS_OKAY(st_stm32h7rs_exti)
	port = LL_SBS_GetEXTISource(ll_line);
#elif defined(CONFIG_SOC_SERIES_STM32MP2X)
	port = LL_EXTI_GetEXTISource(EXTI2, ll_line);
#else
	port = LL_SYSCFG_GetEXTISource(ll_line);
 8007e8e:	ea43 0090 	orr.w	r0, r3, r0, lsr #2
 8007e92:	f7fa ff9f 	bl	8002dd4 <LL_SYSCFG_GetEXTISource>
		port = port + STM32_PORT_GAP;
	}
#endif

	return port;
}
 8007e96:	bd08      	pop	{r3, pc}

08007e98 <adc_stm32_enable>:
  return (READ_BIT(ADCx->CR2, ADC_CR2_ADON) == (ADC_CR2_ADON));
 8007e98:	6883      	ldr	r3, [r0, #8]
	if (LL_ADC_IsEnabled(adc) == 1UL) {
 8007e9a:	f013 0f01 	tst.w	r3, #1
 8007e9e:	d103      	bne.n	8007ea8 <adc_stm32_enable+0x10>
  SET_BIT(ADCx->CR2, ADC_CR2_ADON);
 8007ea0:	6883      	ldr	r3, [r0, #8]
 8007ea2:	f043 0301 	orr.w	r3, r3, #1
 8007ea6:	6083      	str	r3, [r0, #8]
}
 8007ea8:	2000      	movs	r0, #0
 8007eaa:	4770      	bx	lr

08007eac <adc_stm32_start_conversion>:
	const struct adc_stm32_cfg *config = dev->config;
 8007eac:	6843      	ldr	r3, [r0, #4]
	ADC_TypeDef *adc = config->base;
 8007eae:	681a      	ldr	r2, [r3, #0]
  SET_BIT(ADCx->CR2, ADC_CR2_SWSTART);
 8007eb0:	6893      	ldr	r3, [r2, #8]
 8007eb2:	f043 4380 	orr.w	r3, r3, #1073741824	@ 0x40000000
 8007eb6:	6093      	str	r3, [r2, #8]
}
 8007eb8:	4770      	bx	lr

08007eba <adc_stm32_disable>:
  return (READ_BIT(ADCx->CR2, ADC_CR2_ADON) == (ADC_CR2_ADON));
 8007eba:	6883      	ldr	r3, [r0, #8]
	if (LL_ADC_IsEnabled(adc) != 1UL) {
 8007ebc:	f013 0f01 	tst.w	r3, #1
 8007ec0:	d00e      	beq.n	8007ee0 <adc_stm32_disable+0x26>
	return *(volatile uint32_t *)addr;
 8007ec2:	6803      	ldr	r3, [r0, #0]
	if ((stm32_reg_read(&adc->SR) & LL_ADC_FLAG_STRT) == LL_ADC_FLAG_STRT && !force) {
 8007ec4:	f013 0f10 	tst.w	r3, #16
 8007ec8:	d000      	beq.n	8007ecc <adc_stm32_disable+0x12>
 8007eca:	b159      	cbz	r1, 8007ee4 <adc_stm32_disable+0x2a>
  CLEAR_BIT(ADCx->CR2, ADC_CR2_ADON);
 8007ecc:	6883      	ldr	r3, [r0, #8]
 8007ece:	f023 0301 	bic.w	r3, r3, #1
 8007ed2:	6083      	str	r3, [r0, #8]
  return (READ_BIT(ADCx->CR2, ADC_CR2_ADON) == (ADC_CR2_ADON));
 8007ed4:	6883      	ldr	r3, [r0, #8]
		while (LL_ADC_IsEnabled(adc) == 1UL) {
 8007ed6:	f013 0f01 	tst.w	r3, #1
 8007eda:	d1fb      	bne.n	8007ed4 <adc_stm32_disable+0x1a>
 8007edc:	2000      	movs	r0, #0
 8007ede:	4770      	bx	lr
		return 0;
 8007ee0:	2000      	movs	r0, #0
 8007ee2:	4770      	bx	lr
		err = -EBUSY;
 8007ee4:	f06f 000f 	mvn.w	r0, #15
}
 8007ee8:	4770      	bx	lr

08007eea <adc_context_start_sampling>:
{
 8007eea:	b508      	push	{r3, lr}
	data->repeat_buffer = data->buffer;
 8007eec:	f8d0 3094 	ldr.w	r3, [r0, #148]	@ 0x94
 8007ef0:	f8c0 3098 	str.w	r3, [r0, #152]	@ 0x98
	adc_stm32_start_conversion(dev);
 8007ef4:	f8d0 0090 	ldr.w	r0, [r0, #144]	@ 0x90
 8007ef8:	f7ff ffd8 	bl	8007eac <adc_stm32_start_conversion>
}
 8007efc:	bd08      	pop	{r3, pc}

08007efe <adc_context_update_buffer_pointer>:
	if (repeat_sampling) {
 8007efe:	b119      	cbz	r1, 8007f08 <adc_context_update_buffer_pointer+0xa>
		data->buffer = data->repeat_buffer;
 8007f00:	f8d0 3098 	ldr.w	r3, [r0, #152]	@ 0x98
 8007f04:	f8c0 3094 	str.w	r3, [r0, #148]	@ 0x94
}
 8007f08:	4770      	bx	lr

08007f0a <adc_context_on_complete>:
	data->acq_time_index[0] = -1;
 8007f0a:	23ff      	movs	r3, #255	@ 0xff
 8007f0c:	f880 30a6 	strb.w	r3, [r0, #166]	@ 0xa6
	data->acq_time_index[1] = -1;
 8007f10:	f880 30a7 	strb.w	r3, [r0, #167]	@ 0xa7
}
 8007f14:	4770      	bx	lr

08007f16 <LL_ADC_REG_SetSequencerRanks>:
{
 8007f16:	b500      	push	{lr}
  __IO uint32_t *preg = __ADC_PTR_REG_OFFSET(ADCx->SQR1, __ADC_MASK_SHIFT(Rank, ADC_REG_SQRX_REGOFFSET_MASK));
 8007f18:	302c      	adds	r0, #44	@ 0x2c
 8007f1a:	f401 7c40 	and.w	ip, r1, #768	@ 0x300
   __ASM ("rbit %0, %1" : "=r" (result) : "r" (value) );
 8007f1e:	f44f 7340 	mov.w	r3, #768	@ 0x300
 8007f22:	fa93 f3a3 	rbit	r3, r3
  if (value == 0U)
 8007f26:	b1ab      	cbz	r3, 8007f54 <LL_ADC_REG_SetSequencerRanks+0x3e>
  return __builtin_clz(value);
 8007f28:	fab3 f383 	clz	r3, r3
 8007f2c:	fa2c fc03 	lsr.w	ip, ip, r3
  MODIFY_REG(*preg,
 8007f30:	f850 302c 	ldr.w	r3, [r0, ip, lsl #2]
 8007f34:	f001 011f 	and.w	r1, r1, #31
 8007f38:	f04f 0e1f 	mov.w	lr, #31
 8007f3c:	fa0e fe01 	lsl.w	lr, lr, r1
 8007f40:	ea23 030e 	bic.w	r3, r3, lr
 8007f44:	f002 021f 	and.w	r2, r2, #31
 8007f48:	408a      	lsls	r2, r1
 8007f4a:	4313      	orrs	r3, r2
 8007f4c:	f840 302c 	str.w	r3, [r0, ip, lsl #2]
}
 8007f50:	f85d fb04 	ldr.w	pc, [sp], #4
    return 32U;
 8007f54:	2320      	movs	r3, #32
 8007f56:	e7e9      	b.n	8007f2c <LL_ADC_REG_SetSequencerRanks+0x16>

08007f58 <LL_ADC_SetChannelSamplingTime>:
{
 8007f58:	b510      	push	{r4, lr}
  __IO uint32_t *preg = __ADC_PTR_REG_OFFSET(ADCx->SMPR1, __ADC_MASK_SHIFT(Channel, ADC_CHANNEL_SMPRX_REGOFFSET_MASK));
 8007f5a:	300c      	adds	r0, #12
 8007f5c:	f001 7e00 	and.w	lr, r1, #33554432	@ 0x2000000
   __ASM ("rbit %0, %1" : "=r" (result) : "r" (value) );
 8007f60:	f04f 7300 	mov.w	r3, #33554432	@ 0x2000000
 8007f64:	fa93 f3a3 	rbit	r3, r3
  if (value == 0U)
 8007f68:	b323      	cbz	r3, 8007fb4 <LL_ADC_SetChannelSamplingTime+0x5c>
  return __builtin_clz(value);
 8007f6a:	fab3 f383 	clz	r3, r3
 8007f6e:	fa2e fe03 	lsr.w	lr, lr, r3
  MODIFY_REG(*preg,
 8007f72:	f850 402e 	ldr.w	r4, [r0, lr, lsl #2]
 8007f76:	f001 71f8 	and.w	r1, r1, #32505856	@ 0x1f00000
   __ASM ("rbit %0, %1" : "=r" (result) : "r" (value) );
 8007f7a:	f04f 73f8 	mov.w	r3, #32505856	@ 0x1f00000
 8007f7e:	fa93 f3a3 	rbit	r3, r3
  if (value == 0U)
 8007f82:	b1cb      	cbz	r3, 8007fb8 <LL_ADC_SetChannelSamplingTime+0x60>
  return __builtin_clz(value);
 8007f84:	fab3 f383 	clz	r3, r3
 8007f88:	fa21 f303 	lsr.w	r3, r1, r3
 8007f8c:	f04f 0c07 	mov.w	ip, #7
 8007f90:	fa0c f303 	lsl.w	r3, ip, r3
 8007f94:	ea24 0c03 	bic.w	ip, r4, r3
   __ASM ("rbit %0, %1" : "=r" (result) : "r" (value) );
 8007f98:	f04f 73f8 	mov.w	r3, #32505856	@ 0x1f00000
 8007f9c:	fa93 f3a3 	rbit	r3, r3
  if (value == 0U)
 8007fa0:	b163      	cbz	r3, 8007fbc <LL_ADC_SetChannelSamplingTime+0x64>
  return __builtin_clz(value);
 8007fa2:	fab3 f383 	clz	r3, r3
 8007fa6:	40d9      	lsrs	r1, r3
 8007fa8:	408a      	lsls	r2, r1
 8007faa:	ea4c 0202 	orr.w	r2, ip, r2
 8007fae:	f840 202e 	str.w	r2, [r0, lr, lsl #2]
}
 8007fb2:	bd10      	pop	{r4, pc}
    return 32U;
 8007fb4:	2320      	movs	r3, #32
 8007fb6:	e7da      	b.n	8007f6e <LL_ADC_SetChannelSamplingTime+0x16>
 8007fb8:	2320      	movs	r3, #32
 8007fba:	e7e5      	b.n	8007f88 <LL_ADC_SetChannelSamplingTime+0x30>
 8007fbc:	2320      	movs	r3, #32
 8007fbe:	e7f2      	b.n	8007fa6 <LL_ADC_SetChannelSamplingTime+0x4e>

08007fc0 <adc_context_start_read>:
	k_sem_give(&ctx->sync);
}

static inline void adc_context_start_read(struct adc_context *ctx,
					  const struct adc_sequence *sequence)
{
 8007fc0:	b538      	push	{r3, r4, r5, lr}
 8007fc2:	4684      	mov	ip, r0
 8007fc4:	460d      	mov	r5, r1
	ctx->sequence = *sequence;
 8007fc6:	f100 0e64 	add.w	lr, r0, #100	@ 0x64
 8007fca:	460c      	mov	r4, r1
 8007fcc:	cc0f      	ldmia	r4!, {r0, r1, r2, r3}
 8007fce:	e8ae 000f 	stmia.w	lr!, {r0, r1, r2, r3}
 8007fd2:	6823      	ldr	r3, [r4, #0]
 8007fd4:	f8ce 3000 	str.w	r3, [lr]
	ctx->status = 0;
 8007fd8:	2300      	movs	r3, #0
 8007fda:	f8cc 3060 	str.w	r3, [ip, #96]	@ 0x60

	if (sequence->options) {
 8007fde:	682b      	ldr	r3, [r5, #0]
 8007fe0:	b153      	cbz	r3, 8007ff8 <adc_context_start_read+0x38>
		ctx->options = *sequence->options;
 8007fe2:	f10c 0478 	add.w	r4, ip, #120	@ 0x78
 8007fe6:	cb0f      	ldmia	r3, {r0, r1, r2, r3}
 8007fe8:	e884 000f 	stmia.w	r4, {r0, r1, r2, r3}
		ctx->sequence.options = &ctx->options;
 8007fec:	f8cc 4064 	str.w	r4, [ip, #100]	@ 0x64
		ctx->sampling_index = 0U;
 8007ff0:	2300      	movs	r3, #0
 8007ff2:	f8ac 3088 	strh.w	r3, [ip, #136]	@ 0x88

		if (ctx->options.interval_us != 0U) {
 8007ff6:	b918      	cbnz	r0, 8008000 <adc_context_start_read+0x40>
			adc_context_enable_timer(ctx);
			return;
		}
	}

	adc_context_start_sampling(ctx);
 8007ff8:	4660      	mov	r0, ip
 8007ffa:	f7ff ff76 	bl	8007eea <adc_context_start_sampling>
}
 8007ffe:	bd38      	pop	{r3, r4, r5, pc}
	return __atomic_exchange_n(target, value, __ATOMIC_SEQ_CST);
 8008000:	2300      	movs	r3, #0
 8008002:	f3bf 8f5b 	dmb	ish
 8008006:	e85c 2f00 	ldrex	r2, [ip]
 800800a:	e84c 3100 	strex	r1, r3, [ip]
 800800e:	2900      	cmp	r1, #0
 8008010:	d1f9      	bne.n	8008006 <adc_context_start_read+0x46>
 8008012:	f3bf 8f5b 	dmb	ish
			adc_context_enable_timer(ctx);
 8008016:	4660      	mov	r0, ip
 8008018:	f7fb f8fa 	bl	8003210 <adc_context_enable_timer>
			return;
 800801c:	e7ef      	b.n	8007ffe <adc_context_start_read+0x3e>

0800801e <adc_context_wait_for_completion>:
{
 800801e:	b510      	push	{r4, lr}
 8008020:	4604      	mov	r4, r0
	int status = k_sem_take(&ctx->sync, ADC_CONTEXT_WAIT_FOR_COMPLETION_TIMEOUT);
 8008022:	3050      	adds	r0, #80	@ 0x50
	return z_impl_k_sem_take(sem, timeout);
 8008024:	f04f 32ff 	mov.w	r2, #4294967295
 8008028:	f04f 33ff 	mov.w	r3, #4294967295
 800802c:	f7fd f8b6 	bl	800519c <z_impl_k_sem_take>
	if (status != 0) {
 8008030:	b100      	cbz	r0, 8008034 <adc_context_wait_for_completion+0x16>
		ctx->status = status;
 8008032:	6620      	str	r0, [r4, #96]	@ 0x60
}
 8008034:	6e20      	ldr	r0, [r4, #96]	@ 0x60
 8008036:	bd10      	pop	{r4, pc}

08008038 <adc_context_lock>:
{
 8008038:	b508      	push	{r3, lr}
	k_sem_take(&ctx->lock, K_FOREVER);
 800803a:	3040      	adds	r0, #64	@ 0x40
 800803c:	f04f 32ff 	mov.w	r2, #4294967295
 8008040:	f04f 33ff 	mov.w	r3, #4294967295
 8008044:	f7fd f8aa 	bl	800519c <z_impl_k_sem_take>
}
 8008048:	bd08      	pop	{r3, pc}

0800804a <adc_stm32_read>:
{
 800804a:	b570      	push	{r4, r5, r6, lr}
 800804c:	4605      	mov	r5, r0
 800804e:	460e      	mov	r6, r1
	struct adc_stm32_data *data = dev->data;
 8008050:	6904      	ldr	r4, [r0, #16]
	adc_context_lock(ctx, asynchronous, async_sig);
 8008052:	4619      	mov	r1, r3
 8008054:	4620      	mov	r0, r4
 8008056:	f7ff ffef 	bl	8008038 <adc_context_lock>
	error = read_fn(dev, sequence);
 800805a:	4631      	mov	r1, r6
 800805c:	4628      	mov	r0, r5
 800805e:	f7fb f911 	bl	8003284 <start_read>
 8008062:	4605      	mov	r5, r0
	k_sem_give(&ctx->lock);
 8008064:	f104 0040 	add.w	r0, r4, #64	@ 0x40
	z_impl_k_sem_give(sem);
 8008068:	f7fd f862 	bl	8005130 <z_impl_k_sem_give>
}
 800806c:	4628      	mov	r0, r5
 800806e:	bd70      	pop	{r4, r5, r6, pc}

08008070 <adc_stm32_read_sync>:
{
 8008070:	b508      	push	{r3, lr}
	return adc_stm32_read(dev, sequence, NULL, false);
 8008072:	2300      	movs	r3, #0
 8008074:	461a      	mov	r2, r3
 8008076:	f7ff ffe8 	bl	800804a <adc_stm32_read>
}
 800807a:	bd08      	pop	{r3, pc}

0800807c <adc_context_unlock_unconditionally>:
{
 800807c:	b508      	push	{r3, lr}
/**
 * @internal
 */
static inline unsigned int z_impl_k_sem_count_get(struct k_sem *sem)
{
	return sem->count;
 800807e:	6c83      	ldr	r3, [r0, #72]	@ 0x48
	if (!k_sem_count_get(&ctx->lock)) {
 8008080:	b103      	cbz	r3, 8008084 <adc_context_unlock_unconditionally+0x8>
}
 8008082:	bd08      	pop	{r3, pc}
		k_sem_give(&ctx->lock);
 8008084:	3040      	adds	r0, #64	@ 0x40
 8008086:	f7fd f853 	bl	8005130 <z_impl_k_sem_give>
}
 800808a:	e7fa      	b.n	8008082 <adc_context_unlock_unconditionally+0x6>

0800808c <adc_context_complete>:
{
 800808c:	b538      	push	{r3, r4, r5, lr}
 800808e:	4604      	mov	r4, r0
 8008090:	460d      	mov	r5, r1
	adc_context_on_complete(ctx, status);
 8008092:	f7ff ff3a 	bl	8007f0a <adc_context_on_complete>
	if (status != 0) {
 8008096:	b105      	cbz	r5, 800809a <adc_context_complete+0xe>
		ctx->status = status;
 8008098:	6625      	str	r5, [r4, #96]	@ 0x60
	k_sem_give(&ctx->sync);
 800809a:	f104 0050 	add.w	r0, r4, #80	@ 0x50
 800809e:	f7fd f847 	bl	8005130 <z_impl_k_sem_give>
}
 80080a2:	bd38      	pop	{r3, r4, r5, pc}

080080a4 <pinctrl_apply_state>:
 * @retval -ENOENT If given state id does not exist.
 * @retval -errno Negative errno for other failures.
 */
static inline int pinctrl_apply_state(const struct pinctrl_dev_config *config,
				      uint8_t id)
{
 80080a4:	b500      	push	{lr}
 80080a6:	b083      	sub	sp, #12
	int ret;
	const struct pinctrl_state *state;

	ret = pinctrl_lookup_state(config, id, &state);
 80080a8:	aa01      	add	r2, sp, #4
 80080aa:	f000 fa2d 	bl	8008508 <pinctrl_lookup_state>
	if (ret < 0) {
 80080ae:	2800      	cmp	r0, #0
 80080b0:	db05      	blt.n	80080be <pinctrl_apply_state+0x1a>
		return ret;
	}

	return pinctrl_apply_state_direct(config, state);
 80080b2:	9b01      	ldr	r3, [sp, #4]
	return pinctrl_configure_pins(state->pins, state->pin_cnt, reg);
 80080b4:	2200      	movs	r2, #0
 80080b6:	7919      	ldrb	r1, [r3, #4]
 80080b8:	6818      	ldr	r0, [r3, #0]
 80080ba:	f000 fa3e 	bl	800853a <pinctrl_configure_pins>
}
 80080be:	b003      	add	sp, #12
 80080c0:	f85d fb04 	ldr.w	pc, [sp], #4

080080c4 <adc_context_request_next_sampling>:
{
 80080c4:	b508      	push	{r3, lr}
	return __atomic_fetch_add(target, value, __ATOMIC_SEQ_CST);
 80080c6:	f3bf 8f5b 	dmb	ish
 80080ca:	e850 3f00 	ldrex	r3, [r0]
 80080ce:	1c5a      	adds	r2, r3, #1
 80080d0:	e840 2100 	strex	r1, r2, [r0]
 80080d4:	2900      	cmp	r1, #0
 80080d6:	d1f8      	bne.n	80080ca <adc_context_request_next_sampling+0x6>
 80080d8:	f3bf 8f5b 	dmb	ish
	if (atomic_inc(&ctx->sampling_requested) == 0) {
 80080dc:	b11b      	cbz	r3, 80080e6 <adc_context_request_next_sampling+0x22>
		ctx->status = -EBUSY;
 80080de:	f06f 030f 	mvn.w	r3, #15
 80080e2:	6603      	str	r3, [r0, #96]	@ 0x60
}
 80080e4:	bd08      	pop	{r3, pc}
		adc_context_start_sampling(ctx);
 80080e6:	f7ff ff00 	bl	8007eea <adc_context_start_sampling>
 80080ea:	e7fb      	b.n	80080e4 <adc_context_request_next_sampling+0x20>

080080ec <adc_context_on_timer_expired>:
{
 80080ec:	b508      	push	{r3, lr}
	adc_context_request_next_sampling(ctx);
 80080ee:	3808      	subs	r0, #8
 80080f0:	f7ff ffe8 	bl	80080c4 <adc_context_request_next_sampling>
}
 80080f4:	bd08      	pop	{r3, pc}

080080f6 <adc_stm32_isr_18_init>:
DT_INST_FOREACH_STATUS_OKAY(GENERATE_ISR)
 80080f6:	b508      	push	{r3, lr}
 80080f8:	2200      	movs	r2, #0
 80080fa:	4611      	mov	r1, r2
 80080fc:	2012      	movs	r0, #18
 80080fe:	f7ff fcf9 	bl	8007af4 <arm_irq_priority_set>
 8008102:	2012      	movs	r0, #18
 8008104:	f7ff fcf1 	bl	8007aea <arm_irq_enable>
 8008108:	bd08      	pop	{r3, pc}

0800810a <adc_context_on_sampling_done>:
 * depending on the realized sequence) is done. It calls the defined callback
 * function if required and takes further actions accordingly.
 */
static inline void adc_context_on_sampling_done(struct adc_context *ctx,
						const struct device *dev)
{
 800810a:	b510      	push	{r4, lr}
 800810c:	4604      	mov	r4, r0
	if (ctx->sequence.options) {
 800810e:	6e43      	ldr	r3, [r0, #100]	@ 0x64
 8008110:	b19b      	cbz	r3, 800813a <adc_context_on_sampling_done+0x30>
 8008112:	4608      	mov	r0, r1
		adc_sequence_callback callback = ctx->options.callback;
 8008114:	6fe3      	ldr	r3, [r4, #124]	@ 0x7c
		enum adc_action action;
		bool finish = false;
		bool repeat = false;

		if (callback) {
 8008116:	b143      	cbz	r3, 800812a <adc_context_on_sampling_done+0x20>
			action = callback(dev,
 8008118:	f8b4 2088 	ldrh.w	r2, [r4, #136]	@ 0x88
 800811c:	f104 0164 	add.w	r1, r4, #100	@ 0x64
 8008120:	4798      	blx	r3
					  ctx->sampling_index);
		} else {
			action = ADC_ACTION_CONTINUE;
		}

		switch (action) {
 8008122:	2801      	cmp	r0, #1
 8008124:	d013      	beq.n	800814e <adc_context_on_sampling_done+0x44>
 8008126:	2802      	cmp	r0, #2
 8008128:	d005      	beq.n	8008136 <adc_context_on_sampling_done+0x2c>
			break;
		case ADC_ACTION_FINISH:
			finish = true;
			break;
		default: /* ADC_ACTION_CONTINUE */
			if (ctx->sampling_index <
 800812a:	f8b4 3088 	ldrh.w	r3, [r4, #136]	@ 0x88
			    ctx->options.extra_samplings) {
 800812e:	f8b4 2084 	ldrh.w	r2, [r4, #132]	@ 0x84
			if (ctx->sampling_index <
 8008132:	4293      	cmp	r3, r2
 8008134:	d306      	bcc.n	8008144 <adc_context_on_sampling_done+0x3a>
			}

			return;
		}

		if (ctx->options.interval_us != 0U) {
 8008136:	6fa3      	ldr	r3, [r4, #120]	@ 0x78
 8008138:	bb23      	cbnz	r3, 8008184 <adc_context_on_sampling_done+0x7a>
			adc_context_disable_timer(ctx);
		}
	}

	adc_context_complete(ctx, 0);
 800813a:	2100      	movs	r1, #0
 800813c:	4620      	mov	r0, r4
 800813e:	f7ff ffa5 	bl	800808c <adc_context_complete>
}
 8008142:	bd10      	pop	{r4, pc}
				++ctx->sampling_index;
 8008144:	3301      	adds	r3, #1
 8008146:	f8a4 3088 	strh.w	r3, [r4, #136]	@ 0x88
		bool repeat = false;
 800814a:	2100      	movs	r1, #0
 800814c:	e000      	b.n	8008150 <adc_context_on_sampling_done+0x46>
		switch (action) {
 800814e:	2101      	movs	r1, #1
			adc_context_update_buffer_pointer(ctx, repeat);
 8008150:	4620      	mov	r0, r4
 8008152:	f7ff fed4 	bl	8007efe <adc_context_update_buffer_pointer>
			if (ctx->options.interval_us == 0U) {
 8008156:	6fa3      	ldr	r3, [r4, #120]	@ 0x78
 8008158:	b91b      	cbnz	r3, 8008162 <adc_context_on_sampling_done+0x58>
				adc_context_start_sampling(ctx);
 800815a:	4620      	mov	r0, r4
 800815c:	f7ff fec5 	bl	8007eea <adc_context_start_sampling>
 8008160:	e7ef      	b.n	8008142 <adc_context_on_sampling_done+0x38>
	return __atomic_fetch_sub(target, value, __ATOMIC_SEQ_CST);
 8008162:	f3bf 8f5b 	dmb	ish
 8008166:	e854 3f00 	ldrex	r3, [r4]
 800816a:	1e5a      	subs	r2, r3, #1
 800816c:	e844 2100 	strex	r1, r2, [r4]
 8008170:	2900      	cmp	r1, #0
 8008172:	d1f8      	bne.n	8008166 <adc_context_on_sampling_done+0x5c>
 8008174:	f3bf 8f5b 	dmb	ish
			} else if (atomic_dec(&ctx->sampling_requested) > 1) {
 8008178:	2b01      	cmp	r3, #1
 800817a:	dde2      	ble.n	8008142 <adc_context_on_sampling_done+0x38>
				adc_context_start_sampling(ctx);
 800817c:	4620      	mov	r0, r4
 800817e:	f7ff feb4 	bl	8007eea <adc_context_start_sampling>
			return;
 8008182:	e7de      	b.n	8008142 <adc_context_on_sampling_done+0x38>
	k_timer_stop(&ctx->timer);
 8008184:	f104 0008 	add.w	r0, r4, #8
	z_impl_k_timer_stop(timer);
 8008188:	f7fd ff2e 	bl	8005fe8 <z_impl_k_timer_stop>
}
 800818c:	e7d5      	b.n	800813a <adc_context_on_sampling_done+0x30>

0800818e <get_pll_div_frequency>:
	return pllsrc_freq / pllm_div * plln_mul / pllout_div;
 800818e:	fbb0 f0f1 	udiv	r0, r0, r1
 8008192:	fb02 f000 	mul.w	r0, r2, r0
}
 8008196:	fbb0 f0f3 	udiv	r0, r0, r3
 800819a:	4770      	bx	lr

0800819c <get_bus_clock>:
}
 800819c:	fbb0 f0f1 	udiv	r0, r0, r1
 80081a0:	4770      	bx	lr

080081a2 <stm32_clock_control_on>:
	if (!IN_RANGE(pclken->bus, STM32_PERIPH_BUS_MIN, STM32_PERIPH_BUS_MAX)) {
 80081a2:	880b      	ldrh	r3, [r1, #0]
 80081a4:	f3c3 030b 	ubfx	r3, r3, #0, #12
 80081a8:	f503 627d 	add.w	r2, r3, #4048	@ 0xfd0
 80081ac:	f3c2 020b 	ubfx	r2, r2, #0, #12
 80081b0:	2a78      	cmp	r2, #120	@ 0x78
 80081b2:	d815      	bhi.n	80081e0 <stm32_clock_control_on+0x3e>
{
 80081b4:	b082      	sub	sp, #8
	sys_set_bits(DT_REG_ADDR(DT_NODELABEL(rcc)) + pclken->bus,
 80081b6:	f103 4380 	add.w	r3, r3, #1073741824	@ 0x40000000
 80081ba:	f503 330e 	add.w	r3, r3, #145408	@ 0x23800
 80081be:	684a      	ldr	r2, [r1, #4]
	return temp & (1U << bit);
}

static ALWAYS_INLINE void sys_set_bits(mem_addr_t addr, unsigned int mask)
{
	uint32_t temp = *(volatile uint32_t *)addr;
 80081c0:	6818      	ldr	r0, [r3, #0]

	*(volatile uint32_t *)addr = temp | mask;
 80081c2:	4302      	orrs	r2, r0
 80081c4:	601a      	str	r2, [r3, #0]
	temp = sys_read32(DT_REG_ADDR(DT_NODELABEL(rcc)) + pclken->bus);
 80081c6:	880b      	ldrh	r3, [r1, #0]
 80081c8:	f3c3 030b 	ubfx	r3, r3, #0, #12
 80081cc:	f103 4380 	add.w	r3, r3, #1073741824	@ 0x40000000
 80081d0:	f503 330e 	add.w	r3, r3, #145408	@ 0x23800
 80081d4:	681b      	ldr	r3, [r3, #0]
 80081d6:	9301      	str	r3, [sp, #4]
	UNUSED(temp);
 80081d8:	9b01      	ldr	r3, [sp, #4]
	return 0;
 80081da:	2000      	movs	r0, #0
}
 80081dc:	b002      	add	sp, #8
 80081de:	4770      	bx	lr
		return -ENOTSUP;
 80081e0:	f06f 0085 	mvn.w	r0, #133	@ 0x85
}
 80081e4:	4770      	bx	lr

080081e6 <stm32_clock_control_off>:
	if (!IN_RANGE(pclken->bus, STM32_PERIPH_BUS_MIN, STM32_PERIPH_BUS_MAX)) {
 80081e6:	880b      	ldrh	r3, [r1, #0]
 80081e8:	f3c3 030b 	ubfx	r3, r3, #0, #12
 80081ec:	f503 627d 	add.w	r2, r3, #4048	@ 0xfd0
 80081f0:	f3c2 020b 	ubfx	r2, r2, #0, #12
 80081f4:	2a78      	cmp	r2, #120	@ 0x78
 80081f6:	d80a      	bhi.n	800820e <stm32_clock_control_off+0x28>
	sys_clear_bits(DT_REG_ADDR(DT_NODELABEL(rcc)) + pclken->bus,
 80081f8:	f103 4380 	add.w	r3, r3, #1073741824	@ 0x40000000
 80081fc:	f503 330e 	add.w	r3, r3, #145408	@ 0x23800
 8008200:	6849      	ldr	r1, [r1, #4]
}

static ALWAYS_INLINE void sys_clear_bits(mem_addr_t addr, unsigned int mask)
{
	uint32_t temp = *(volatile uint32_t *)addr;
 8008202:	681a      	ldr	r2, [r3, #0]

	*(volatile uint32_t *)addr = temp & ~mask;
 8008204:	ea22 0201 	bic.w	r2, r2, r1
 8008208:	601a      	str	r2, [r3, #0]
	return 0;
 800820a:	2000      	movs	r0, #0
 800820c:	4770      	bx	lr
		return -ENOTSUP;
 800820e:	f06f 0085 	mvn.w	r0, #133	@ 0x85
}
 8008212:	4770      	bx	lr

08008214 <stm32_clock_control_configure>:
{
 8008214:	b570      	push	{r4, r5, r6, lr}
	uint32_t enr = pclken->enr;
 8008216:	684c      	ldr	r4, [r1, #4]
	uint32_t shift = STM32_DT_CLKSEL_SHIFT_GET(enr);
 8008218:	f3c4 4504 	ubfx	r5, r4, #16, #5
	err = enabled_clock(pclken->bus);
 800821c:	8808      	ldrh	r0, [r1, #0]
 800821e:	f3c0 000b 	ubfx	r0, r0, #0, #12
 8008222:	f7fb fa31 	bl	8003688 <enabled_clock>
	if (err < 0) {
 8008226:	2800      	cmp	r0, #0
 8008228:	db15      	blt.n	8008256 <stm32_clock_control_configure+0x42>
 800822a:	b2a6      	uxth	r6, r4
	if (pclken->enr == NO_SEL) {
 800822c:	2cff      	cmp	r4, #255	@ 0xff
 800822e:	d013      	beq.n	8008258 <stm32_clock_control_configure+0x44>
	stm32_reg_modify_bits((uint32_t *)(DT_REG_ADDR(DT_NODELABEL(rcc)) + reg),
 8008230:	f106 4280 	add.w	r2, r6, #1073741824	@ 0x40000000
 8008234:	f502 320e 	add.w	r2, r2, #145408	@ 0x23800
			      STM32_DT_CLKSEL_MASK_GET(enr) << shift,
 8008238:	f3c4 5141 	ubfx	r1, r4, #21, #2
 800823c:	3101      	adds	r1, #1
 800823e:	2301      	movs	r3, #1
 8008240:	408b      	lsls	r3, r1
 8008242:	3b01      	subs	r3, #1
 8008244:	40ab      	lsls	r3, r5
			      STM32_DT_CLKSEL_VAL_GET(enr) << shift);
 8008246:	0e24      	lsrs	r4, r4, #24
	stm32_reg_modify_bits((uint32_t *)(DT_REG_ADDR(DT_NODELABEL(rcc)) + reg),
 8008248:	40ac      	lsls	r4, r5
 800824a:	6811      	ldr	r1, [r2, #0]
 800824c:	ea21 0303 	bic.w	r3, r1, r3
 8008250:	431c      	orrs	r4, r3
	*(volatile uint32_t *)addr = data;
 8008252:	6014      	str	r4, [r2, #0]
	return 0;
 8008254:	2000      	movs	r0, #0
}
 8008256:	bd70      	pop	{r4, r5, r6, pc}
		return 0;
 8008258:	2000      	movs	r0, #0
 800825a:	e7fc      	b.n	8008256 <stm32_clock_control_configure+0x42>

0800825c <stm32_clock_control_get_status>:
{
 800825c:	b508      	push	{r3, lr}
	if (IN_RANGE(pclken->bus, STM32_PERIPH_BUS_MIN, STM32_PERIPH_BUS_MAX)) {
 800825e:	8808      	ldrh	r0, [r1, #0]
 8008260:	f3c0 000b 	ubfx	r0, r0, #0, #12
 8008264:	f500 637d 	add.w	r3, r0, #4048	@ 0xfd0
 8008268:	f3c3 030b 	ubfx	r3, r3, #0, #12
 800826c:	2b78      	cmp	r3, #120	@ 0x78
 800826e:	d80b      	bhi.n	8008288 <stm32_clock_control_get_status+0x2c>
		if ((sys_read32(DT_REG_ADDR(DT_NODELABEL(rcc)) + pclken->bus) & pclken->enr)
 8008270:	f100 4080 	add.w	r0, r0, #1073741824	@ 0x40000000
 8008274:	f500 300e 	add.w	r0, r0, #145408	@ 0x23800
	return *(volatile uint32_t *)addr;
 8008278:	6802      	ldr	r2, [r0, #0]
 800827a:	684b      	ldr	r3, [r1, #4]
 800827c:	4393      	bics	r3, r2
 800827e:	d001      	beq.n	8008284 <stm32_clock_control_get_status+0x28>
			return CLOCK_CONTROL_STATUS_OFF;
 8008280:	2001      	movs	r0, #1
}
 8008282:	bd08      	pop	{r3, pc}
			return CLOCK_CONTROL_STATUS_ON;
 8008284:	2002      	movs	r0, #2
 8008286:	e7fc      	b.n	8008282 <stm32_clock_control_get_status+0x26>
		if (enabled_clock(pclken->bus) == 0) {
 8008288:	f7fb f9fe 	bl	8003688 <enabled_clock>
 800828c:	b108      	cbz	r0, 8008292 <stm32_clock_control_get_status+0x36>
			return CLOCK_CONTROL_STATUS_OFF;
 800828e:	2001      	movs	r0, #1
 8008290:	e7f7      	b.n	8008282 <stm32_clock_control_get_status+0x26>
			return CLOCK_CONTROL_STATUS_ON;
 8008292:	2002      	movs	r0, #2
 8008294:	e7f5      	b.n	8008282 <stm32_clock_control_get_status+0x26>

08008296 <config_regulator_voltage>:
{
	stm32_hse_css_callback();
}
#endif /* STM32_HSE_CSS */

void __weak config_regulator_voltage(uint32_t hclk_freq) {}
 8008296:	4770      	bx	lr

08008298 <get_pll_source>:
}
 8008298:	f44f 0080 	mov.w	r0, #4194304	@ 0x400000
 800829c:	4770      	bx	lr

0800829e <sys_slist_remove>:
 */
static inline void sys_slist_remove(sys_slist_t *list,
				    sys_snode_t *prev_node,
				    sys_snode_t *node);

Z_GENLIST_REMOVE(slist, snode)
 800829e:	460b      	mov	r3, r1
 80082a0:	b139      	cbz	r1, 80082b2 <sys_slist_remove+0x14>
	return node->next;
 80082a2:	6811      	ldr	r1, [r2, #0]
	parent->next = child;
 80082a4:	6019      	str	r1, [r3, #0]
	return list->tail;
 80082a6:	6841      	ldr	r1, [r0, #4]
Z_GENLIST_REMOVE(slist, snode)
 80082a8:	428a      	cmp	r2, r1
 80082aa:	d009      	beq.n	80082c0 <sys_slist_remove+0x22>
	parent->next = child;
 80082ac:	2300      	movs	r3, #0
 80082ae:	6013      	str	r3, [r2, #0]
Z_GENLIST_REMOVE(slist, snode)
 80082b0:	4770      	bx	lr
	return node->next;
 80082b2:	6813      	ldr	r3, [r2, #0]
	list->head = node;
 80082b4:	6003      	str	r3, [r0, #0]
	return list->tail;
 80082b6:	6841      	ldr	r1, [r0, #4]
Z_GENLIST_REMOVE(slist, snode)
 80082b8:	428a      	cmp	r2, r1
 80082ba:	d1f7      	bne.n	80082ac <sys_slist_remove+0xe>
	list->tail = node;
 80082bc:	6043      	str	r3, [r0, #4]
}
 80082be:	e7f5      	b.n	80082ac <sys_slist_remove+0xe>
	list->tail = node;
 80082c0:	6043      	str	r3, [r0, #4]
}
 80082c2:	e7f3      	b.n	80082ac <sys_slist_remove+0xe>

080082c4 <sys_slist_find_and_remove>:
static inline size_t sys_slist_len(const sys_slist_t *list);

Z_GENLIST_LEN(slist, snode)

/** @} */
Z_GENLIST_FIND_AND_REMOVE(slist, snode)
 80082c4:	b508      	push	{r3, lr}
 80082c6:	460a      	mov	r2, r1
	return list->head;
 80082c8:	6803      	ldr	r3, [r0, #0]
Z_GENLIST_FIND_AND_REMOVE(slist, snode)
 80082ca:	2100      	movs	r1, #0
 80082cc:	e001      	b.n	80082d2 <sys_slist_find_and_remove+0xe>
 80082ce:	4619      	mov	r1, r3
 80082d0:	681b      	ldr	r3, [r3, #0]
 80082d2:	b12b      	cbz	r3, 80082e0 <sys_slist_find_and_remove+0x1c>
 80082d4:	4293      	cmp	r3, r2
 80082d6:	d1fa      	bne.n	80082ce <sys_slist_find_and_remove+0xa>
 80082d8:	f7ff ffe1 	bl	800829e <sys_slist_remove>
 80082dc:	2001      	movs	r0, #1
 80082de:	e000      	b.n	80082e2 <sys_slist_find_and_remove+0x1e>
 80082e0:	2000      	movs	r0, #0
 80082e2:	bd08      	pop	{r3, pc}

080082e4 <gpio_manage_callback>:
 * @return 0 on success, negative errno otherwise.
 */
static inline int gpio_manage_callback(sys_slist_t *callbacks,
					struct gpio_callback *callback,
					bool set)
{
 80082e4:	b570      	push	{r4, r5, r6, lr}
 80082e6:	4604      	mov	r4, r0
 80082e8:	460d      	mov	r5, r1
 80082ea:	4616      	mov	r6, r2
	return list->head;
 80082ec:	6803      	ldr	r3, [r0, #0]
	__ASSERT(callback, "No callback!");
	__ASSERT(callback->handler, "No callback handler!");

	if (!sys_slist_is_empty(callbacks)) {
 80082ee:	b133      	cbz	r3, 80082fe <gpio_manage_callback+0x1a>
		if (!sys_slist_find_and_remove(callbacks, &callback->node)) {
 80082f0:	f7ff ffe8 	bl	80082c4 <sys_slist_find_and_remove>
 80082f4:	b970      	cbnz	r0, 8008314 <gpio_manage_callback+0x30>
			if (!set) {
 80082f6:	b91e      	cbnz	r6, 8008300 <gpio_manage_callback+0x1c>
				return -EINVAL;
 80082f8:	f06f 0015 	mvn.w	r0, #21
 80082fc:	e006      	b.n	800830c <gpio_manage_callback+0x28>
			}
		}
	} else if (!set) {
 80082fe:	b132      	cbz	r2, 800830e <gpio_manage_callback+0x2a>
 8008300:	6823      	ldr	r3, [r4, #0]
	parent->next = child;
 8008302:	602b      	str	r3, [r5, #0]
	list->head = node;
 8008304:	6025      	str	r5, [r4, #0]
	return list->tail;
 8008306:	6863      	ldr	r3, [r4, #4]
Z_GENLIST_PREPEND(slist, snode)
 8008308:	b143      	cbz	r3, 800831c <gpio_manage_callback+0x38>

	if (set) {
		sys_slist_prepend(callbacks, &callback->node);
	}

	return 0;
 800830a:	2000      	movs	r0, #0
}
 800830c:	bd70      	pop	{r4, r5, r6, pc}
		return -EINVAL;
 800830e:	f06f 0015 	mvn.w	r0, #21
 8008312:	e7fb      	b.n	800830c <gpio_manage_callback+0x28>
	if (set) {
 8008314:	2e00      	cmp	r6, #0
 8008316:	d1f3      	bne.n	8008300 <gpio_manage_callback+0x1c>
	return 0;
 8008318:	2000      	movs	r0, #0
 800831a:	e7f7      	b.n	800830c <gpio_manage_callback+0x28>
	list->tail = node;
 800831c:	6065      	str	r5, [r4, #4]
 800831e:	2000      	movs	r0, #0
}
 8008320:	e7f4      	b.n	800830c <gpio_manage_callback+0x28>

08008322 <gpio_fire_callbacks>:
 * @param pins The actual pin mask that triggered the interrupt
 */
static inline void gpio_fire_callbacks(sys_slist_t *list,
					const struct device *port,
					uint32_t pins)
{
 8008322:	b570      	push	{r4, r5, r6, lr}
 8008324:	460e      	mov	r6, r1
 8008326:	4615      	mov	r5, r2
	return list->head;
 8008328:	6801      	ldr	r1, [r0, #0]
	struct gpio_callback *cb, *tmp;

	sys_port_trace_gpio_fire_callbacks_enter(list, port, pins);

	SYS_SLIST_FOR_EACH_CONTAINER_SAFE(list, cb, tmp, node) {
 800832a:	b121      	cbz	r1, 8008336 <gpio_fire_callbacks+0x14>
	return node->next;
 800832c:	680c      	ldr	r4, [r1, #0]
 800832e:	b13c      	cbz	r4, 8008340 <gpio_fire_callbacks+0x1e>
Z_GENLIST_PEEK_NEXT(slist, snode)
 8008330:	b931      	cbnz	r1, 8008340 <gpio_fire_callbacks+0x1e>
 8008332:	460c      	mov	r4, r1
 8008334:	e004      	b.n	8008340 <gpio_fire_callbacks+0x1e>
 8008336:	460c      	mov	r4, r1
 8008338:	e002      	b.n	8008340 <gpio_fire_callbacks+0x1e>
 800833a:	4623      	mov	r3, r4
 800833c:	4621      	mov	r1, r4
 800833e:	461c      	mov	r4, r3
 8008340:	b171      	cbz	r1, 8008360 <gpio_fire_callbacks+0x3e>
		if (cb->pin_mask & pins) {
 8008342:	688a      	ldr	r2, [r1, #8]
 8008344:	402a      	ands	r2, r5
 8008346:	d002      	beq.n	800834e <gpio_fire_callbacks+0x2c>
			__ASSERT(cb->handler, "No callback handler!");

			cb->handler(port, cb, cb->pin_mask & pins);
 8008348:	684b      	ldr	r3, [r1, #4]
 800834a:	4630      	mov	r0, r6
 800834c:	4798      	blx	r3
	SYS_SLIST_FOR_EACH_CONTAINER_SAFE(list, cb, tmp, node) {
 800834e:	2c00      	cmp	r4, #0
 8008350:	d0f3      	beq.n	800833a <gpio_fire_callbacks+0x18>
	return node->next;
 8008352:	6823      	ldr	r3, [r4, #0]
 8008354:	2b00      	cmp	r3, #0
 8008356:	d0f1      	beq.n	800833c <gpio_fire_callbacks+0x1a>
Z_GENLIST_PEEK_NEXT(slist, snode)
 8008358:	2c00      	cmp	r4, #0
 800835a:	d1ef      	bne.n	800833c <gpio_fire_callbacks+0x1a>
 800835c:	4623      	mov	r3, r4
 800835e:	e7ed      	b.n	800833c <gpio_fire_callbacks+0x1a>
			sys_port_trace_gpio_fire_callback(port, cb);
		}
	}
}
 8008360:	bd70      	pop	{r4, r5, r6, pc}

08008362 <gpio_stm32_isr>:
{
 8008362:	b508      	push	{r3, lr}
 8008364:	4602      	mov	r2, r0
	struct gpio_stm32_data *data = dev->data;
 8008366:	6908      	ldr	r0, [r1, #16]
	gpio_fire_callbacks(&data->cb, dev, pin);
 8008368:	3008      	adds	r0, #8
 800836a:	f7ff ffda 	bl	8008322 <gpio_fire_callbacks>
}
 800836e:	bd08      	pop	{r3, pc}

08008370 <gpio_stm32_flags_to_conf>:
	if ((flags & GPIO_OUTPUT) != 0) {
 8008370:	f410 3f00 	tst.w	r0, #131072	@ 0x20000
 8008374:	d014      	beq.n	80083a0 <gpio_stm32_flags_to_conf+0x30>
		if ((flags & GPIO_SINGLE_ENDED) != 0) {
 8008376:	f010 0f02 	tst.w	r0, #2
 800837a:	d004      	beq.n	8008386 <gpio_stm32_flags_to_conf+0x16>
			if (flags & GPIO_LINE_OPEN_DRAIN) {
 800837c:	f010 0f04 	tst.w	r0, #4
 8008380:	d034      	beq.n	80083ec <gpio_stm32_flags_to_conf+0x7c>
				cfg |= STM32_PINCFG_OPEN_DRAIN;
 8008382:	2350      	movs	r3, #80	@ 0x50
 8008384:	e000      	b.n	8008388 <gpio_stm32_flags_to_conf+0x18>
			cfg |= STM32_PINCFG_PUSH_PULL;
 8008386:	2310      	movs	r3, #16
		if ((flags & GPIO_PULL_UP) != 0) {
 8008388:	f010 0f10 	tst.w	r0, #16
 800838c:	d002      	beq.n	8008394 <gpio_stm32_flags_to_conf+0x24>
			cfg |= STM32_PINCFG_PULL_UP;
 800838e:	f443 7300 	orr.w	r3, r3, #512	@ 0x200
 8008392:	e012      	b.n	80083ba <gpio_stm32_flags_to_conf+0x4a>
		} else if ((flags & GPIO_PULL_DOWN) != 0) {
 8008394:	f010 0f20 	tst.w	r0, #32
 8008398:	d00f      	beq.n	80083ba <gpio_stm32_flags_to_conf+0x4a>
			cfg |= STM32_PINCFG_PULL_DOWN;
 800839a:	f443 6380 	orr.w	r3, r3, #1024	@ 0x400
 800839e:	e00c      	b.n	80083ba <gpio_stm32_flags_to_conf+0x4a>
	} else if  ((flags & GPIO_INPUT) != 0) {
 80083a0:	f410 3f80 	tst.w	r0, #65536	@ 0x10000
 80083a4:	d008      	beq.n	80083b8 <gpio_stm32_flags_to_conf+0x48>
		if ((flags & GPIO_PULL_UP) != 0) {
 80083a6:	f010 0f10 	tst.w	r0, #16
 80083aa:	d114      	bne.n	80083d6 <gpio_stm32_flags_to_conf+0x66>
		} else if ((flags & GPIO_PULL_DOWN) != 0) {
 80083ac:	f010 0320 	ands.w	r3, r0, #32
 80083b0:	d003      	beq.n	80083ba <gpio_stm32_flags_to_conf+0x4a>
			cfg |= STM32_PINCFG_PULL_DOWN;
 80083b2:	f44f 6380 	mov.w	r3, #1024	@ 0x400
 80083b6:	e000      	b.n	80083ba <gpio_stm32_flags_to_conf+0x4a>
		cfg = STM32_PINCFG_MODE_ANALOG;
 80083b8:	2330      	movs	r3, #48	@ 0x30
	switch (flags & (STM32_GPIO_SPEED_MASK << STM32_GPIO_SPEED_SHIFT)) {
 80083ba:	f400 60c0 	and.w	r0, r0, #1536	@ 0x600
 80083be:	f5b0 6f80 	cmp.w	r0, #1024	@ 0x400
 80083c2:	d010      	beq.n	80083e6 <gpio_stm32_flags_to_conf+0x76>
 80083c4:	f5b0 6fc0 	cmp.w	r0, #1536	@ 0x600
 80083c8:	d008      	beq.n	80083dc <gpio_stm32_flags_to_conf+0x6c>
 80083ca:	f5b0 7f00 	cmp.w	r0, #512	@ 0x200
 80083ce:	d107      	bne.n	80083e0 <gpio_stm32_flags_to_conf+0x70>
		cfg |= STM32_OSPEEDR_MEDIUM_SPEED;
 80083d0:	f043 0380 	orr.w	r3, r3, #128	@ 0x80
		break;
 80083d4:	e004      	b.n	80083e0 <gpio_stm32_flags_to_conf+0x70>
			cfg |= STM32_PINCFG_PULL_UP;
 80083d6:	f44f 7300 	mov.w	r3, #512	@ 0x200
 80083da:	e7ee      	b.n	80083ba <gpio_stm32_flags_to_conf+0x4a>
		cfg |= STM32_OSPEEDR_VERY_HIGH_SPEED;
 80083dc:	f443 73c0 	orr.w	r3, r3, #384	@ 0x180
	*pincfg = cfg;
 80083e0:	600b      	str	r3, [r1, #0]
	return 0;
 80083e2:	2000      	movs	r0, #0
 80083e4:	4770      	bx	lr
		cfg |= STM32_OSPEEDR_HIGH_SPEED;
 80083e6:	f443 7380 	orr.w	r3, r3, #256	@ 0x100
		break;
 80083ea:	e7f9      	b.n	80083e0 <gpio_stm32_flags_to_conf+0x70>
				return -ENOTSUP;
 80083ec:	f06f 0085 	mvn.w	r0, #133	@ 0x85
}
 80083f0:	4770      	bx	lr

080083f2 <gpio_stm32_port_get_raw>:
	const struct gpio_stm32_config *cfg = dev->config;
 80083f2:	6843      	ldr	r3, [r0, #4]
	GPIO_TypeDef *gpio = (GPIO_TypeDef *)cfg->base;
 80083f4:	685b      	ldr	r3, [r3, #4]
  * @param  GPIOx GPIO Port
  * @retval Input data register value of port
  */
__STATIC_INLINE uint32_t LL_GPIO_ReadInputPort(GPIO_TypeDef *GPIOx)
{
  return (uint32_t)(READ_REG(GPIOx->IDR));
 80083f6:	691b      	ldr	r3, [r3, #16]
	*value = LL_GPIO_ReadInputPort(gpio);
 80083f8:	600b      	str	r3, [r1, #0]
}
 80083fa:	2000      	movs	r0, #0
 80083fc:	4770      	bx	lr

080083fe <gpio_stm32_port_set_masked_raw>:
	const struct gpio_stm32_config *cfg = dev->config;
 80083fe:	6843      	ldr	r3, [r0, #4]
	GPIO_TypeDef *gpio = (GPIO_TypeDef *)cfg->base;
 8008400:	685b      	ldr	r3, [r3, #4]
  * @param  GPIOx GPIO Port
  * @retval Output data register value of port
  */
__STATIC_INLINE uint32_t LL_GPIO_ReadOutputPort(GPIO_TypeDef *GPIOx)
{
  return (uint32_t)(READ_REG(GPIOx->ODR));
 8008402:	6958      	ldr	r0, [r3, #20]
	LL_GPIO_WriteOutputPort(gpio, (port_value & ~mask) | (mask & value));
 8008404:	4042      	eors	r2, r0
 8008406:	400a      	ands	r2, r1
 8008408:	4042      	eors	r2, r0
  WRITE_REG(GPIOx->ODR, PortValue);
 800840a:	615a      	str	r2, [r3, #20]
}
 800840c:	2000      	movs	r0, #0
 800840e:	4770      	bx	lr

08008410 <gpio_stm32_port_set_bits_raw>:
	const struct gpio_stm32_config *cfg = dev->config;
 8008410:	6843      	ldr	r3, [r0, #4]
	GPIO_TypeDef *gpio = (GPIO_TypeDef *)cfg->base;
 8008412:	685b      	ldr	r3, [r3, #4]
	*(volatile uint32_t *)addr = data;
 8008414:	6199      	str	r1, [r3, #24]
}
 8008416:	2000      	movs	r0, #0
 8008418:	4770      	bx	lr

0800841a <gpio_stm32_port_clear_bits_raw>:
	const struct gpio_stm32_config *cfg = dev->config;
 800841a:	6843      	ldr	r3, [r0, #4]
	GPIO_TypeDef *gpio = (GPIO_TypeDef *)cfg->base;
 800841c:	685b      	ldr	r3, [r3, #4]
  *         @arg @ref LL_GPIO_PIN_ALL
  * @retval None
  */
__STATIC_INLINE void LL_GPIO_ResetOutputPin(GPIO_TypeDef *GPIOx, uint32_t PinMask)
{
  WRITE_REG(GPIOx->BSRR, (PinMask << 16));
 800841e:	0409      	lsls	r1, r1, #16
 8008420:	6199      	str	r1, [r3, #24]
}
 8008422:	2000      	movs	r0, #0
 8008424:	4770      	bx	lr

08008426 <gpio_stm32_port_toggle_bits>:
	const struct gpio_stm32_config *cfg = dev->config;
 8008426:	6843      	ldr	r3, [r0, #4]
	GPIO_TypeDef *gpio = (GPIO_TypeDef *)cfg->base;
 8008428:	685b      	ldr	r3, [r3, #4]
	return *(volatile uint32_t *)addr;
 800842a:	695a      	ldr	r2, [r3, #20]
	stm32_reg_write(&gpio->ODR, stm32_reg_read(&gpio->ODR) ^ pins);
 800842c:	4051      	eors	r1, r2
	*(volatile uint32_t *)addr = data;
 800842e:	6159      	str	r1, [r3, #20]
}
 8008430:	2000      	movs	r0, #0
 8008432:	4770      	bx	lr

08008434 <gpio_stm32_manage_callback>:

static int gpio_stm32_manage_callback(const struct device *dev,
				      struct gpio_callback *callback,
				      bool set)
{
 8008434:	b508      	push	{r3, lr}
	struct gpio_stm32_data *data = dev->data;
 8008436:	6900      	ldr	r0, [r0, #16]

	return gpio_manage_callback(&data->cb, callback, set);
 8008438:	3008      	adds	r0, #8
 800843a:	f7ff ff53 	bl	80082e4 <gpio_manage_callback>
}
 800843e:	bd08      	pop	{r3, pc}

08008440 <gpio_stm32_disable_pin_irqs>:
{
 8008440:	b538      	push	{r3, r4, r5, lr}
 8008442:	4604      	mov	r4, r0
 8008444:	460d      	mov	r5, r1
	if (port != stm32_exti_get_line_src_port(pin)) {
 8008446:	4608      	mov	r0, r1
 8008448:	f7ff fd19 	bl	8007e7e <stm32_exti_get_line_src_port>
 800844c:	42a0      	cmp	r0, r4
 800844e:	d000      	beq.n	8008452 <gpio_stm32_disable_pin_irqs+0x12>
}
 8008450:	bd38      	pop	{r3, r4, r5, pc}
	stm32_gpio_irq_line_t irq_line = stm32_gpio_intc_get_pin_irq_line(port, pin);
 8008452:	4629      	mov	r1, r5
 8008454:	4620      	mov	r0, r4
 8008456:	f7ff fcff 	bl	8007e58 <stm32_gpio_intc_get_pin_irq_line>
 800845a:	4604      	mov	r4, r0
	stm32_gpio_intc_disable_line(irq_line);
 800845c:	f7fa fce6 	bl	8002e2c <stm32_gpio_intc_disable_line>
	stm32_gpio_intc_remove_irq_callback(irq_line);
 8008460:	4620      	mov	r0, r4
 8008462:	f7fa fd3d 	bl	8002ee0 <stm32_gpio_intc_remove_irq_callback>
	stm32_gpio_intc_select_line_trigger(irq_line, STM32_GPIO_IRQ_TRIG_NONE);
 8008466:	2100      	movs	r1, #0
 8008468:	4620      	mov	r0, r4
 800846a:	f7fa fce7 	bl	8002e3c <stm32_gpio_intc_select_line_trigger>
 800846e:	e7ef      	b.n	8008450 <gpio_stm32_disable_pin_irqs+0x10>

08008470 <gpio_stm32_config>:
{
 8008470:	e92d 43f0 	stmdb	sp!, {r4, r5, r6, r7, r8, r9, lr}
 8008474:	b083      	sub	sp, #12
 8008476:	4605      	mov	r5, r0
 8008478:	460e      	mov	r6, r1
 800847a:	4614      	mov	r4, r2
	struct gpio_stm32_data *data = dev->data;
 800847c:	f8d0 8010 	ldr.w	r8, [r0, #16]
	err = gpio_stm32_flags_to_conf(flags, &pincfg);
 8008480:	a901      	add	r1, sp, #4
 8008482:	4610      	mov	r0, r2
 8008484:	f7ff ff74 	bl	8008370 <gpio_stm32_flags_to_conf>
	if (err != 0) {
 8008488:	4607      	mov	r7, r0
 800848a:	bb68      	cbnz	r0, 80084e8 <gpio_stm32_config+0x78>
	if ((((flags & GPIO_OUTPUT) != 0) || ((flags & GPIO_INPUT) != 0)) &&
 800848c:	f414 3940 	ands.w	r9, r4, #196608	@ 0x30000
 8008490:	d014      	beq.n	80084bc <gpio_stm32_config+0x4c>
	    !(data->pin_has_clock_enabled & BIT(pin))) {
 8008492:	f8d8 3004 	ldr.w	r3, [r8, #4]
 8008496:	fa23 f206 	lsr.w	r2, r3, r6
	if ((((flags & GPIO_OUTPUT) != 0) || ((flags & GPIO_INPUT) != 0)) &&
 800849a:	f012 0f01 	tst.w	r2, #1
 800849e:	d104      	bne.n	80084aa <gpio_stm32_config+0x3a>
		data->pin_has_clock_enabled |= BIT(pin);
 80084a0:	2201      	movs	r2, #1
 80084a2:	40b2      	lsls	r2, r6
 80084a4:	4313      	orrs	r3, r2
 80084a6:	f8c8 3004 	str.w	r3, [r8, #4]
	if ((flags & GPIO_OUTPUT) != 0) {
 80084aa:	f414 3f00 	tst.w	r4, #131072	@ 0x20000
 80084ae:	d005      	beq.n	80084bc <gpio_stm32_config+0x4c>
		if ((flags & GPIO_OUTPUT_INIT_HIGH) != 0) {
 80084b0:	f414 2f00 	tst.w	r4, #524288	@ 0x80000
 80084b4:	d11c      	bne.n	80084f0 <gpio_stm32_config+0x80>
		} else if ((flags & GPIO_OUTPUT_INIT_LOW) != 0) {
 80084b6:	f414 2f80 	tst.w	r4, #262144	@ 0x40000
 80084ba:	d11f      	bne.n	80084fc <gpio_stm32_config+0x8c>
	stm32_gpioport_configure_pin(dev, pin, pincfg, 0);
 80084bc:	2300      	movs	r3, #0
 80084be:	9a01      	ldr	r2, [sp, #4]
 80084c0:	4631      	mov	r1, r6
 80084c2:	4628      	mov	r0, r5
 80084c4:	f7ff f8c4 	bl	8007650 <stm32_gpioport_configure_pin>
	if (((flags & GPIO_OUTPUT) == 0) && ((flags & GPIO_INPUT) == 0) &&
 80084c8:	f1b9 0f00 	cmp.w	r9, #0
 80084cc:	d10c      	bne.n	80084e8 <gpio_stm32_config+0x78>
	    (data->pin_has_clock_enabled & BIT(pin))) {
 80084ce:	f8d8 3004 	ldr.w	r3, [r8, #4]
	if (((flags & GPIO_OUTPUT) == 0) && ((flags & GPIO_INPUT) == 0) &&
 80084d2:	fa23 f206 	lsr.w	r2, r3, r6
 80084d6:	f012 0f01 	tst.w	r2, #1
 80084da:	d005      	beq.n	80084e8 <gpio_stm32_config+0x78>
		data->pin_has_clock_enabled &= ~BIT(pin);
 80084dc:	2201      	movs	r2, #1
 80084de:	40b2      	lsls	r2, r6
 80084e0:	ea23 0302 	bic.w	r3, r3, r2
 80084e4:	f8c8 3004 	str.w	r3, [r8, #4]
}
 80084e8:	4638      	mov	r0, r7
 80084ea:	b003      	add	sp, #12
 80084ec:	e8bd 83f0 	ldmia.w	sp!, {r4, r5, r6, r7, r8, r9, pc}
			gpio_stm32_port_set_bits_raw(dev, BIT(pin));
 80084f0:	2101      	movs	r1, #1
 80084f2:	40b1      	lsls	r1, r6
 80084f4:	4628      	mov	r0, r5
 80084f6:	f7ff ff8b 	bl	8008410 <gpio_stm32_port_set_bits_raw>
 80084fa:	e7df      	b.n	80084bc <gpio_stm32_config+0x4c>
			gpio_stm32_port_clear_bits_raw(dev, BIT(pin));
 80084fc:	2101      	movs	r1, #1
 80084fe:	40b1      	lsls	r1, r6
 8008500:	4628      	mov	r0, r5
 8008502:	f7ff ff8a 	bl	800841a <gpio_stm32_port_clear_bits_raw>
 8008506:	e7d9      	b.n	80084bc <gpio_stm32_config+0x4c>

08008508 <pinctrl_lookup_state>:

#include <zephyr/drivers/pinctrl.h>

int pinctrl_lookup_state(const struct pinctrl_dev_config *config, uint8_t id,
			 const struct pinctrl_state **state)
{
 8008508:	b500      	push	{lr}
	*state = &config->states[0];
 800850a:	6803      	ldr	r3, [r0, #0]
 800850c:	6013      	str	r3, [r2, #0]
	while (*state < &config->states[config->state_cnt]) {
 800850e:	e001      	b.n	8008514 <pinctrl_lookup_state+0xc>
		if (id == (*state)->id) {
			return 0;
		}

		(*state)++;
 8008510:	3308      	adds	r3, #8
 8008512:	6013      	str	r3, [r2, #0]
	while (*state < &config->states[config->state_cnt]) {
 8008514:	6813      	ldr	r3, [r2, #0]
 8008516:	f890 c004 	ldrb.w	ip, [r0, #4]
 800851a:	f8d0 e000 	ldr.w	lr, [r0]
 800851e:	eb0e 0ccc 	add.w	ip, lr, ip, lsl #3
 8008522:	4563      	cmp	r3, ip
 8008524:	d205      	bcs.n	8008532 <pinctrl_lookup_state+0x2a>
		if (id == (*state)->id) {
 8008526:	f893 c005 	ldrb.w	ip, [r3, #5]
 800852a:	458c      	cmp	ip, r1
 800852c:	d1f0      	bne.n	8008510 <pinctrl_lookup_state+0x8>
			return 0;
 800852e:	2000      	movs	r0, #0
 8008530:	e001      	b.n	8008536 <pinctrl_lookup_state+0x2e>
	}

	return -ENOENT;
 8008532:	f06f 0001 	mvn.w	r0, #1
}
 8008536:	f85d fb04 	ldr.w	pc, [sp], #4

0800853a <pinctrl_configure_pins>:
#define IS_GPIO_OUT STM32_GPIO
#endif

int pinctrl_configure_pins(const pinctrl_soc_pin_t *pins, uint8_t pin_cnt,
			   uintptr_t reg)
{
 800853a:	e92d 4ff8 	stmdb	sp!, {r3, r4, r5, r6, r7, r8, r9, sl, fp, lr}
 800853e:	4680      	mov	r8, r0
 8008540:	468a      	mov	sl, r1
	if (ret < 0) {
		return ret;
	}
#endif /* DT_HAS_COMPAT_STATUS_OKAY(st_stm32f1_pinctrl) */

	for (uint8_t i = 0U; i < pin_cnt; i++) {
 8008542:	2400      	movs	r4, #0
	uint32_t pin_cfg = 0;
 8008544:	4626      	mov	r6, r4
	for (uint8_t i = 0U; i < pin_cnt; i++) {
 8008546:	e01a      	b.n	800857e <pinctrl_configure_pins+0x44>
			__ASSERT_NO_MSG(STM32_DT_PINMUX_FUNC(mux));
		}
#else
		if (STM32_DT_PINMUX_FUNC(mux) < STM32_ANALOG) {
			pin_cfg = pins[i].pincfg | STM32_MODER_ALT_MODE;
		} else if (STM32_DT_PINMUX_FUNC(mux) == STM32_ANALOG) {
 8008548:	f005 021f 	and.w	r2, r5, #31
 800854c:	2a10      	cmp	r2, #16
 800854e:	d025      	beq.n	800859c <pinctrl_configure_pins+0x62>
			pin_cfg = STM32_MODER_ANALOG_MODE;
		} else if (STM32_DT_PINMUX_FUNC(mux) == STM32_GPIO) {
 8008550:	2a11      	cmp	r2, #17
 8008552:	d021      	beq.n	8008598 <pinctrl_configure_pins+0x5e>
		} else {
			/* Not supported */
			__ASSERT_NO_MSG(STM32_DT_PINMUX_FUNC(mux));
		}
#endif /* DT_HAS_COMPAT_STATUS_OKAY(st_stm32f1_pinctrl) */
		port = stm32_gpioport_get(STM32_DT_PINMUX_PORT(mux));
 8008554:	f3c5 2044 	ubfx	r0, r5, #9, #5
 8008558:	f7f8 fda4 	bl	80010a4 <stm32_gpioport_get>
		if (port == NULL) {
 800855c:	4681      	mov	r9, r0
 800855e:	b398      	cbz	r0, 80085c8 <pinctrl_configure_pins+0x8e>
		ret = pm_device_runtime_get(port);
		if (ret < 0) {
			return ret;
		}

		line = STM32_DT_PINMUX_LINE(mux);
 8008560:	f3c5 1b43 	ubfx	fp, r5, #5, #4
		func = STM32_DT_PINMUX_FUNC(mux);
 8008564:	f005 071f 	and.w	r7, r5, #31

		cfg_ret = stm32_gpioport_configure_pin(port, line, pin_cfg, func);
 8008568:	463b      	mov	r3, r7
 800856a:	4632      	mov	r2, r6
 800856c:	4659      	mov	r1, fp
 800856e:	f7ff f86f 	bl	8007650 <stm32_gpioport_configure_pin>

		if (cfg_ret >= 0 && func == IS_GPIO_OUT) {
 8008572:	2800      	cmp	r0, #0
 8008574:	db26      	blt.n	80085c4 <pinctrl_configure_pins+0x8a>
 8008576:	2f11      	cmp	r7, #17
 8008578:	d012      	beq.n	80085a0 <pinctrl_configure_pins+0x66>
	for (uint8_t i = 0U; i < pin_cnt; i++) {
 800857a:	3401      	adds	r4, #1
 800857c:	b2e4      	uxtb	r4, r4
 800857e:	4554      	cmp	r4, sl
 8008580:	d21f      	bcs.n	80085c2 <pinctrl_configure_pins+0x88>
		mux = pins[i].pinmux;
 8008582:	eb08 03c4 	add.w	r3, r8, r4, lsl #3
 8008586:	f858 5034 	ldr.w	r5, [r8, r4, lsl #3]
		if (STM32_DT_PINMUX_FUNC(mux) < STM32_ANALOG) {
 800858a:	f015 0f10 	tst.w	r5, #16
 800858e:	d1db      	bne.n	8008548 <pinctrl_configure_pins+0xe>
			pin_cfg = pins[i].pincfg | STM32_MODER_ALT_MODE;
 8008590:	685e      	ldr	r6, [r3, #4]
 8008592:	f046 0620 	orr.w	r6, r6, #32
 8008596:	e7dd      	b.n	8008554 <pinctrl_configure_pins+0x1a>
			pin_cfg = pins[i].pincfg;
 8008598:	685e      	ldr	r6, [r3, #4]
 800859a:	e7db      	b.n	8008554 <pinctrl_configure_pins+0x1a>
			pin_cfg = STM32_MODER_ANALOG_MODE;
 800859c:	2630      	movs	r6, #48	@ 0x30
 800859e:	e7d9      	b.n	8008554 <pinctrl_configure_pins+0x1a>
			/* Apply output level configuration */
			const struct gpio_stm32_config *cfg = port->config;
 80085a0:	f8d9 3004 	ldr.w	r3, [r9, #4]
			GPIO_TypeDef *gpio = cfg->base;
 80085a4:	685a      	ldr	r2, [r3, #4]
			uint32_t gpio_out = pin_cfg & (STM32_ODR_MASK << STM32_ODR_SHIFT);

			if (gpio_out == STM32_ODR_1) {
 80085a6:	f416 6f00 	tst.w	r6, #2048	@ 0x800
 80085aa:	d004      	beq.n	80085b6 <pinctrl_configure_pins+0x7c>
				stm32_reg_write(&gpio->BSRR, BIT(line));
 80085ac:	2301      	movs	r3, #1
 80085ae:	fa03 f30b 	lsl.w	r3, r3, fp
 80085b2:	6193      	str	r3, [r2, #24]
}
 80085b4:	e7e1      	b.n	800857a <pinctrl_configure_pins+0x40>
			} else {
				/* c.f. gpio_stm32_port_clear_bits_raw() for rationale */
#ifdef CONFIG_SOC_SERIES_STM32F1X
				stm32_reg_write(&gpio->BRR, BIT(line));
#else /* CONFIG_SOC_SERIES_STM32F1X */
				LL_GPIO_ResetOutputPin(gpio, BIT(line));
 80085b6:	2301      	movs	r3, #1
 80085b8:	fa03 f30b 	lsl.w	r3, r3, fp
 80085bc:	041b      	lsls	r3, r3, #16
 80085be:	6193      	str	r3, [r2, #24]
}
 80085c0:	e7db      	b.n	800857a <pinctrl_configure_pins+0x40>
		if (cfg_ret < 0) {
			return cfg_ret;
		}
	}

	return 0;
 80085c2:	2000      	movs	r0, #0
}
 80085c4:	e8bd 8ff8 	ldmia.w	sp!, {r3, r4, r5, r6, r7, r8, r9, sl, fp, pc}
			return -ENODEV;
 80085c8:	f06f 0012 	mvn.w	r0, #18
 80085cc:	e7fa      	b.n	80085c4 <pinctrl_configure_pins+0x8a>

080085ce <LL_TIM_OC_SetCompareCH1>:
  WRITE_REG(TIMx->CCR1, CompareValue);
 80085ce:	6341      	str	r1, [r0, #52]	@ 0x34
}
 80085d0:	4770      	bx	lr

080085d2 <LL_TIM_OC_SetCompareCH2>:
  WRITE_REG(TIMx->CCR2, CompareValue);
 80085d2:	6381      	str	r1, [r0, #56]	@ 0x38
}
 80085d4:	4770      	bx	lr

080085d6 <LL_TIM_OC_SetCompareCH3>:
  WRITE_REG(TIMx->CCR3, CompareValue);
 80085d6:	63c1      	str	r1, [r0, #60]	@ 0x3c
}
 80085d8:	4770      	bx	lr

080085da <LL_TIM_OC_SetCompareCH4>:
  WRITE_REG(TIMx->CCR4, CompareValue);
 80085da:	6401      	str	r1, [r0, #64]	@ 0x40
}
 80085dc:	4770      	bx	lr

080085de <reset_line_toggle>:

extern int z_impl_reset_line_toggle(const struct device * dev, uint32_t id);

__pinned_func
static inline int reset_line_toggle(const struct device * dev, uint32_t id)
{
 80085de:	b508      	push	{r3, lr}
	const struct reset_driver_api *api = (const struct reset_driver_api *)dev->api;
 80085e0:	6883      	ldr	r3, [r0, #8]
	if (api->line_toggle == NULL) {
 80085e2:	68db      	ldr	r3, [r3, #12]
 80085e4:	b10b      	cbz	r3, 80085ea <reset_line_toggle+0xc>
	return api->line_toggle(dev, id);
 80085e6:	4798      	blx	r3
		return (int) arch_syscall_invoke2(parm0.x, parm1.x, K_SYSCALL_RESET_LINE_TOGGLE);
	}
#endif
	compiler_barrier();
	return z_impl_reset_line_toggle(dev, id);
}
 80085e8:	bd08      	pop	{r3, pc}
		return -ENOSYS;
 80085ea:	f06f 0057 	mvn.w	r0, #87	@ 0x57
	return z_impl_reset_line_toggle(dev, id);
 80085ee:	e7fb      	b.n	80085e8 <reset_line_toggle+0xa>

080085f0 <get_polarity>:
	if ((flags & PWM_POLARITY_MASK) == PWM_POLARITY_NORMAL) {
 80085f0:	f010 0f01 	tst.w	r0, #1
 80085f4:	d001      	beq.n	80085fa <get_polarity+0xa>
	return LL_TIM_OCPOLARITY_LOW;
 80085f6:	2002      	movs	r0, #2
 80085f8:	4770      	bx	lr
		return LL_TIM_OCPOLARITY_HIGH;
 80085fa:	2000      	movs	r0, #0
}
 80085fc:	4770      	bx	lr

080085fe <ll_tim_set_trigger_output>:
  MODIFY_REG(TIMx->CR2, TIM_CR2_MMS, TimerSynchronization);
 80085fe:	6843      	ldr	r3, [r0, #4]
 8008600:	f023 0370 	bic.w	r3, r3, #112	@ 0x70
 8008604:	4319      	orrs	r1, r3
 8008606:	6041      	str	r1, [r0, #4]
}
 8008608:	4770      	bx	lr

0800860a <pwm_stm32_get_cycles_per_sec>:
	struct pwm_stm32_data *data = dev->data;
 800860a:	6903      	ldr	r3, [r0, #16]
	const struct pwm_stm32_config *cfg = dev->config;
 800860c:	6841      	ldr	r1, [r0, #4]
	*cycles = (uint64_t)(data->tim_clk / (cfg->prescaler + 1));
 800860e:	681b      	ldr	r3, [r3, #0]
 8008610:	6849      	ldr	r1, [r1, #4]
 8008612:	3101      	adds	r1, #1
 8008614:	fbb3 f3f1 	udiv	r3, r3, r1
 8008618:	2000      	movs	r0, #0
 800861a:	6013      	str	r3, [r2, #0]
 800861c:	6050      	str	r0, [r2, #4]
}
 800861e:	4770      	bx	lr

08008620 <pinctrl_apply_state>:
{
 8008620:	b500      	push	{lr}
 8008622:	b083      	sub	sp, #12
	ret = pinctrl_lookup_state(config, id, &state);
 8008624:	aa01      	add	r2, sp, #4
 8008626:	f7ff ff6f 	bl	8008508 <pinctrl_lookup_state>
	if (ret < 0) {
 800862a:	2800      	cmp	r0, #0
 800862c:	db05      	blt.n	800863a <pinctrl_apply_state+0x1a>
	return pinctrl_apply_state_direct(config, state);
 800862e:	9b01      	ldr	r3, [sp, #4]
	return pinctrl_configure_pins(state->pins, state->pin_cnt, reg);
 8008630:	2200      	movs	r2, #0
 8008632:	7919      	ldrb	r1, [r3, #4]
 8008634:	6818      	ldr	r0, [r3, #0]
 8008636:	f7ff ff80 	bl	800853a <pinctrl_configure_pins>
}
 800863a:	b003      	add	sp, #12
 800863c:	f85d fb04 	ldr.w	pc, [sp], #4

08008640 <reset_stm32_status>:
};

static int reset_stm32_status(const struct device *dev, uint32_t id,
			      uint8_t *status)
{
	const struct reset_stm32_config *config = dev->config;
 8008640:	6843      	ldr	r3, [r0, #4]

	*status = !!sys_test_bit(config->base + STM32_RESET_SET_OFFSET(id),
 8008642:	6818      	ldr	r0, [r3, #0]
 8008644:	f3c1 134b 	ubfx	r3, r1, #5, #12
 8008648:	f001 011f 	and.w	r1, r1, #31
	uint32_t temp = *(volatile uint32_t *)addr;
 800864c:	58c3      	ldr	r3, [r0, r3]
	return temp & (1U << bit);
 800864e:	2001      	movs	r0, #1
 8008650:	fa00 f101 	lsl.w	r1, r0, r1
 8008654:	400b      	ands	r3, r1
 8008656:	3b00      	subs	r3, #0
 8008658:	bf18      	it	ne
 800865a:	2301      	movne	r3, #1
 800865c:	7013      	strb	r3, [r2, #0]
				 STM32_RESET_REG_BIT(id));

	return 0;
}
 800865e:	2000      	movs	r0, #0
 8008660:	4770      	bx	lr

08008662 <reset_stm32_line_assert>:

static int reset_stm32_line_assert(const struct device *dev, uint32_t id)
{
 8008662:	b410      	push	{r4}
	const struct reset_stm32_config *config = dev->config;
 8008664:	6843      	ldr	r3, [r0, #4]

	sys_set_bit(config->base + STM32_RESET_SET_OFFSET(id),
 8008666:	681c      	ldr	r4, [r3, #0]
 8008668:	f3c1 104b 	ubfx	r0, r1, #5, #12
 800866c:	f001 011f 	and.w	r1, r1, #31
	uint32_t temp = *(volatile uint32_t *)addr;
 8008670:	5823      	ldr	r3, [r4, r0]
	*(volatile uint32_t *)addr = temp | (1U << bit);
 8008672:	2201      	movs	r2, #1
 8008674:	408a      	lsls	r2, r1
 8008676:	4313      	orrs	r3, r2
 8008678:	5023      	str	r3, [r4, r0]
		    STM32_RESET_REG_BIT(id));

	return 0;
}
 800867a:	2000      	movs	r0, #0
 800867c:	bc10      	pop	{r4}
 800867e:	4770      	bx	lr

08008680 <reset_stm32_line_deassert>:

static int reset_stm32_line_deassert(const struct device *dev, uint32_t id)
{
 8008680:	b410      	push	{r4}
	const struct reset_stm32_config *config = dev->config;
 8008682:	6843      	ldr	r3, [r0, #4]

#if DT_INST_PROP(0, set_bit_to_deassert)
	sys_set_bit(config->base + STM32_RESET_CLR_OFFSET(id),
		    STM32_RESET_REG_BIT(id));
#else
	sys_clear_bit(config->base + STM32_RESET_SET_OFFSET(id),
 8008684:	681c      	ldr	r4, [r3, #0]
 8008686:	f3c1 104b 	ubfx	r0, r1, #5, #12
 800868a:	f001 011f 	and.w	r1, r1, #31
	uint32_t temp = *(volatile uint32_t *)addr;
 800868e:	5823      	ldr	r3, [r4, r0]
	*(volatile uint32_t *)addr = temp & ~(1U << bit);
 8008690:	2201      	movs	r2, #1
 8008692:	408a      	lsls	r2, r1
 8008694:	ea23 0302 	bic.w	r3, r3, r2
 8008698:	5023      	str	r3, [r4, r0]
		      STM32_RESET_REG_BIT(id));
#endif

	return 0;
}
 800869a:	2000      	movs	r0, #0
 800869c:	bc10      	pop	{r4}
 800869e:	4770      	bx	lr

080086a0 <reset_stm32_line_toggle>:

static int reset_stm32_line_toggle(const struct device *dev, uint32_t id)
{
 80086a0:	b538      	push	{r3, r4, r5, lr}
 80086a2:	4604      	mov	r4, r0
 80086a4:	460d      	mov	r5, r1
	reset_stm32_line_assert(dev, id);
 80086a6:	f7ff ffdc 	bl	8008662 <reset_stm32_line_assert>
	reset_stm32_line_deassert(dev, id);
 80086aa:	4629      	mov	r1, r5
 80086ac:	4620      	mov	r0, r4
 80086ae:	f7ff ffe7 	bl	8008680 <reset_stm32_line_deassert>

	return 0;
}
 80086b2:	2000      	movs	r0, #0
 80086b4:	bd38      	pop	{r3, r4, r5, pc}

080086b6 <LL_RTC_DATE_Get>:
  temp = READ_BIT(RTCx->DR, (RTC_DR_WDU | RTC_DR_MT | RTC_DR_MU | RTC_DR_DT | RTC_DR_DU | RTC_DR_YT | RTC_DR_YU));
 80086b6:	6842      	ldr	r2, [r0, #4]
 80086b8:	f022 407f 	bic.w	r0, r2, #4278190080	@ 0xff000000
 80086bc:	f020 00c0 	bic.w	r0, r0, #192	@ 0xc0
  return (uint32_t)((((temp &              RTC_DR_WDU) >> RTC_DR_WDU_Pos) << RTC_OFFSET_WEEKDAY) | \
 80086c0:	f3c2 334a 	ubfx	r3, r2, #13, #11
 80086c4:	061b      	lsls	r3, r3, #24
 80086c6:	f003 63e0 	and.w	r3, r3, #117440512	@ 0x7000000
                    (((temp & (RTC_DR_DT | RTC_DR_DU)) >> RTC_DR_DU_Pos)  << RTC_OFFSET_DAY)     | \
 80086ca:	0401      	lsls	r1, r0, #16
 80086cc:	f401 117c 	and.w	r1, r1, #4128768	@ 0x3f0000
  return (uint32_t)((((temp &              RTC_DR_WDU) >> RTC_DR_WDU_Pos) << RTC_OFFSET_WEEKDAY) | \
 80086d0:	430b      	orrs	r3, r1
                    (((temp & (RTC_DR_MT | RTC_DR_MU)) >> RTC_DR_MU_Pos)  << RTC_OFFSET_MONTH)   | \
 80086d2:	f402 52f8 	and.w	r2, r2, #7936	@ 0x1f00
                    (((temp & (RTC_DR_DT | RTC_DR_DU)) >> RTC_DR_DU_Pos)  << RTC_OFFSET_DAY)     | \
 80086d6:	4313      	orrs	r3, r2
}
 80086d8:	ea43 4010 	orr.w	r0, r3, r0, lsr #16
 80086dc:	4770      	bx	lr

080086de <reset_line_toggle>:
{
 80086de:	b508      	push	{r3, lr}
	const struct reset_driver_api *api = (const struct reset_driver_api *)dev->api;
 80086e0:	6883      	ldr	r3, [r0, #8]
	if (api->line_toggle == NULL) {
 80086e2:	68db      	ldr	r3, [r3, #12]
 80086e4:	b10b      	cbz	r3, 80086ea <reset_line_toggle+0xc>
	return api->line_toggle(dev, id);
 80086e6:	4798      	blx	r3
}
 80086e8:	bd08      	pop	{r3, pc}
		return -ENOSYS;
 80086ea:	f06f 0057 	mvn.w	r0, #87	@ 0x57
	return z_impl_reset_line_toggle(dev, id);
 80086ee:	e7fb      	b.n	80086e8 <reset_line_toggle+0xa>

080086f0 <uart_stm32_config_get>:
	struct uart_stm32_data *data = dev->data;
 80086f0:	6903      	ldr	r3, [r0, #16]
	struct uart_config *uart_cfg = data->uart_cfg;
 80086f2:	681b      	ldr	r3, [r3, #0]
	cfg->baudrate = uart_cfg->baudrate;
 80086f4:	681b      	ldr	r3, [r3, #0]
 80086f6:	600b      	str	r3, [r1, #0]
	const struct uart_stm32_config *config = dev->config;
 80086f8:	6843      	ldr	r3, [r0, #4]
	return LL_USART_GetParity(config->usart);
 80086fa:	681b      	ldr	r3, [r3, #0]
  return (uint32_t)(READ_BIT(USARTx->CR1, USART_CR1_PS | USART_CR1_PCE));
 80086fc:	68db      	ldr	r3, [r3, #12]
 80086fe:	f403 63c0 	and.w	r3, r3, #1536	@ 0x600
	switch (parity) {
 8008702:	f5b3 6f80 	cmp.w	r3, #1024	@ 0x400
 8008706:	d004      	beq.n	8008712 <uart_stm32_config_get+0x22>
 8008708:	f5b3 6fc0 	cmp.w	r3, #1536	@ 0x600
 800870c:	d111      	bne.n	8008732 <uart_stm32_config_get+0x42>
 800870e:	2301      	movs	r3, #1
 8008710:	e000      	b.n	8008714 <uart_stm32_config_get+0x24>
		return UART_CFG_PARITY_EVEN;
 8008712:	2302      	movs	r3, #2
	cfg->parity = uart_stm32_ll2cfg_parity(uart_stm32_get_parity(dev));
 8008714:	710b      	strb	r3, [r1, #4]
	const struct uart_stm32_config *config = dev->config;
 8008716:	6843      	ldr	r3, [r0, #4]
	return LL_USART_GetStopBitsLength(config->usart);
 8008718:	681b      	ldr	r3, [r3, #0]
  return (uint32_t)(READ_BIT(USARTx->CR2, USART_CR2_STOP));
 800871a:	691b      	ldr	r3, [r3, #16]
 800871c:	f403 5340 	and.w	r3, r3, #12288	@ 0x3000
	switch (sb) {
 8008720:	f5b3 5f80 	cmp.w	r3, #4096	@ 0x1000
 8008724:	d007      	beq.n	8008736 <uart_stm32_config_get+0x46>
 8008726:	f5b3 5f40 	cmp.w	r3, #12288	@ 0x3000
 800872a:	d006      	beq.n	800873a <uart_stm32_config_get+0x4a>
 800872c:	b9fb      	cbnz	r3, 800876e <uart_stm32_config_get+0x7e>
		return UART_CFG_STOP_BITS_1;
 800872e:	2301      	movs	r3, #1
 8008730:	e004      	b.n	800873c <uart_stm32_config_get+0x4c>
		return UART_CFG_PARITY_NONE;
 8008732:	2300      	movs	r3, #0
 8008734:	e7ee      	b.n	8008714 <uart_stm32_config_get+0x24>
	switch (sb) {
 8008736:	2300      	movs	r3, #0
 8008738:	e000      	b.n	800873c <uart_stm32_config_get+0x4c>
		return UART_CFG_STOP_BITS_1_5;
 800873a:	2302      	movs	r3, #2
	cfg->stop_bits = uart_stm32_ll2cfg_stopbits(
 800873c:	714b      	strb	r3, [r1, #5]
	const struct uart_stm32_config *config = dev->config;
 800873e:	6843      	ldr	r3, [r0, #4]
	return LL_USART_GetDataWidth(config->usart);
 8008740:	681b      	ldr	r3, [r3, #0]
  return (uint32_t)(READ_BIT(USARTx->CR1, USART_CR1_M));
 8008742:	68da      	ldr	r2, [r3, #12]
  return (uint32_t)(READ_BIT(USARTx->CR1, USART_CR1_PS | USART_CR1_PCE));
 8008744:	68db      	ldr	r3, [r3, #12]
 8008746:	f403 63c0 	and.w	r3, r3, #1536	@ 0x600
	switch (db) {
 800874a:	f412 5f80 	tst.w	r2, #4096	@ 0x1000
 800874e:	d110      	bne.n	8008772 <uart_stm32_config_get+0x82>
		if (p == LL_USART_PARITY_NONE) {
 8008750:	b9a3      	cbnz	r3, 800877c <uart_stm32_config_get+0x8c>
			return UART_CFG_DATA_BITS_8;
 8008752:	2303      	movs	r3, #3
	cfg->data_bits = uart_stm32_ll2cfg_databits(
 8008754:	718b      	strb	r3, [r1, #6]
	const struct uart_stm32_config *config = dev->config;
 8008756:	6843      	ldr	r3, [r0, #4]
	return LL_USART_GetHWFlowCtrl(config->usart);
 8008758:	681b      	ldr	r3, [r3, #0]
  return (uint32_t)(READ_BIT(USARTx->CR3, USART_CR3_RTSE | USART_CR3_CTSE));
 800875a:	695b      	ldr	r3, [r3, #20]
 800875c:	f403 7340 	and.w	r3, r3, #768	@ 0x300
	if (fc == LL_USART_HWCONTROL_RTS_CTS) {
 8008760:	f5b3 7f40 	cmp.w	r3, #768	@ 0x300
 8008764:	d00c      	beq.n	8008780 <uart_stm32_config_get+0x90>
	return UART_CFG_FLOW_CTRL_NONE;
 8008766:	2300      	movs	r3, #0
	cfg->flow_ctrl = uart_stm32_ll2cfg_hwctrl(
 8008768:	71cb      	strb	r3, [r1, #7]
}
 800876a:	2000      	movs	r0, #0
 800876c:	4770      	bx	lr
		return UART_CFG_STOP_BITS_2;
 800876e:	2303      	movs	r3, #3
 8008770:	e7e4      	b.n	800873c <uart_stm32_config_get+0x4c>
		if (p == LL_USART_PARITY_NONE) {
 8008772:	b90b      	cbnz	r3, 8008778 <uart_stm32_config_get+0x88>
			return UART_CFG_DATA_BITS_9;
 8008774:	2304      	movs	r3, #4
 8008776:	e7ed      	b.n	8008754 <uart_stm32_config_get+0x64>
			return UART_CFG_DATA_BITS_8;
 8008778:	2303      	movs	r3, #3
 800877a:	e7eb      	b.n	8008754 <uart_stm32_config_get+0x64>
			return UART_CFG_DATA_BITS_7;
 800877c:	2302      	movs	r3, #2
 800877e:	e7e9      	b.n	8008754 <uart_stm32_config_get+0x64>
		return UART_CFG_FLOW_CTRL_RTS_CTS;
 8008780:	2301      	movs	r3, #1
 8008782:	e7f1      	b.n	8008768 <uart_stm32_config_get+0x78>

08008784 <uart_stm32_poll_in_visitor>:
{
 8008784:	b500      	push	{lr}
 8008786:	b083      	sub	sp, #12
	const struct uart_stm32_config *config = dev->config;
 8008788:	6843      	ldr	r3, [r0, #4]
	USART_TypeDef *usart = config->usart;
 800878a:	6818      	ldr	r0, [r3, #0]
  return (READ_BIT(USARTx->SR, USART_SR_ORE) == (USART_SR_ORE));
 800878c:	6803      	ldr	r3, [r0, #0]
	if (LL_USART_IsActiveFlag_ORE(usart)) {
 800878e:	f013 0f08 	tst.w	r3, #8
 8008792:	d005      	beq.n	80087a0 <uart_stm32_poll_in_visitor+0x1c>
  tmpreg = USARTx->SR;
 8008794:	6803      	ldr	r3, [r0, #0]
 8008796:	9301      	str	r3, [sp, #4]
  (void) tmpreg;
 8008798:	9b01      	ldr	r3, [sp, #4]
  tmpreg = USARTx->DR;
 800879a:	6843      	ldr	r3, [r0, #4]
 800879c:	9301      	str	r3, [sp, #4]
  (void) tmpreg;
 800879e:	9b01      	ldr	r3, [sp, #4]
  return (READ_BIT(USARTx->SR, USART_SR_RXNE) == (USART_SR_RXNE));
 80087a0:	6803      	ldr	r3, [r0, #0]
	if (!ll_usart_is_active_rxne(usart)) {
 80087a2:	f013 0f20 	tst.w	r3, #32
 80087a6:	d004      	beq.n	80087b2 <uart_stm32_poll_in_visitor+0x2e>
	get_fn(usart, in);
 80087a8:	4790      	blx	r2
	return 0;
 80087aa:	2000      	movs	r0, #0
}
 80087ac:	b003      	add	sp, #12
 80087ae:	f85d fb04 	ldr.w	pc, [sp], #4
		return -1;
 80087b2:	f04f 30ff 	mov.w	r0, #4294967295
 80087b6:	e7f9      	b.n	80087ac <uart_stm32_poll_in_visitor+0x28>

080087b8 <uart_stm32_poll_out_visitor>:
{
 80087b8:	b510      	push	{r4, lr}
	const struct uart_stm32_config *config = dev->config;
 80087ba:	6843      	ldr	r3, [r0, #4]
	USART_TypeDef *usart = config->usart;
 80087bc:	6818      	ldr	r0, [r3, #0]
  return (READ_BIT(USARTx->SR, USART_SR_TXE) == (USART_SR_TXE));
 80087be:	6803      	ldr	r3, [r0, #0]
		if (ll_usart_is_active_txe(usart)) {
 80087c0:	f013 0f80 	tst.w	r3, #128	@ 0x80
 80087c4:	d0fb      	beq.n	80087be <uart_stm32_poll_out_visitor+0x6>
  __ASM volatile ("MRS %0, basepri" : "=r" (result) );
 80087c6:	f3ef 8411 	mrs	r4, BASEPRI
  __ASM volatile ("MSR basepri_max, %0" : : "r" (basePri) : "memory");
 80087ca:	2310      	movs	r3, #16
 80087cc:	f383 8812 	msr	BASEPRI_MAX, r3
  __ASM volatile ("isb 0xF":::"memory");
 80087d0:	f3bf 8f6f 	isb	sy
 80087d4:	6803      	ldr	r3, [r0, #0]
			if (ll_usart_is_active_txe(usart)) {
 80087d6:	f013 0f80 	tst.w	r3, #128	@ 0x80
 80087da:	d104      	bne.n	80087e6 <uart_stm32_poll_out_visitor+0x2e>
  __ASM volatile ("MSR basepri, %0" : : "r" (basePri) : "memory");
 80087dc:	f384 8811 	msr	BASEPRI, r4
 80087e0:	f3bf 8f6f 	isb	sy
	}
	__enable_irq();
#else
#error Unknown ARM architecture
#endif /* CONFIG_ARMV6_M_ARMV8_M_BASELINE */
}
 80087e4:	e7eb      	b.n	80087be <uart_stm32_poll_out_visitor+0x6>
	set_fn(usart, out);
 80087e6:	4790      	blx	r2
 80087e8:	f384 8811 	msr	BASEPRI, r4
 80087ec:	f3bf 8f6f 	isb	sy
}
 80087f0:	bd10      	pop	{r4, pc}

080087f2 <poll_in_u8>:
  * @param  USARTx USART Instance
  * @retval Value between Min_Data=0x00 and Max_Data=0xFF
  */
__STATIC_INLINE uint8_t LL_USART_ReceiveData8(const USART_TypeDef *USARTx)
{
  return (uint8_t)(READ_BIT(USARTx->DR, USART_DR_DR));
 80087f2:	6843      	ldr	r3, [r0, #4]
	*((unsigned char *)in) = (unsigned char)LL_USART_ReceiveData8(usart);
 80087f4:	700b      	strb	r3, [r1, #0]
}
 80087f6:	4770      	bx	lr

080087f8 <poll_out_u8>:
	LL_USART_TransmitData8(usart, (uint8_t)out);
 80087f8:	b2c9      	uxtb	r1, r1
  * @param  Value between Min_Data=0x00 and Max_Data=0xFF
  * @retval None
  */
__STATIC_INLINE void LL_USART_TransmitData8(USART_TypeDef *USARTx, uint8_t Value)
{
  USARTx->DR = Value;
 80087fa:	6041      	str	r1, [r0, #4]
}
 80087fc:	4770      	bx	lr

080087fe <uart_stm32_err_check>:
{
 80087fe:	b084      	sub	sp, #16
	const struct uart_stm32_config *config = dev->config;
 8008800:	6843      	ldr	r3, [r0, #4]
	USART_TypeDef *usart = config->usart;
 8008802:	681b      	ldr	r3, [r3, #0]
  return (READ_BIT(USARTx->SR, USART_SR_ORE) == (USART_SR_ORE));
 8008804:	6818      	ldr	r0, [r3, #0]
	if (LL_USART_IsActiveFlag_ORE(usart)) {
 8008806:	f010 0008 	ands.w	r0, r0, #8
 800880a:	d000      	beq.n	800880e <uart_stm32_err_check+0x10>
		err |= UART_ERROR_OVERRUN;
 800880c:	2001      	movs	r0, #1
  return (READ_BIT(USARTx->SR, USART_SR_PE) == (USART_SR_PE));
 800880e:	681a      	ldr	r2, [r3, #0]
	if (LL_USART_IsActiveFlag_PE(usart)) {
 8008810:	f012 0f01 	tst.w	r2, #1
 8008814:	d001      	beq.n	800881a <uart_stm32_err_check+0x1c>
		err |= UART_ERROR_PARITY;
 8008816:	f040 0002 	orr.w	r0, r0, #2
  return (READ_BIT(USARTx->SR, USART_SR_FE) == (USART_SR_FE));
 800881a:	681a      	ldr	r2, [r3, #0]
	if (LL_USART_IsActiveFlag_FE(usart)) {
 800881c:	f012 0f02 	tst.w	r2, #2
 8008820:	d001      	beq.n	8008826 <uart_stm32_err_check+0x28>
		err |= UART_ERROR_FRAMING;
 8008822:	f040 0004 	orr.w	r0, r0, #4
  return (READ_BIT(USARTx->SR, USART_SR_NE) == (USART_SR_NE));
 8008826:	681a      	ldr	r2, [r3, #0]
	if (LL_USART_IsActiveFlag_NE(usart)) {
 8008828:	f012 0f04 	tst.w	r2, #4
 800882c:	d001      	beq.n	8008832 <uart_stm32_err_check+0x34>
		err |= UART_ERROR_NOISE;
 800882e:	f040 0020 	orr.w	r0, r0, #32
  return (READ_BIT(USARTx->SR, USART_SR_LBD) == (USART_SR_LBD));
 8008832:	681a      	ldr	r2, [r3, #0]
	if (LL_USART_IsActiveFlag_LBD(usart)) {
 8008834:	f412 7f80 	tst.w	r2, #256	@ 0x100
 8008838:	d02a      	beq.n	8008890 <uart_stm32_err_check+0x92>
		err |= UART_BREAK;
 800883a:	f040 0008 	orr.w	r0, r0, #8
  WRITE_REG(USARTx->SR, ~(USART_SR_LBD));
 800883e:	f46f 7280 	mvn.w	r2, #256	@ 0x100
 8008842:	601a      	str	r2, [r3, #0]
	if (err & UART_ERROR_OVERRUN) {
 8008844:	f010 0f01 	tst.w	r0, #1
 8008848:	d005      	beq.n	8008856 <uart_stm32_err_check+0x58>
  tmpreg = USARTx->SR;
 800884a:	681a      	ldr	r2, [r3, #0]
 800884c:	9200      	str	r2, [sp, #0]
  (void) tmpreg;
 800884e:	9a00      	ldr	r2, [sp, #0]
  tmpreg = USARTx->DR;
 8008850:	685a      	ldr	r2, [r3, #4]
 8008852:	9200      	str	r2, [sp, #0]
  (void) tmpreg;
 8008854:	9a00      	ldr	r2, [sp, #0]
	if (err & UART_ERROR_PARITY) {
 8008856:	f010 0f02 	tst.w	r0, #2
 800885a:	d005      	beq.n	8008868 <uart_stm32_err_check+0x6a>
  tmpreg = USARTx->SR;
 800885c:	681a      	ldr	r2, [r3, #0]
 800885e:	9201      	str	r2, [sp, #4]
  (void) tmpreg;
 8008860:	9a01      	ldr	r2, [sp, #4]
  tmpreg = USARTx->DR;
 8008862:	685a      	ldr	r2, [r3, #4]
 8008864:	9201      	str	r2, [sp, #4]
  (void) tmpreg;
 8008866:	9a01      	ldr	r2, [sp, #4]
	if (err & UART_ERROR_FRAMING) {
 8008868:	f010 0f04 	tst.w	r0, #4
 800886c:	d005      	beq.n	800887a <uart_stm32_err_check+0x7c>
  tmpreg = USARTx->SR;
 800886e:	681a      	ldr	r2, [r3, #0]
 8008870:	9202      	str	r2, [sp, #8]
  (void) tmpreg;
 8008872:	9a02      	ldr	r2, [sp, #8]
  tmpreg = USARTx->DR;
 8008874:	685a      	ldr	r2, [r3, #4]
 8008876:	9202      	str	r2, [sp, #8]
  (void) tmpreg;
 8008878:	9a02      	ldr	r2, [sp, #8]
	if (err & UART_ERROR_NOISE) {
 800887a:	f010 0f20 	tst.w	r0, #32
 800887e:	d005      	beq.n	800888c <uart_stm32_err_check+0x8e>
  tmpreg = USARTx->SR;
 8008880:	681a      	ldr	r2, [r3, #0]
 8008882:	9203      	str	r2, [sp, #12]
  (void) tmpreg;
 8008884:	9a03      	ldr	r2, [sp, #12]
  tmpreg = USARTx->DR;
 8008886:	685b      	ldr	r3, [r3, #4]
 8008888:	9303      	str	r3, [sp, #12]
  (void) tmpreg;
 800888a:	9b03      	ldr	r3, [sp, #12]
}
 800888c:	b004      	add	sp, #16
 800888e:	4770      	bx	lr
	if (err & UART_BREAK) {
 8008890:	f010 0f08 	tst.w	r0, #8
 8008894:	d0d6      	beq.n	8008844 <uart_stm32_err_check+0x46>
 8008896:	e7d2      	b.n	800883e <uart_stm32_err_check+0x40>

08008898 <uart_stm32_fifo_fill_visitor>:
{
 8008898:	e92d 43f8 	stmdb	sp!, {r3, r4, r5, r6, r7, r8, r9, lr}
 800889c:	4698      	mov	r8, r3
	const struct uart_stm32_config *config = dev->config;
 800889e:	6843      	ldr	r3, [r0, #4]
	USART_TypeDef *usart = config->usart;
 80088a0:	681d      	ldr	r5, [r3, #0]
  return (READ_BIT(USARTx->SR, USART_SR_TXE) == (USART_SR_TXE));
 80088a2:	682b      	ldr	r3, [r5, #0]
	if (!ll_usart_is_active_txe(usart)) {
 80088a4:	f013 0f80 	tst.w	r3, #128	@ 0x80
 80088a8:	d01d      	beq.n	80088e6 <uart_stm32_fifo_fill_visitor+0x4e>
 80088aa:	460f      	mov	r7, r1
 80088ac:	4616      	mov	r6, r2
  __ASM volatile ("MRS %0, basepri" : "=r" (result) );
 80088ae:	f3ef 8911 	mrs	r9, BASEPRI
  __ASM volatile ("MSR basepri_max, %0" : : "r" (basePri) : "memory");
 80088b2:	2310      	movs	r3, #16
 80088b4:	f383 8812 	msr	BASEPRI_MAX, r3
 80088b8:	f3bf 8f6f 	isb	sy
	int num_tx = 0U;
 80088bc:	2400      	movs	r4, #0
	while ((size - num_tx > 0) && ll_usart_is_active_txe(usart)) {
 80088be:	1b30      	subs	r0, r6, r4
 80088c0:	2800      	cmp	r0, #0
 80088c2:	dd09      	ble.n	80088d8 <uart_stm32_fifo_fill_visitor+0x40>
 80088c4:	6828      	ldr	r0, [r5, #0]
 80088c6:	f010 0f80 	tst.w	r0, #128	@ 0x80
 80088ca:	d005      	beq.n	80088d8 <uart_stm32_fifo_fill_visitor+0x40>
		fill_fn(usart, tx_data, num_tx);
 80088cc:	4622      	mov	r2, r4
 80088ce:	4639      	mov	r1, r7
 80088d0:	4628      	mov	r0, r5
 80088d2:	47c0      	blx	r8
		num_tx++;
 80088d4:	3401      	adds	r4, #1
 80088d6:	e7f2      	b.n	80088be <uart_stm32_fifo_fill_visitor+0x26>
  __ASM volatile ("MSR basepri, %0" : : "r" (basePri) : "memory");
 80088d8:	f389 8811 	msr	BASEPRI, r9
 80088dc:	f3bf 8f6f 	isb	sy
}
 80088e0:	4620      	mov	r0, r4
 80088e2:	e8bd 83f8 	ldmia.w	sp!, {r3, r4, r5, r6, r7, r8, r9, pc}
		return num_tx;
 80088e6:	2400      	movs	r4, #0
 80088e8:	e7fa      	b.n	80088e0 <uart_stm32_fifo_fill_visitor+0x48>

080088ea <fifo_fill_with_u8>:
	LL_USART_TransmitData8(usart, data[offset]);
 80088ea:	5c8b      	ldrb	r3, [r1, r2]
  USARTx->DR = Value;
 80088ec:	6043      	str	r3, [r0, #4]
}
 80088ee:	4770      	bx	lr

080088f0 <uart_stm32_fifo_read_visitor>:
{
 80088f0:	e92d 41f0 	stmdb	sp!, {r4, r5, r6, r7, r8, lr}
 80088f4:	b082      	sub	sp, #8
 80088f6:	4688      	mov	r8, r1
 80088f8:	4616      	mov	r6, r2
 80088fa:	461f      	mov	r7, r3
	const struct uart_stm32_config *config = dev->config;
 80088fc:	6843      	ldr	r3, [r0, #4]
	USART_TypeDef *usart = config->usart;
 80088fe:	681d      	ldr	r5, [r3, #0]
	int num_rx = 0U;
 8008900:	2400      	movs	r4, #0
	while ((size - num_rx > 0) && ll_usart_is_active_rxne(usart)) {
 8008902:	1b30      	subs	r0, r6, r4
 8008904:	2800      	cmp	r0, #0
 8008906:	dd13      	ble.n	8008930 <uart_stm32_fifo_read_visitor+0x40>
  return (READ_BIT(USARTx->SR, USART_SR_RXNE) == (USART_SR_RXNE));
 8008908:	6828      	ldr	r0, [r5, #0]
 800890a:	f010 0f20 	tst.w	r0, #32
 800890e:	d00f      	beq.n	8008930 <uart_stm32_fifo_read_visitor+0x40>
		read_fn(usart, rx_data, num_rx);
 8008910:	4622      	mov	r2, r4
 8008912:	4641      	mov	r1, r8
 8008914:	4628      	mov	r0, r5
 8008916:	47b8      	blx	r7
		num_rx++;
 8008918:	3401      	adds	r4, #1
  return (READ_BIT(USARTx->SR, USART_SR_ORE) == (USART_SR_ORE));
 800891a:	6828      	ldr	r0, [r5, #0]
		if (LL_USART_IsActiveFlag_ORE(usart)) {
 800891c:	f010 0f08 	tst.w	r0, #8
 8008920:	d0ef      	beq.n	8008902 <uart_stm32_fifo_read_visitor+0x12>
  tmpreg = USARTx->SR;
 8008922:	682b      	ldr	r3, [r5, #0]
 8008924:	9301      	str	r3, [sp, #4]
  (void) tmpreg;
 8008926:	9b01      	ldr	r3, [sp, #4]
  tmpreg = USARTx->DR;
 8008928:	686b      	ldr	r3, [r5, #4]
 800892a:	9301      	str	r3, [sp, #4]
  (void) tmpreg;
 800892c:	9b01      	ldr	r3, [sp, #4]
}
 800892e:	e7e8      	b.n	8008902 <uart_stm32_fifo_read_visitor+0x12>
}
 8008930:	4620      	mov	r0, r4
 8008932:	b002      	add	sp, #8
 8008934:	e8bd 81f0 	ldmia.w	sp!, {r4, r5, r6, r7, r8, pc}

08008938 <fifo_read_with_u8>:
  return (uint8_t)(READ_BIT(USARTx->DR, USART_DR_DR));
 8008938:	6843      	ldr	r3, [r0, #4]
	data[offset] = LL_USART_ReceiveData8(usart);
 800893a:	548b      	strb	r3, [r1, r2]
}
 800893c:	4770      	bx	lr

0800893e <uart_stm32_irq_tx_enable>:
	const struct uart_stm32_config *config = dev->config;
 800893e:	6843      	ldr	r3, [r0, #4]
	LL_USART_EnableIT_TC(config->usart);
 8008940:	681a      	ldr	r2, [r3, #0]
  __ASM volatile ("ldrex %0, %1" : "=r" (result) : "Q" (*addr) );
 8008942:	f102 030c 	add.w	r3, r2, #12
 8008946:	e853 3f00 	ldrex	r3, [r3]
  ATOMIC_SET_BIT(USARTx->CR1, USART_CR1_TCIE);
 800894a:	f043 0340 	orr.w	r3, r3, #64	@ 0x40
  __ASM volatile ("strex %0, %2, %1" : "=&r" (result), "=Q" (*addr) : "r" (value) );
 800894e:	f102 000c 	add.w	r0, r2, #12
 8008952:	e840 3100 	strex	r1, r3, [r0]
 8008956:	2900      	cmp	r1, #0
 8008958:	d1f3      	bne.n	8008942 <uart_stm32_irq_tx_enable+0x4>
}
 800895a:	4770      	bx	lr

0800895c <uart_stm32_irq_tx_disable>:
	const struct uart_stm32_config *config = dev->config;
 800895c:	6843      	ldr	r3, [r0, #4]
	LL_USART_DisableIT_TC(config->usart);
 800895e:	681a      	ldr	r2, [r3, #0]
  __ASM volatile ("ldrex %0, %1" : "=r" (result) : "Q" (*addr) );
 8008960:	f102 030c 	add.w	r3, r2, #12
 8008964:	e853 3f00 	ldrex	r3, [r3]
  ATOMIC_CLEAR_BIT(USARTx->CR1, USART_CR1_TCIE);
 8008968:	f023 0340 	bic.w	r3, r3, #64	@ 0x40
  __ASM volatile ("strex %0, %2, %1" : "=&r" (result), "=Q" (*addr) : "r" (value) );
 800896c:	f102 000c 	add.w	r0, r2, #12
 8008970:	e840 3100 	strex	r1, r3, [r0]
 8008974:	2900      	cmp	r1, #0
 8008976:	d1f3      	bne.n	8008960 <uart_stm32_irq_tx_disable+0x4>
}
 8008978:	4770      	bx	lr

0800897a <uart_stm32_irq_tx_ready>:
	const struct uart_stm32_config *config = dev->config;
 800897a:	6843      	ldr	r3, [r0, #4]
	return ll_usart_is_active_txe(config->usart) &&
 800897c:	681b      	ldr	r3, [r3, #0]
  return (READ_BIT(USARTx->SR, USART_SR_TXE) == (USART_SR_TXE));
 800897e:	681a      	ldr	r2, [r3, #0]
 8008980:	f012 0f80 	tst.w	r2, #128	@ 0x80
 8008984:	d005      	beq.n	8008992 <uart_stm32_irq_tx_ready+0x18>
  return (READ_BIT(USARTx->CR1, USART_CR1_TCIE) == (USART_CR1_TCIE));
 8008986:	68db      	ldr	r3, [r3, #12]
 8008988:	f013 0f40 	tst.w	r3, #64	@ 0x40
 800898c:	d003      	beq.n	8008996 <uart_stm32_irq_tx_ready+0x1c>
 800898e:	2001      	movs	r0, #1
 8008990:	4770      	bx	lr
 8008992:	2000      	movs	r0, #0
 8008994:	4770      	bx	lr
 8008996:	2000      	movs	r0, #0
}
 8008998:	4770      	bx	lr

0800899a <uart_stm32_irq_tx_complete>:
	const struct uart_stm32_config *config = dev->config;
 800899a:	6843      	ldr	r3, [r0, #4]
	return LL_USART_IsActiveFlag_TC(config->usart);
 800899c:	681b      	ldr	r3, [r3, #0]
  return (READ_BIT(USARTx->SR, USART_SR_TC) == (USART_SR_TC));
 800899e:	6818      	ldr	r0, [r3, #0]
}
 80089a0:	f3c0 1080 	ubfx	r0, r0, #6, #1
 80089a4:	4770      	bx	lr

080089a6 <uart_stm32_irq_rx_enable>:
	const struct uart_stm32_config *config = dev->config;
 80089a6:	6843      	ldr	r3, [r0, #4]
	ll_usart_irq_rx_enable(config->usart);
 80089a8:	681a      	ldr	r2, [r3, #0]
  __ASM volatile ("ldrex %0, %1" : "=r" (result) : "Q" (*addr) );
 80089aa:	f102 030c 	add.w	r3, r2, #12
 80089ae:	e853 3f00 	ldrex	r3, [r3]
  ATOMIC_SET_BIT(USARTx->CR1, USART_CR1_RXNEIE);
 80089b2:	f043 0320 	orr.w	r3, r3, #32
  __ASM volatile ("strex %0, %2, %1" : "=&r" (result), "=Q" (*addr) : "r" (value) );
 80089b6:	f102 000c 	add.w	r0, r2, #12
 80089ba:	e840 3100 	strex	r1, r3, [r0]
 80089be:	2900      	cmp	r1, #0
 80089c0:	d1f3      	bne.n	80089aa <uart_stm32_irq_rx_enable+0x4>
}
 80089c2:	4770      	bx	lr

080089c4 <uart_stm32_irq_rx_disable>:
	const struct uart_stm32_config *config = dev->config;
 80089c4:	6843      	ldr	r3, [r0, #4]
	ll_usart_irq_rx_disable(config->usart);
 80089c6:	681a      	ldr	r2, [r3, #0]
  __ASM volatile ("ldrex %0, %1" : "=r" (result) : "Q" (*addr) );
 80089c8:	f102 030c 	add.w	r3, r2, #12
 80089cc:	e853 3f00 	ldrex	r3, [r3]
  ATOMIC_CLEAR_BIT(USARTx->CR1, USART_CR1_RXNEIE);
 80089d0:	f023 0320 	bic.w	r3, r3, #32
  __ASM volatile ("strex %0, %2, %1" : "=&r" (result), "=Q" (*addr) : "r" (value) );
 80089d4:	f102 000c 	add.w	r0, r2, #12
 80089d8:	e840 3100 	strex	r1, r3, [r0]
 80089dc:	2900      	cmp	r1, #0
 80089de:	d1f3      	bne.n	80089c8 <uart_stm32_irq_rx_disable+0x4>
}
 80089e0:	4770      	bx	lr

080089e2 <uart_stm32_irq_rx_ready>:
	const struct uart_stm32_config *config = dev->config;
 80089e2:	6843      	ldr	r3, [r0, #4]
	return ll_usart_is_active_rxne(config->usart);
 80089e4:	681b      	ldr	r3, [r3, #0]
  return (READ_BIT(USARTx->SR, USART_SR_RXNE) == (USART_SR_RXNE));
 80089e6:	6818      	ldr	r0, [r3, #0]
}
 80089e8:	f3c0 1040 	ubfx	r0, r0, #5, #1
 80089ec:	4770      	bx	lr

080089ee <uart_stm32_irq_is_pending>:
	const struct uart_stm32_config *config = dev->config;
 80089ee:	6843      	ldr	r3, [r0, #4]
	USART_TypeDef *usart = config->usart;
 80089f0:	681b      	ldr	r3, [r3, #0]
 80089f2:	681a      	ldr	r2, [r3, #0]
		 ll_usart_is_enabled_rxne(usart)) ||
 80089f4:	f012 0f20 	tst.w	r2, #32
 80089f8:	d003      	beq.n	8008a02 <uart_stm32_irq_is_pending+0x14>
  return (READ_BIT(USARTx->CR1, USART_CR1_RXNEIE) == (USART_CR1_RXNEIE));
 80089fa:	68da      	ldr	r2, [r3, #12]
	return ((ll_usart_is_active_rxne(usart) &&
 80089fc:	f012 0f20 	tst.w	r2, #32
 8008a00:	d109      	bne.n	8008a16 <uart_stm32_irq_is_pending+0x28>
  return (READ_BIT(USARTx->SR, USART_SR_TC) == (USART_SR_TC));
 8008a02:	681a      	ldr	r2, [r3, #0]
		 ll_usart_is_enabled_rxne(usart)) ||
 8008a04:	f012 0f40 	tst.w	r2, #64	@ 0x40
 8008a08:	d007      	beq.n	8008a1a <uart_stm32_irq_is_pending+0x2c>
  return (READ_BIT(USARTx->CR1, USART_CR1_TCIE) == (USART_CR1_TCIE));
 8008a0a:	68db      	ldr	r3, [r3, #12]
		(LL_USART_IsActiveFlag_TC(usart) &&
 8008a0c:	f013 0f40 	tst.w	r3, #64	@ 0x40
 8008a10:	d105      	bne.n	8008a1e <uart_stm32_irq_is_pending+0x30>
		 ll_usart_is_enabled_rxne(usart)) ||
 8008a12:	2000      	movs	r0, #0
 8008a14:	4770      	bx	lr
 8008a16:	2001      	movs	r0, #1
 8008a18:	4770      	bx	lr
 8008a1a:	2000      	movs	r0, #0
 8008a1c:	4770      	bx	lr
 8008a1e:	2001      	movs	r0, #1
}
 8008a20:	4770      	bx	lr

08008a22 <uart_stm32_irq_update>:
}
 8008a22:	2001      	movs	r0, #1
 8008a24:	4770      	bx	lr

08008a26 <uart_stm32_irq_callback_set>:
	struct uart_stm32_data *data = dev->data;
 8008a26:	6903      	ldr	r3, [r0, #16]
	data->user_cb = cb;
 8008a28:	6059      	str	r1, [r3, #4]
	data->user_data = cb_data;
 8008a2a:	609a      	str	r2, [r3, #8]
}
 8008a2c:	4770      	bx	lr

08008a2e <uart_stm32_isr>:
{
 8008a2e:	b508      	push	{r3, lr}
	struct uart_stm32_data *data = dev->data;
 8008a30:	6902      	ldr	r2, [r0, #16]
	if (data->user_cb) {
 8008a32:	6853      	ldr	r3, [r2, #4]
 8008a34:	b10b      	cbz	r3, 8008a3a <uart_stm32_isr+0xc>
		data->user_cb(dev, data->user_data);
 8008a36:	6891      	ldr	r1, [r2, #8]
 8008a38:	4798      	blx	r3
}
 8008a3a:	bd08      	pop	{r3, pc}

08008a3c <uart_stm32_parameters_set>:
{
 8008a3c:	b5f8      	push	{r3, r4, r5, r6, r7, lr}
 8008a3e:	460c      	mov	r4, r1
	const struct uart_stm32_config *config = dev->config;
 8008a40:	6847      	ldr	r7, [r0, #4]
	struct uart_stm32_data *data = dev->data;
 8008a42:	6903      	ldr	r3, [r0, #16]
	struct uart_config *uart_cfg = data->uart_cfg;
 8008a44:	681d      	ldr	r5, [r3, #0]
	const uint32_t parity = uart_stm32_cfg2ll_parity(cfg->parity);
 8008a46:	7909      	ldrb	r1, [r1, #4]
	switch (parity) {
 8008a48:	2901      	cmp	r1, #1
 8008a4a:	d004      	beq.n	8008a56 <uart_stm32_parameters_set+0x1a>
 8008a4c:	2902      	cmp	r1, #2
 8008a4e:	d10e      	bne.n	8008a6e <uart_stm32_parameters_set+0x32>
		return LL_USART_PARITY_EVEN;
 8008a50:	f44f 6380 	mov.w	r3, #1024	@ 0x400
 8008a54:	e001      	b.n	8008a5a <uart_stm32_parameters_set+0x1e>
	switch (parity) {
 8008a56:	f44f 63c0 	mov.w	r3, #1536	@ 0x600
	const uint32_t stopbits = uart_stm32_cfg2ll_stopbits(config, cfg->stop_bits);
 8008a5a:	7962      	ldrb	r2, [r4, #5]
	switch (sb) {
 8008a5c:	2a01      	cmp	r2, #1
 8008a5e:	d008      	beq.n	8008a72 <uart_stm32_parameters_set+0x36>
 8008a60:	2a02      	cmp	r2, #2
 8008a62:	d008      	beq.n	8008a76 <uart_stm32_parameters_set+0x3a>
 8008a64:	2a00      	cmp	r2, #0
 8008a66:	d14b      	bne.n	8008b00 <uart_stm32_parameters_set+0xc4>
 8008a68:	f44f 5280 	mov.w	r2, #4096	@ 0x1000
 8008a6c:	e005      	b.n	8008a7a <uart_stm32_parameters_set+0x3e>
		return LL_USART_PARITY_NONE;
 8008a6e:	2300      	movs	r3, #0
 8008a70:	e7f3      	b.n	8008a5a <uart_stm32_parameters_set+0x1e>
		return STM32_USART_STOP_BIT_1;
 8008a72:	2200      	movs	r2, #0
 8008a74:	e001      	b.n	8008a7a <uart_stm32_parameters_set+0x3e>
		return STM32_USART_STOP_BIT_1_5;
 8008a76:	f44f 5240 	mov.w	r2, #12288	@ 0x3000
	const uint32_t databits = uart_stm32_cfg2ll_databits(cfg->data_bits,
 8008a7a:	79a6      	ldrb	r6, [r4, #6]
	switch (db) {
 8008a7c:	2e04      	cmp	r6, #4
 8008a7e:	d042      	beq.n	8008b06 <uart_stm32_parameters_set+0xca>
		if (p != UART_CFG_PARITY_NONE) {
 8008a80:	2900      	cmp	r1, #0
 8008a82:	d143      	bne.n	8008b0c <uart_stm32_parameters_set+0xd0>
		return STM32_USART_DATAWIDTH_8_BIT;
 8008a84:	f04f 0c00 	mov.w	ip, #0
	const uint32_t flowctrl = uart_stm32_cfg2ll_hwctrl(cfg->flow_ctrl);
 8008a88:	79e1      	ldrb	r1, [r4, #7]
	if (fc == UART_CFG_FLOW_CTRL_RTS_CTS) {
 8008a8a:	2901      	cmp	r1, #1
 8008a8c:	d041      	beq.n	8008b12 <uart_stm32_parameters_set+0xd6>
	return LL_USART_HWCONTROL_NONE;
 8008a8e:	2100      	movs	r1, #0
	if (cfg == uart_cfg) {
 8008a90:	42a5      	cmp	r5, r4
 8008a92:	d041      	beq.n	8008b18 <uart_stm32_parameters_set+0xdc>
	return LL_USART_GetParity(config->usart);
 8008a94:	683f      	ldr	r7, [r7, #0]
  return (uint32_t)(READ_BIT(USARTx->CR1, USART_CR1_PS | USART_CR1_PCE));
 8008a96:	68fe      	ldr	r6, [r7, #12]
 8008a98:	f406 6ec0 	and.w	lr, r6, #1536	@ 0x600
		if (parity != uart_stm32_get_parity(dev)) {
 8008a9c:	4573      	cmp	r3, lr
 8008a9e:	d004      	beq.n	8008aaa <uart_stm32_parameters_set+0x6e>
  MODIFY_REG(USARTx->CR1, USART_CR1_PS | USART_CR1_PCE, Parity);
 8008aa0:	68fe      	ldr	r6, [r7, #12]
 8008aa2:	f426 66c0 	bic.w	r6, r6, #1536	@ 0x600
 8008aa6:	4333      	orrs	r3, r6
 8008aa8:	60fb      	str	r3, [r7, #12]
	const struct uart_stm32_config *config = dev->config;
 8008aaa:	6843      	ldr	r3, [r0, #4]
	return LL_USART_GetStopBitsLength(config->usart);
 8008aac:	681e      	ldr	r6, [r3, #0]
  return (uint32_t)(READ_BIT(USARTx->CR2, USART_CR2_STOP));
 8008aae:	6933      	ldr	r3, [r6, #16]
 8008ab0:	f403 5340 	and.w	r3, r3, #12288	@ 0x3000
		if (stopbits != uart_stm32_get_stopbits(dev)) {
 8008ab4:	429a      	cmp	r2, r3
 8008ab6:	d004      	beq.n	8008ac2 <uart_stm32_parameters_set+0x86>
  MODIFY_REG(USARTx->CR2, USART_CR2_STOP, StopBits);
 8008ab8:	6933      	ldr	r3, [r6, #16]
 8008aba:	f423 5340 	bic.w	r3, r3, #12288	@ 0x3000
 8008abe:	431a      	orrs	r2, r3
 8008ac0:	6132      	str	r2, [r6, #16]
	const struct uart_stm32_config *config = dev->config;
 8008ac2:	6843      	ldr	r3, [r0, #4]
	return LL_USART_GetDataWidth(config->usart);
 8008ac4:	681e      	ldr	r6, [r3, #0]
  return (uint32_t)(READ_BIT(USARTx->CR1, USART_CR1_M));
 8008ac6:	68f3      	ldr	r3, [r6, #12]
 8008ac8:	f403 5380 	and.w	r3, r3, #4096	@ 0x1000
		if (databits != uart_stm32_get_databits(dev)) {
 8008acc:	459c      	cmp	ip, r3
 8008ace:	d005      	beq.n	8008adc <uart_stm32_parameters_set+0xa0>
  MODIFY_REG(USARTx->CR1, USART_CR1_M, DataWidth);
 8008ad0:	68f3      	ldr	r3, [r6, #12]
 8008ad2:	f423 5380 	bic.w	r3, r3, #4096	@ 0x1000
 8008ad6:	ea4c 0303 	orr.w	r3, ip, r3
 8008ada:	60f3      	str	r3, [r6, #12]
	const struct uart_stm32_config *config = dev->config;
 8008adc:	6843      	ldr	r3, [r0, #4]
	return LL_USART_GetHWFlowCtrl(config->usart);
 8008ade:	681a      	ldr	r2, [r3, #0]
  return (uint32_t)(READ_BIT(USARTx->CR3, USART_CR3_RTSE | USART_CR3_CTSE));
 8008ae0:	6953      	ldr	r3, [r2, #20]
 8008ae2:	f403 7340 	and.w	r3, r3, #768	@ 0x300
		if (flowctrl != uart_stm32_get_hwctrl(dev)) {
 8008ae6:	4299      	cmp	r1, r3
 8008ae8:	d004      	beq.n	8008af4 <uart_stm32_parameters_set+0xb8>
  MODIFY_REG(USARTx->CR3, USART_CR3_RTSE | USART_CR3_CTSE, HardwareFlowControl);
 8008aea:	6953      	ldr	r3, [r2, #20]
 8008aec:	f423 7340 	bic.w	r3, r3, #768	@ 0x300
 8008af0:	430b      	orrs	r3, r1
 8008af2:	6153      	str	r3, [r2, #20]
		if (cfg->baudrate != uart_cfg->baudrate) {
 8008af4:	6821      	ldr	r1, [r4, #0]
 8008af6:	682b      	ldr	r3, [r5, #0]
 8008af8:	4299      	cmp	r1, r3
 8008afa:	d128      	bne.n	8008b4e <uart_stm32_parameters_set+0x112>
	return 0;
 8008afc:	2000      	movs	r0, #0
}
 8008afe:	bdf8      	pop	{r3, r4, r5, r6, r7, pc}
		return STM32_USART_STOP_BIT_2;
 8008b00:	f44f 5200 	mov.w	r2, #8192	@ 0x2000
 8008b04:	e7b9      	b.n	8008a7a <uart_stm32_parameters_set+0x3e>
		return STM32_USART_DATAWIDTH_9_BIT;
 8008b06:	f44f 5c80 	mov.w	ip, #4096	@ 0x1000
 8008b0a:	e7bd      	b.n	8008a88 <uart_stm32_parameters_set+0x4c>
			return STM32_USART_DATAWIDTH_9_BIT;
 8008b0c:	f44f 5c80 	mov.w	ip, #4096	@ 0x1000
 8008b10:	e7ba      	b.n	8008a88 <uart_stm32_parameters_set+0x4c>
		return LL_USART_HWCONTROL_RTS_CTS;
 8008b12:	f44f 7140 	mov.w	r1, #768	@ 0x300
 8008b16:	e7bb      	b.n	8008a90 <uart_stm32_parameters_set+0x54>
		LL_USART_ConfigCharacter(config->usart,
 8008b18:	683e      	ldr	r6, [r7, #0]
  MODIFY_REG(USARTx->CR1, USART_CR1_PS | USART_CR1_PCE | USART_CR1_M, Parity | DataWidth);
 8008b1a:	68f5      	ldr	r5, [r6, #12]
 8008b1c:	f425 55b0 	bic.w	r5, r5, #5632	@ 0x1600
 8008b20:	ea43 030c 	orr.w	r3, r3, ip
 8008b24:	432b      	orrs	r3, r5
 8008b26:	60f3      	str	r3, [r6, #12]
  MODIFY_REG(USARTx->CR2, USART_CR2_STOP, StopBits);
 8008b28:	6933      	ldr	r3, [r6, #16]
 8008b2a:	f423 5340 	bic.w	r3, r3, #12288	@ 0x3000
 8008b2e:	4313      	orrs	r3, r2
 8008b30:	6133      	str	r3, [r6, #16]
	const struct uart_stm32_config *config = dev->config;
 8008b32:	6843      	ldr	r3, [r0, #4]
	LL_USART_SetHWFlowCtrl(config->usart, hwctrl);
 8008b34:	681a      	ldr	r2, [r3, #0]
  MODIFY_REG(USARTx->CR3, USART_CR3_RTSE | USART_CR3_CTSE, HardwareFlowControl);
 8008b36:	6953      	ldr	r3, [r2, #20]
 8008b38:	f423 7340 	bic.w	r3, r3, #768	@ 0x300
 8008b3c:	430b      	orrs	r3, r1
 8008b3e:	6153      	str	r3, [r2, #20]
		ret = uart_stm32_set_baudrate(dev, cfg->baudrate);
 8008b40:	6821      	ldr	r1, [r4, #0]
 8008b42:	f7fb fced 	bl	8004520 <uart_stm32_set_baudrate>
		if (ret < 0) {
 8008b46:	2800      	cmp	r0, #0
 8008b48:	dbd9      	blt.n	8008afe <uart_stm32_parameters_set+0xc2>
	return 0;
 8008b4a:	2000      	movs	r0, #0
 8008b4c:	e7d7      	b.n	8008afe <uart_stm32_parameters_set+0xc2>
			ret = uart_stm32_set_baudrate(dev, cfg->baudrate);
 8008b4e:	f7fb fce7 	bl	8004520 <uart_stm32_set_baudrate>
			if (ret < 0) {
 8008b52:	2800      	cmp	r0, #0
 8008b54:	dbd3      	blt.n	8008afe <uart_stm32_parameters_set+0xc2>
			uart_cfg->baudrate = cfg->baudrate;
 8008b56:	6823      	ldr	r3, [r4, #0]
 8008b58:	602b      	str	r3, [r5, #0]
	return 0;
 8008b5a:	2000      	movs	r0, #0
 8008b5c:	e7cf      	b.n	8008afe <uart_stm32_parameters_set+0xc2>

08008b5e <pinctrl_apply_state>:
{
 8008b5e:	b500      	push	{lr}
 8008b60:	b083      	sub	sp, #12
	ret = pinctrl_lookup_state(config, id, &state);
 8008b62:	aa01      	add	r2, sp, #4
 8008b64:	f7ff fcd0 	bl	8008508 <pinctrl_lookup_state>
	if (ret < 0) {
 8008b68:	2800      	cmp	r0, #0
 8008b6a:	db05      	blt.n	8008b78 <pinctrl_apply_state+0x1a>
	return pinctrl_apply_state_direct(config, state);
 8008b6c:	9b01      	ldr	r3, [sp, #4]
	return pinctrl_configure_pins(state->pins, state->pin_cnt, reg);
 8008b6e:	2200      	movs	r2, #0
 8008b70:	7919      	ldrb	r1, [r3, #4]
 8008b72:	6818      	ldr	r0, [r3, #0]
 8008b74:	f7ff fce1 	bl	800853a <pinctrl_configure_pins>
}
 8008b78:	b003      	add	sp, #12
 8008b7a:	f85d fb04 	ldr.w	pc, [sp], #4

08008b7e <uart_stm32_init>:
 * @param dev UART device struct
 *
 * @return 0
 */
static int uart_stm32_init(const struct device *dev)
{
 8008b7e:	b538      	push	{r3, r4, r5, lr}
 8008b80:	4604      	mov	r4, r0
	const struct uart_stm32_config *config = dev->config;
 8008b82:	6845      	ldr	r5, [r0, #4]
	int err;

	err = uart_stm32_clocks_enable(dev);
 8008b84:	f7fb fcb4 	bl	80044f0 <uart_stm32_clocks_enable>
	if (err < 0) {
 8008b88:	2800      	cmp	r0, #0
 8008b8a:	db0e      	blt.n	8008baa <uart_stm32_init+0x2c>
		return err;
	}

	/* Configure dt provided device signals when available */
	err = pinctrl_apply_state(config->pcfg, PINCTRL_STATE_DEFAULT);
 8008b8c:	2100      	movs	r1, #0
 8008b8e:	6a68      	ldr	r0, [r5, #36]	@ 0x24
 8008b90:	f7ff ffe5 	bl	8008b5e <pinctrl_apply_state>
	if (err < 0) {
 8008b94:	2800      	cmp	r0, #0
 8008b96:	db08      	blt.n	8008baa <uart_stm32_init+0x2c>
		return err;
	}

	err = uart_stm32_registers_configure(dev);
 8008b98:	4620      	mov	r0, r4
 8008b9a:	f7fb fe17 	bl	80047cc <uart_stm32_registers_configure>
	if (err < 0) {
 8008b9e:	2800      	cmp	r0, #0
 8008ba0:	db03      	blt.n	8008baa <uart_stm32_init+0x2c>
	}

#if defined(CONFIG_PM) || \
	defined(CONFIG_UART_INTERRUPT_DRIVEN) || \
	defined(CONFIG_UART_ASYNC_API)
	config->irq_config_func(dev);
 8008ba2:	6aab      	ldr	r3, [r5, #40]	@ 0x28
 8008ba4:	4620      	mov	r0, r4
 8008ba6:	4798      	blx	r3
#endif /* CONFIG_PM || CONFIG_UART_INTERRUPT_DRIVEN || CONFIG_UART_ASYNC_API */

#ifdef CONFIG_UART_ASYNC_API
	return uart_stm32_async_init(dev);
#else
	return 0;
 8008ba8:	2000      	movs	r0, #0
#endif
}
 8008baa:	bd38      	pop	{r3, r4, r5, pc}

08008bac <uart_stm32_irq_config_func_0>:
	STM32_UART_CHECK_DT_PARITY(index)					\
	STM32_UART_CHECK_DT_DATA_BITS(index)					\
	STM32_UART_CHECK_DT_STOP_BITS_0_5(index)				\
	STM32_UART_CHECK_DT_STOP_BITS_1_5(index)

DT_INST_FOREACH_STATUS_OKAY(STM32_UART_INIT)
 8008bac:	b508      	push	{r3, lr}
 8008bae:	2200      	movs	r2, #0
 8008bb0:	4611      	mov	r1, r2
 8008bb2:	2025      	movs	r0, #37	@ 0x25
 8008bb4:	f7fe ff9e 	bl	8007af4 <arm_irq_priority_set>
 8008bb8:	2025      	movs	r0, #37	@ 0x25
 8008bba:	f7fe ff96 	bl	8007aea <arm_irq_enable>
 8008bbe:	bd08      	pop	{r3, pc}

08008bc0 <uart_stm32_irq_config_func_1>:
 8008bc0:	b508      	push	{r3, lr}
 8008bc2:	2200      	movs	r2, #0
 8008bc4:	4611      	mov	r1, r2
 8008bc6:	2026      	movs	r0, #38	@ 0x26
 8008bc8:	f7fe ff94 	bl	8007af4 <arm_irq_priority_set>
 8008bcc:	2026      	movs	r0, #38	@ 0x26
 8008bce:	f7fe ff8c 	bl	8007aea <arm_irq_enable>
 8008bd2:	bd08      	pop	{r3, pc}

08008bd4 <sys_clock_announce>:
 * driver state and tick accounting under a single lock.
 *
 * @param ticks Elapsed time, in ticks
 */
static inline void sys_clock_announce(int32_t ticks)
{
 8008bd4:	b508      	push	{r3, lr}
  __ASM volatile ("MRS %0, basepri" : "=r" (result) );
 8008bd6:	f3ef 8111 	mrs	r1, BASEPRI
  __ASM volatile ("MSR basepri_max, %0" : : "r" (basePri) : "memory");
 8008bda:	2310      	movs	r3, #16
 8008bdc:	f383 8812 	msr	BASEPRI_MAX, r3
  __ASM volatile ("isb 0xF":::"memory");
 8008be0:	f3bf 8f6f 	isb	sy
	sys_clock_announce_locked(ticks, sys_clock_lock());
 8008be4:	f7fd f8b2 	bl	8005d4c <sys_clock_announce_locked>
}
 8008be8:	bd08      	pop	{r3, pc}

08008bea <do_device_init>:
#include <zephyr/internal/syscall_handler.h>
#include <zephyr/toolchain.h>
#include <zephyr/pm/device_runtime.h>

int do_device_init(const struct device *dev)
{
 8008bea:	b510      	push	{r4, lr}
 8008bec:	4604      	mov	r4, r0
	int rc = 0;

	if (dev->ops.init != NULL) {
 8008bee:	6943      	ldr	r3, [r0, #20]
 8008bf0:	b193      	cbz	r3, 8008c18 <do_device_init+0x2e>
		rc = dev->ops.init(dev);
 8008bf2:	4798      	blx	r3
		/* If initialization failed, record in dev->state->init_res
		 * the POSITIVE value of the resulting errno
		 */
		if (rc != 0) {
 8008bf4:	4602      	mov	r2, r0
 8008bf6:	b130      	cbz	r0, 8008c06 <do_device_init+0x1c>
			 * errno value maps to an uint8_t range as of now.
			 */
			__ASSERT(rc >= -UINT8_MAX && rc < 0, "device %s init: invalid error (%d)",
				 dev->name, rc);

			if (rc < 0) {
 8008bf8:	2800      	cmp	r0, #0
 8008bfa:	db0b      	blt.n	8008c14 <do_device_init+0x2a>
				rc = -rc;
			}
			/* handle error value overflow in production
			 * this is likely a bug in the device's init function. Signals it
			 */
			if (rc > UINT8_MAX) {
 8008bfc:	2aff      	cmp	r2, #255	@ 0xff
 8008bfe:	dd00      	ble.n	8008c02 <do_device_init+0x18>
				rc = UINT8_MAX;
 8008c00:	22ff      	movs	r2, #255	@ 0xff
			}
			dev->state->init_res = rc;
 8008c02:	68e3      	ldr	r3, [r4, #12]
 8008c04:	701a      	strb	r2, [r3, #0]
		}
	}

	/* device initialization has been invoked */
	dev->state->initialized = true;
 8008c06:	68e1      	ldr	r1, [r4, #12]
 8008c08:	784b      	ldrb	r3, [r1, #1]
 8008c0a:	f043 0301 	orr.w	r3, r3, #1
 8008c0e:	704b      	strb	r3, [r1, #1]

	/* here, the value of rc is either 0 or +errno
	 * flip the sign to return a negative value on failure as expected
	 */
	return -rc;
}
 8008c10:	4250      	negs	r0, r2
 8008c12:	bd10      	pop	{r4, pc}
				rc = -rc;
 8008c14:	4242      	negs	r2, r0
 8008c16:	e7f1      	b.n	8008bfc <do_device_init+0x12>
	int rc = 0;
 8008c18:	2200      	movs	r2, #0
 8008c1a:	e7f4      	b.n	8008c06 <do_device_init+0x1c>

08008c1c <z_impl_device_is_ready>:
{
	/*
	 * if an invalid device pointer is passed as argument, this call
	 * reports the `device` as not ready for usage.
	 */
	if (dev == NULL) {
 8008c1c:	b160      	cbz	r0, 8008c38 <z_impl_device_is_ready+0x1c>
		return false;
	}

	return dev->state->initialized && (dev->state->init_res == 0U);
 8008c1e:	68c3      	ldr	r3, [r0, #12]
 8008c20:	785a      	ldrb	r2, [r3, #1]
 8008c22:	f012 0f01 	tst.w	r2, #1
 8008c26:	d003      	beq.n	8008c30 <z_impl_device_is_ready+0x14>
 8008c28:	781b      	ldrb	r3, [r3, #0]
 8008c2a:	b11b      	cbz	r3, 8008c34 <z_impl_device_is_ready+0x18>
 8008c2c:	2000      	movs	r0, #0
 8008c2e:	4770      	bx	lr
 8008c30:	2000      	movs	r0, #0
 8008c32:	4770      	bx	lr
 8008c34:	2001      	movs	r0, #1
 8008c36:	4770      	bx	lr
		return false;
 8008c38:	2000      	movs	r0, #0
}
 8008c3a:	4770      	bx	lr

08008c3c <arch_system_halt>:
  __ASM volatile ("MRS %0, basepri" : "=r" (result) );
 8008c3c:	f3ef 8311 	mrs	r3, BASEPRI
  __ASM volatile ("MSR basepri_max, %0" : : "r" (basePri) : "memory");
 8008c40:	2310      	movs	r3, #16
 8008c42:	f383 8812 	msr	BASEPRI_MAX, r3
 8008c46:	f3bf 8f6f 	isb	sy
	for (;;) {
 8008c4a:	e7fe      	b.n	8008c4a <arch_system_halt+0xe>

08008c4c <idle>:
#include <wait_q.h>

LOG_MODULE_DECLARE(os, CONFIG_KERNEL_LOG_LEVEL);

void idle(void *unused1, void *unused2, void *unused3)
{
 8008c4c:	b508      	push	{r3, lr}
  __ASM volatile ("MRS %0, basepri" : "=r" (result) );
 8008c4e:	f3ef 8311 	mrs	r3, BASEPRI
  __ASM volatile ("MSR basepri_max, %0" : : "r" (basePri) : "memory");
 8008c52:	2310      	movs	r3, #16
 8008c54:	f383 8812 	msr	BASEPRI_MAX, r3
 8008c58:	f3bf 8f6f 	isb	sy
 * @note In some architectures, before returning, the function unmasks interrupts
 * unconditionally.
 */
static inline void k_cpu_idle(void)
{
	arch_cpu_idle();
 8008c5c:	f7fe ff64 	bl	8007b28 <arch_cpu_idle>
	ARG_UNUSED(unused2);
	ARG_UNUSED(unused3);

	__ASSERT_NO_MSG(_current->base.prio >= 0);

	while (true) {
 8008c60:	e7f5      	b.n	8008c4e <idle+0x2>

08008c62 <arch_spin_relax>:
	return sys_clock_cycle_get_64();
}

static ALWAYS_INLINE void arch_nop(void)
{
	__asm__ volatile("nop");
 8008c62:	bf00      	nop
{
	__ASSERT(!arch_irq_unlocked(arch_irq_lock()),
		 "this is meant to be called with IRQs disabled");

	arch_nop();
}
 8008c64:	4770      	bx	lr

08008c66 <z_impl_k_sem_init>:
	CHECKIF(limit == 0U || initial_count > limit) {
 8008c66:	b13a      	cbz	r2, 8008c78 <z_impl_k_sem_init+0x12>
 8008c68:	428a      	cmp	r2, r1
 8008c6a:	d308      	bcc.n	8008c7e <z_impl_k_sem_init+0x18>
	sem->count = initial_count;
 8008c6c:	6081      	str	r1, [r0, #8]
	sem->limit = limit;
 8008c6e:	60c2      	str	r2, [r0, #12]
	list->head = (sys_dnode_t *)list;
 8008c70:	6000      	str	r0, [r0, #0]
	list->tail = (sys_dnode_t *)list;
 8008c72:	6040      	str	r0, [r0, #4]
	return 0;
 8008c74:	2000      	movs	r0, #0
 8008c76:	4770      	bx	lr
		return -EINVAL;
 8008c78:	f06f 0015 	mvn.w	r0, #21
 8008c7c:	4770      	bx	lr
 8008c7e:	f06f 0015 	mvn.w	r0, #21
}
 8008c82:	4770      	bx	lr

08008c84 <setup_thread_stack>:
{
 8008c84:	b5f8      	push	{r3, r4, r5, r6, r7, lr}
 8008c86:	4605      	mov	r5, r0
		stack_obj_size = K_KERNEL_STACK_LEN(stack_size);
 8008c88:	1dd3      	adds	r3, r2, #7
 8008c8a:	f023 0307 	bic.w	r3, r3, #7
 8008c8e:	337f      	adds	r3, #127	@ 0x7f
 8008c90:	f023 033f 	bic.w	r3, r3, #63	@ 0x3f

/** @} */

static inline char *K_KERNEL_STACK_BUFFER(k_thread_stack_t *sym)
{
	return (char *)sym + K_KERNEL_STACK_RESERVED;
 8008c94:	f101 0740 	add.w	r7, r1, #64	@ 0x40
		stack_buf_size = stack_obj_size - K_KERNEL_STACK_RESERVED;
 8008c98:	f1a3 0640 	sub.w	r6, r3, #64	@ 0x40
		if (K_KERNEL_STACK_RESERVED > stack_obj_size) {
 8008c9c:	2b3f      	cmp	r3, #63	@ 0x3f
 8008c9e:	d807      	bhi.n	8008cb0 <setup_thread_stack+0x2c>
  __ASM volatile ("MSR basepri, %0" : : "r" (basePri) : "memory");
 8008ca0:	2200      	movs	r2, #0
 8008ca2:	f382 8811 	msr	BASEPRI, r2
 8008ca6:	f3bf 8f6f 	isb	sy
			k_panic();
 8008caa:	2204      	movs	r2, #4
 8008cac:	4610      	mov	r0, r2
 8008cae:	df02      	svc	2
	stack_ptr = (char *)stack + stack_obj_size;
 8008cb0:	18cc      	adds	r4, r1, r3
	delta += arch_tls_stack_setup(new_thread, stack_ptr);
 8008cb2:	4621      	mov	r1, r4
 8008cb4:	4628      	mov	r0, r5
 8008cb6:	f7f9 fa05 	bl	80020c4 <arch_tls_stack_setup>
	delta = ROUND_UP(delta, ARCH_STACK_PTR_ALIGN);
 8008cba:	3007      	adds	r0, #7
 8008cbc:	f020 0007 	bic.w	r0, r0, #7
	new_thread->stack_info.start = (uintptr_t)stack_buf_start;
 8008cc0:	f8c5 7094 	str.w	r7, [r5, #148]	@ 0x94
	new_thread->stack_info.size = stack_buf_size;
 8008cc4:	f8c5 6098 	str.w	r6, [r5, #152]	@ 0x98
	new_thread->stack_info.delta = delta;
 8008cc8:	f8c5 009c 	str.w	r0, [r5, #156]	@ 0x9c
}
 8008ccc:	1a20      	subs	r0, r4, r0
 8008cce:	bdf8      	pop	{r3, r4, r5, r6, r7, pc}

08008cd0 <k_is_in_isr>:
  __ASM volatile ("MRS %0, ipsr" : "=r" (result) );
 8008cd0:	f3ef 8005 	mrs	r0, IPSR
}
 8008cd4:	3800      	subs	r0, #0
 8008cd6:	bf18      	it	ne
 8008cd8:	2001      	movne	r0, #1
 8008cda:	4770      	bx	lr

08008cdc <k_thread_name_get>:
}
 8008cdc:	3074      	adds	r0, #116	@ 0x74
 8008cde:	4770      	bx	lr

08008ce0 <z_init_thread_base>:
{
 8008ce0:	b410      	push	{r4}
	thread_base->pended_on = NULL;
 8008ce2:	2400      	movs	r4, #0
 8008ce4:	6084      	str	r4, [r0, #8]
	thread_base->user_options = (uint16_t)options;
 8008ce6:	8183      	strh	r3, [r0, #12]
	thread_base->thread_state = (uint8_t)initial_state;
 8008ce8:	7402      	strb	r2, [r0, #16]
	thread_base->prio = priority;
 8008cea:	7381      	strb	r1, [r0, #14]
	thread_base->sched_locked = 0U;
 8008cec:	73c4      	strb	r4, [r0, #15]
	node->next = NULL;
 8008cee:	6184      	str	r4, [r0, #24]
	node->prev = NULL;
 8008cf0:	61c4      	str	r4, [r0, #28]
}
 8008cf2:	bc10      	pop	{r4}
 8008cf4:	4770      	bx	lr

08008cf6 <z_impl_k_thread_create>:
{
 8008cf6:	b5f0      	push	{r4, r5, r6, r7, lr}
 8008cf8:	b087      	sub	sp, #28
 8008cfa:	4604      	mov	r4, r0
 8008cfc:	9e12      	ldr	r6, [sp, #72]	@ 0x48
 8008cfe:	9d13      	ldr	r5, [sp, #76]	@ 0x4c
	z_setup_new_thread(new_thread, stack, stack_size, entry, p1, p2, p3,
 8008d00:	2700      	movs	r7, #0
 8008d02:	9705      	str	r7, [sp, #20]
 8008d04:	9f10      	ldr	r7, [sp, #64]	@ 0x40
 8008d06:	9704      	str	r7, [sp, #16]
 8008d08:	9f0f      	ldr	r7, [sp, #60]	@ 0x3c
 8008d0a:	9703      	str	r7, [sp, #12]
 8008d0c:	9f0e      	ldr	r7, [sp, #56]	@ 0x38
 8008d0e:	9702      	str	r7, [sp, #8]
 8008d10:	9f0d      	ldr	r7, [sp, #52]	@ 0x34
 8008d12:	9701      	str	r7, [sp, #4]
 8008d14:	9f0c      	ldr	r7, [sp, #48]	@ 0x30
 8008d16:	9700      	str	r7, [sp, #0]
 8008d18:	f7fc fa88 	bl	800522c <z_setup_new_thread>
	if (!K_TIMEOUT_EQ(delay, K_FOREVER)) {
 8008d1c:	f1b5 3fff 	cmp.w	r5, #4294967295
 8008d20:	bf08      	it	eq
 8008d22:	f1b6 3fff 	cmpeq.w	r6, #4294967295
 8008d26:	d102      	bne.n	8008d2e <z_impl_k_thread_create+0x38>
}
 8008d28:	4620      	mov	r0, r4
 8008d2a:	b007      	add	sp, #28
 8008d2c:	bdf0      	pop	{r4, r5, r6, r7, pc}
		thread_schedule_new(new_thread, delay);
 8008d2e:	4632      	mov	r2, r6
 8008d30:	462b      	mov	r3, r5
 8008d32:	4620      	mov	r0, r4
 8008d34:	f7fc fa5a 	bl	80051ec <thread_schedule_new>
 8008d38:	e7f6      	b.n	8008d28 <z_impl_k_thread_create+0x32>

08008d3a <thread_active_elsewhere>:
}
 8008d3a:	2000      	movs	r0, #0
 8008d3c:	4770      	bx	lr

08008d3e <add_to_waitq_locked>:
{
 8008d3e:	b538      	push	{r3, r4, r5, lr}
 8008d40:	4604      	mov	r4, r0
 8008d42:	460d      	mov	r5, r1
	unready_thread(thread);
 8008d44:	f7fc fb70 	bl	8005428 <unready_thread>
	thread->base.thread_state |= _THREAD_PENDING;
 8008d48:	7c23      	ldrb	r3, [r4, #16]
 8008d4a:	f043 0302 	orr.w	r3, r3, #2
 8008d4e:	7423      	strb	r3, [r4, #16]
	if (wait_q != NULL) {
 8008d50:	b325      	cbz	r5, 8008d9c <add_to_waitq_locked+0x5e>
		thread->base.pended_on = wait_q;
 8008d52:	60a5      	str	r5, [r4, #8]
	return list->head == list;
 8008d54:	682b      	ldr	r3, [r5, #0]
	return sys_dlist_is_empty(list) ? NULL : list->head;
 8008d56:	429d      	cmp	r5, r3
 8008d58:	d107      	bne.n	8008d6a <add_to_waitq_locked+0x2c>
	SYS_DLIST_FOR_EACH_CONTAINER(pq, t, base.qnode_dlist) {
 8008d5a:	2300      	movs	r3, #0
 8008d5c:	e005      	b.n	8008d6a <add_to_waitq_locked+0x2c>
 8008d5e:	4619      	mov	r1, r3
	return (node == list->tail) ? NULL : node->next;
 8008d60:	686a      	ldr	r2, [r5, #4]
 8008d62:	4293      	cmp	r3, r2
 8008d64:	d015      	beq.n	8008d92 <add_to_waitq_locked+0x54>
 8008d66:	681b      	ldr	r3, [r3, #0]
 8008d68:	b97b      	cbnz	r3, 8008d8a <add_to_waitq_locked+0x4c>
 8008d6a:	b193      	cbz	r3, 8008d92 <add_to_waitq_locked+0x54>
	int32_t b1 = thread_1->base.prio;
 8008d6c:	f994 100e 	ldrsb.w	r1, [r4, #14]
	int32_t b2 = thread_2->base.prio;
 8008d70:	f993 200e 	ldrsb.w	r2, [r3, #14]
	if (b1 != b2) {
 8008d74:	4291      	cmp	r1, r2
 8008d76:	d0f2      	beq.n	8008d5e <add_to_waitq_locked+0x20>
		return b2 - b1;
 8008d78:	1a52      	subs	r2, r2, r1
		if (z_sched_prio_cmp(thread, t) > 0) {
 8008d7a:	2a00      	cmp	r2, #0
 8008d7c:	ddef      	ble.n	8008d5e <add_to_waitq_locked+0x20>
	sys_dnode_t *const prev = successor->prev;
 8008d7e:	685a      	ldr	r2, [r3, #4]
	node->prev = prev;
 8008d80:	6062      	str	r2, [r4, #4]
	node->next = successor;
 8008d82:	6023      	str	r3, [r4, #0]
	prev->next = node;
 8008d84:	6014      	str	r4, [r2, #0]
	successor->prev = node;
 8008d86:	605c      	str	r4, [r3, #4]
			return;
 8008d88:	e008      	b.n	8008d9c <add_to_waitq_locked+0x5e>
	return (node != NULL) ? sys_dlist_peek_next_no_check(list, node) : NULL;
 8008d8a:	2900      	cmp	r1, #0
 8008d8c:	d1ed      	bne.n	8008d6a <add_to_waitq_locked+0x2c>
 8008d8e:	460b      	mov	r3, r1
 8008d90:	e7eb      	b.n	8008d6a <add_to_waitq_locked+0x2c>
	sys_dnode_t *const tail = list->tail;
 8008d92:	686b      	ldr	r3, [r5, #4]
	node->next = list;
 8008d94:	6025      	str	r5, [r4, #0]
	node->prev = tail;
 8008d96:	6063      	str	r3, [r4, #4]
	tail->next = node;
 8008d98:	601c      	str	r4, [r3, #0]
	list->tail = node;
 8008d9a:	606c      	str	r4, [r5, #4]
}
 8008d9c:	bd38      	pop	{r3, r4, r5, pc}

08008d9e <unpend_all>:
{
 8008d9e:	b570      	push	{r4, r5, r6, lr}
 8008da0:	4606      	mov	r6, r0
	return list->head == list;
 8008da2:	6804      	ldr	r4, [r0, #0]
	return sys_dlist_is_empty(list) ? NULL : list->head;
 8008da4:	4284      	cmp	r4, r0
 8008da6:	d01a      	beq.n	8008dde <unpend_all+0x40>
	for (thread = z_waitq_head(wait_q); thread != NULL; thread = z_waitq_head(wait_q)) {
 8008da8:	b1dc      	cbz	r4, 8008de2 <unpend_all+0x44>
	sys_dnode_t *const prev = node->prev;
 8008daa:	6862      	ldr	r2, [r4, #4]
	sys_dnode_t *const next = node->next;
 8008dac:	6823      	ldr	r3, [r4, #0]
	prev->next = next;
 8008dae:	6013      	str	r3, [r2, #0]
	next->prev = prev;
 8008db0:	605a      	str	r2, [r3, #4]
	node->next = NULL;
 8008db2:	2500      	movs	r5, #0
 8008db4:	6025      	str	r5, [r4, #0]
	node->prev = NULL;
 8008db6:	6065      	str	r5, [r4, #4]
	thread->base.thread_state &= ~_THREAD_PENDING;
 8008db8:	7c23      	ldrb	r3, [r4, #16]
 8008dba:	f023 0302 	bic.w	r3, r3, #2
 8008dbe:	7423      	strb	r3, [r4, #16]
 8008dc0:	60a5      	str	r5, [r4, #8]
	z_abort_timeout(&thread->base.timeout);
 8008dc2:	f104 0018 	add.w	r0, r4, #24
 8008dc6:	f000 f8e4 	bl	8008f92 <z_abort_timeout>
 8008dca:	f8c4 50ac 	str.w	r5, [r4, #172]	@ 0xac
		ready_thread(thread);
 8008dce:	4620      	mov	r0, r4
 8008dd0:	f7fc fad2 	bl	8005378 <ready_thread>
	return list->head == list;
 8008dd4:	6834      	ldr	r4, [r6, #0]
	return sys_dlist_is_empty(list) ? NULL : list->head;
 8008dd6:	42a6      	cmp	r6, r4
 8008dd8:	d1e6      	bne.n	8008da8 <unpend_all+0xa>
 8008dda:	2400      	movs	r4, #0
 8008ddc:	e7e4      	b.n	8008da8 <unpend_all+0xa>
 8008dde:	2400      	movs	r4, #0
 8008de0:	e7e2      	b.n	8008da8 <unpend_all+0xa>
}
 8008de2:	bd70      	pop	{r4, r5, r6, pc}

08008de4 <pend_locked>:
{
 8008de4:	b570      	push	{r4, r5, r6, lr}
 8008de6:	4604      	mov	r4, r0
 8008de8:	4616      	mov	r6, r2
 8008dea:	461d      	mov	r5, r3
	add_to_waitq_locked(thread, wait_q);
 8008dec:	f7ff ffa7 	bl	8008d3e <add_to_waitq_locked>
	add_thread_timeout(thread, timeout);
 8008df0:	4632      	mov	r2, r6
 8008df2:	462b      	mov	r3, r5
 8008df4:	4620      	mov	r0, r4
 8008df6:	f7fc fbd9 	bl	80055ac <add_thread_timeout>
}
 8008dfa:	bd70      	pop	{r4, r5, r6, pc}

08008dfc <z_ready_thread>:
{
 8008dfc:	b538      	push	{r3, r4, r5, lr}
 8008dfe:	4604      	mov	r4, r0
	K_SPINLOCK(&_sched_spinlock) {
 8008e00:	2300      	movs	r3, #0
  __ASM volatile ("MRS %0, basepri" : "=r" (result) );
 8008e02:	f3ef 8511 	mrs	r5, BASEPRI
  __ASM volatile ("MSR basepri_max, %0" : : "r" (basePri) : "memory");
 8008e06:	2210      	movs	r2, #16
 8008e08:	f382 8812 	msr	BASEPRI_MAX, r2
 8008e0c:	f3bf 8f6f 	isb	sy
 8008e10:	e004      	b.n	8008e1c <z_ready_thread+0x20>
  __ASM volatile ("MSR basepri, %0" : : "r" (basePri) : "memory");
 8008e12:	f385 8811 	msr	BASEPRI, r5
 8008e16:	f3bf 8f6f 	isb	sy
 8008e1a:	2301      	movs	r3, #1
 8008e1c:	b943      	cbnz	r3, 8008e30 <z_ready_thread+0x34>
		if (thread_active_elsewhere(thread) == NULL) {
 8008e1e:	4620      	mov	r0, r4
 8008e20:	f7ff ff8b 	bl	8008d3a <thread_active_elsewhere>
 8008e24:	2800      	cmp	r0, #0
 8008e26:	d1f4      	bne.n	8008e12 <z_ready_thread+0x16>
			ready_thread(thread);
 8008e28:	4620      	mov	r0, r4
 8008e2a:	f7fc faa5 	bl	8005378 <ready_thread>
 8008e2e:	e7f0      	b.n	8008e12 <z_ready_thread+0x16>
}
 8008e30:	bd38      	pop	{r3, r4, r5, pc}

08008e32 <z_unpend_thread_no_timeout>:
	K_SPINLOCK(&_sched_spinlock) {
 8008e32:	2300      	movs	r3, #0
  __ASM volatile ("MRS %0, basepri" : "=r" (result) );
 8008e34:	f3ef 8111 	mrs	r1, BASEPRI
  __ASM volatile ("MSR basepri_max, %0" : : "r" (basePri) : "memory");
 8008e38:	2210      	movs	r2, #16
 8008e3a:	f382 8812 	msr	BASEPRI_MAX, r2
 8008e3e:	f3bf 8f6f 	isb	sy
 8008e42:	e004      	b.n	8008e4e <z_unpend_thread_no_timeout+0x1c>
  __ASM volatile ("MSR basepri, %0" : : "r" (basePri) : "memory");
 8008e44:	f381 8811 	msr	BASEPRI, r1
 8008e48:	f3bf 8f6f 	isb	sy
 8008e4c:	2301      	movs	r3, #1
 8008e4e:	b97b      	cbnz	r3, 8008e70 <z_unpend_thread_no_timeout+0x3e>
		if (thread->base.pended_on != NULL) {
 8008e50:	6883      	ldr	r3, [r0, #8]
 8008e52:	2b00      	cmp	r3, #0
 8008e54:	d0f6      	beq.n	8008e44 <z_unpend_thread_no_timeout+0x12>
	sys_dnode_t *const prev = node->prev;
 8008e56:	6842      	ldr	r2, [r0, #4]
	sys_dnode_t *const next = node->next;
 8008e58:	6803      	ldr	r3, [r0, #0]
	prev->next = next;
 8008e5a:	6013      	str	r3, [r2, #0]
	next->prev = prev;
 8008e5c:	605a      	str	r2, [r3, #4]
	node->next = NULL;
 8008e5e:	2300      	movs	r3, #0
 8008e60:	6003      	str	r3, [r0, #0]
	node->prev = NULL;
 8008e62:	6043      	str	r3, [r0, #4]
 8008e64:	7c02      	ldrb	r2, [r0, #16]
 8008e66:	f022 0202 	bic.w	r2, r2, #2
 8008e6a:	7402      	strb	r2, [r0, #16]
 8008e6c:	6083      	str	r3, [r0, #8]
}
 8008e6e:	e7e9      	b.n	8008e44 <z_unpend_thread_no_timeout+0x12>
}
 8008e70:	4770      	bx	lr

08008e72 <z_sched_wake_thread_locked>:
{
 8008e72:	b508      	push	{r3, lr}
	bool killed = (thread->base.thread_state &
 8008e74:	7c03      	ldrb	r3, [r0, #16]
	if (!killed) {
 8008e76:	f013 0f28 	tst.w	r3, #40	@ 0x28
 8008e7a:	d113      	bne.n	8008ea4 <z_sched_wake_thread_locked+0x32>
		if (thread->base.pended_on != NULL) {
 8008e7c:	6883      	ldr	r3, [r0, #8]
 8008e7e:	b15b      	cbz	r3, 8008e98 <z_sched_wake_thread_locked+0x26>
	sys_dnode_t *const prev = node->prev;
 8008e80:	6842      	ldr	r2, [r0, #4]
	sys_dnode_t *const next = node->next;
 8008e82:	6803      	ldr	r3, [r0, #0]
	prev->next = next;
 8008e84:	6013      	str	r3, [r2, #0]
	next->prev = prev;
 8008e86:	605a      	str	r2, [r3, #4]
	node->next = NULL;
 8008e88:	2300      	movs	r3, #0
 8008e8a:	6003      	str	r3, [r0, #0]
	node->prev = NULL;
 8008e8c:	6043      	str	r3, [r0, #4]
 8008e8e:	7c02      	ldrb	r2, [r0, #16]
 8008e90:	f022 0202 	bic.w	r2, r2, #2
 8008e94:	7402      	strb	r2, [r0, #16]
	thread->base.pended_on = NULL;
 8008e96:	6083      	str	r3, [r0, #8]
	thread->base.thread_state &= ~_THREAD_SLEEPING;
 8008e98:	7c03      	ldrb	r3, [r0, #16]
 8008e9a:	f023 0304 	bic.w	r3, r3, #4
 8008e9e:	7403      	strb	r3, [r0, #16]
		ready_thread(thread);
 8008ea0:	f7fc fa6a 	bl	8005378 <ready_thread>
}
 8008ea4:	bd08      	pop	{r3, pc}

08008ea6 <z_thread_timeout>:
{
 8008ea6:	b538      	push	{r3, r4, r5, lr}
	struct k_thread *thread = CONTAINER_OF(timeout,
 8008ea8:	f1a0 0518 	sub.w	r5, r0, #24
	K_SPINLOCK(&_sched_spinlock) {
 8008eac:	2300      	movs	r3, #0
  __ASM volatile ("MRS %0, basepri" : "=r" (result) );
 8008eae:	f3ef 8411 	mrs	r4, BASEPRI
  __ASM volatile ("MSR basepri_max, %0" : : "r" (basePri) : "memory");
 8008eb2:	2210      	movs	r2, #16
 8008eb4:	f382 8812 	msr	BASEPRI_MAX, r2
 8008eb8:	f3bf 8f6f 	isb	sy
 8008ebc:	e007      	b.n	8008ece <z_thread_timeout+0x28>
		z_sched_wake_thread_locked(thread);
 8008ebe:	4628      	mov	r0, r5
 8008ec0:	f7ff ffd7 	bl	8008e72 <z_sched_wake_thread_locked>
  __ASM volatile ("MSR basepri, %0" : : "r" (basePri) : "memory");
 8008ec4:	f384 8811 	msr	BASEPRI, r4
 8008ec8:	f3bf 8f6f 	isb	sy
	K_SPINLOCK(&_sched_spinlock) {
 8008ecc:	2301      	movs	r3, #1
 8008ece:	2b00      	cmp	r3, #0
 8008ed0:	d0f5      	beq.n	8008ebe <z_thread_timeout+0x18>
}
 8008ed2:	bd38      	pop	{r3, r4, r5, pc}

08008ed4 <z_unpend1_no_timeout>:
{
 8008ed4:	4601      	mov	r1, r0
	K_SPINLOCK(&_sched_spinlock) {
 8008ed6:	2300      	movs	r3, #0
  __ASM volatile ("MRS %0, basepri" : "=r" (result) );
 8008ed8:	f3ef 8c11 	mrs	ip, BASEPRI
  __ASM volatile ("MSR basepri_max, %0" : : "r" (basePri) : "memory");
 8008edc:	2210      	movs	r2, #16
 8008ede:	f382 8812 	msr	BASEPRI_MAX, r2
 8008ee2:	f3bf 8f6f 	isb	sy
	struct k_thread *thread = NULL;
 8008ee6:	4618      	mov	r0, r3
 8008ee8:	e005      	b.n	8008ef6 <z_unpend1_no_timeout+0x22>
	struct k_thread *thread = NULL;
 8008eea:	2000      	movs	r0, #0
  __ASM volatile ("MSR basepri, %0" : : "r" (basePri) : "memory");
 8008eec:	f38c 8811 	msr	BASEPRI, ip
 8008ef0:	f3bf 8f6f 	isb	sy
	K_SPINLOCK(&_sched_spinlock) {
 8008ef4:	2301      	movs	r3, #1
 8008ef6:	b98b      	cbnz	r3, 8008f1c <z_unpend1_no_timeout+0x48>
	return list->head == list;
 8008ef8:	6808      	ldr	r0, [r1, #0]
	return sys_dlist_is_empty(list) ? NULL : list->head;
 8008efa:	4281      	cmp	r1, r0
 8008efc:	d0f5      	beq.n	8008eea <z_unpend1_no_timeout+0x16>
	if (n != NULL) {
 8008efe:	2800      	cmp	r0, #0
 8008f00:	d0f4      	beq.n	8008eec <z_unpend1_no_timeout+0x18>
	sys_dnode_t *const prev = node->prev;
 8008f02:	6842      	ldr	r2, [r0, #4]
	sys_dnode_t *const next = node->next;
 8008f04:	6803      	ldr	r3, [r0, #0]
	prev->next = next;
 8008f06:	6013      	str	r3, [r2, #0]
	next->prev = prev;
 8008f08:	605a      	str	r2, [r3, #4]
	node->next = NULL;
 8008f0a:	2300      	movs	r3, #0
 8008f0c:	6003      	str	r3, [r0, #0]
	node->prev = NULL;
 8008f0e:	6043      	str	r3, [r0, #4]
	thread->base.thread_state &= ~_THREAD_PENDING;
 8008f10:	7c02      	ldrb	r2, [r0, #16]
 8008f12:	f022 0202 	bic.w	r2, r2, #2
 8008f16:	7402      	strb	r2, [r0, #16]
 8008f18:	6083      	str	r3, [r0, #8]
}
 8008f1a:	e7e7      	b.n	8008eec <z_unpend1_no_timeout+0x18>
}
 8008f1c:	4770      	bx	lr

08008f1e <z_reschedule>:
{
 8008f1e:	b508      	push	{r3, lr}
	reschedule(lock, key);
 8008f20:	f7fc fa10 	bl	8005344 <reschedule>
}
 8008f24:	bd08      	pop	{r3, pc}

08008f26 <init_ready_q>:
	_priq_run_init(&ready_q->runq);
 8008f26:	1d03      	adds	r3, r0, #4
	list->head = (sys_dnode_t *)list;
 8008f28:	6043      	str	r3, [r0, #4]
	list->tail = (sys_dnode_t *)list;
 8008f2a:	6083      	str	r3, [r0, #8]
}
 8008f2c:	4770      	bx	lr

08008f2e <remove_timeout>:
{
 8008f2e:	b510      	push	{r4, lr}
 8008f30:	4604      	mov	r4, r0
	if (next(t) != NULL) {
 8008f32:	f7fc fe59 	bl	8005be8 <next>
 8008f36:	b148      	cbz	r0, 8008f4c <remove_timeout+0x1e>
 8008f38:	4602      	mov	r2, r0
		next(t)->dticks += t->dticks;
 8008f3a:	6903      	ldr	r3, [r0, #16]
 8008f3c:	6941      	ldr	r1, [r0, #20]
 8008f3e:	6920      	ldr	r0, [r4, #16]
 8008f40:	181b      	adds	r3, r3, r0
 8008f42:	6960      	ldr	r0, [r4, #20]
 8008f44:	eb41 0100 	adc.w	r1, r1, r0
 8008f48:	6113      	str	r3, [r2, #16]
 8008f4a:	6151      	str	r1, [r2, #20]
	sys_dnode_t *const prev = node->prev;
 8008f4c:	6862      	ldr	r2, [r4, #4]
	sys_dnode_t *const next = node->next;
 8008f4e:	6823      	ldr	r3, [r4, #0]
	prev->next = next;
 8008f50:	6013      	str	r3, [r2, #0]
	next->prev = prev;
 8008f52:	605a      	str	r2, [r3, #4]
	node->next = NULL;
 8008f54:	2300      	movs	r3, #0
 8008f56:	6023      	str	r3, [r4, #0]
	node->prev = NULL;
 8008f58:	6063      	str	r3, [r4, #4]
}
 8008f5a:	bd10      	pop	{r4, pc}

08008f5c <next_timeout>:
{
 8008f5c:	b510      	push	{r4, lr}
 8008f5e:	4604      	mov	r4, r0
	struct _timeout *to = first();
 8008f60:	f7fc fe38 	bl	8005bd4 <first>
	if ((to == NULL) ||
 8008f64:	b178      	cbz	r0, 8008f86 <next_timeout+0x2a>
	    ((int64_t)(to->dticks - ticks_elapsed) > (int64_t)INT_MAX)) {
 8008f66:	6903      	ldr	r3, [r0, #16]
 8008f68:	6942      	ldr	r2, [r0, #20]
 8008f6a:	1b1b      	subs	r3, r3, r4
 8008f6c:	eb62 72e4 	sbc.w	r2, r2, r4, asr #31
	if ((to == NULL) ||
 8008f70:	f1b3 4f00 	cmp.w	r3, #2147483648	@ 0x80000000
 8008f74:	f172 0100 	sbcs.w	r1, r2, #0
 8008f78:	da08      	bge.n	8008f8c <next_timeout+0x30>
		ret = max(0, to->dticks - ticks_elapsed);
 8008f7a:	2a00      	cmp	r2, #0
 8008f7c:	db01      	blt.n	8008f82 <next_timeout+0x26>
 8008f7e:	4618      	mov	r0, r3
}
 8008f80:	bd10      	pop	{r4, pc}
		ret = max(0, to->dticks - ticks_elapsed);
 8008f82:	2300      	movs	r3, #0
 8008f84:	e7fb      	b.n	8008f7e <next_timeout+0x22>
		ret = SYS_CLOCK_MAX_WAIT;
 8008f86:	f06f 4000 	mvn.w	r0, #2147483648	@ 0x80000000
 8008f8a:	e7f9      	b.n	8008f80 <next_timeout+0x24>
 8008f8c:	f06f 4000 	mvn.w	r0, #2147483648	@ 0x80000000
	return ret;
 8008f90:	e7f6      	b.n	8008f80 <next_timeout+0x24>

08008f92 <z_abort_timeout>:
{
 8008f92:	e92d 41f0 	stmdb	sp!, {r4, r5, r6, r7, r8, lr}
 8008f96:	4604      	mov	r4, r0
	K_SPINLOCK(&timeout_lock) {
 8008f98:	2500      	movs	r5, #0
  __ASM volatile ("MRS %0, basepri" : "=r" (result) );
 8008f9a:	f3ef 8711 	mrs	r7, BASEPRI
  __ASM volatile ("MSR basepri_max, %0" : : "r" (basePri) : "memory");
 8008f9e:	2310      	movs	r3, #16
 8008fa0:	f383 8812 	msr	BASEPRI_MAX, r3
 8008fa4:	f3bf 8f6f 	isb	sy
	int ret = -EINVAL;
 8008fa8:	f06f 0015 	mvn.w	r0, #21
 8008fac:	e014      	b.n	8008fd8 <z_abort_timeout+0x46>
				sys_clock_set_timeout(next_timeout(elapsed()), false);
 8008fae:	f7fc fe27 	bl	8005c00 <elapsed>
 8008fb2:	f7ff ffd3 	bl	8008f5c <next_timeout>
 8008fb6:	2100      	movs	r1, #0
 8008fb8:	f7fb fcba 	bl	8004930 <sys_clock_set_timeout>
			ret = 0;
 8008fbc:	4640      	mov	r0, r8
 8008fbe:	e006      	b.n	8008fce <z_abort_timeout+0x3c>
		} else if (to->dticks == TIMEOUT_DTICKS_ANNOUNCING) {
 8008fc0:	6922      	ldr	r2, [r4, #16]
 8008fc2:	6963      	ldr	r3, [r4, #20]
 8008fc4:	f1b3 4f00 	cmp.w	r3, #2147483648	@ 0x80000000
 8008fc8:	bf08      	it	eq
 8008fca:	2a01      	cmpeq	r2, #1
 8008fcc:	d018      	beq.n	8009000 <z_abort_timeout+0x6e>
  __ASM volatile ("MSR basepri, %0" : : "r" (basePri) : "memory");
 8008fce:	f387 8811 	msr	BASEPRI, r7
 8008fd2:	f3bf 8f6f 	isb	sy
	K_SPINLOCK(&timeout_lock) {
 8008fd6:	2501      	movs	r5, #1
 8008fd8:	46a8      	mov	r8, r5
 8008fda:	b9bd      	cbnz	r5, 800900c <z_abort_timeout+0x7a>
	return node->next != NULL;
 8008fdc:	6823      	ldr	r3, [r4, #0]
		if (sys_dnode_is_linked(&to->node)) {
 8008fde:	2b00      	cmp	r3, #0
 8008fe0:	d0ee      	beq.n	8008fc0 <z_abort_timeout+0x2e>
			bool is_first = (to == first());
 8008fe2:	f7fc fdf7 	bl	8005bd4 <first>
 8008fe6:	4606      	mov	r6, r0
			remove_timeout(to);
 8008fe8:	4620      	mov	r0, r4
 8008fea:	f7ff ffa0 	bl	8008f2e <remove_timeout>
			to->dticks = TIMEOUT_DTICKS_ABORTED;
 8008fee:	2200      	movs	r2, #0
 8008ff0:	f04f 4300 	mov.w	r3, #2147483648	@ 0x80000000
 8008ff4:	e9c4 2304 	strd	r2, r3, [r4, #16]
			if (is_first) {
 8008ff8:	42a6      	cmp	r6, r4
 8008ffa:	d0d8      	beq.n	8008fae <z_abort_timeout+0x1c>
			ret = 0;
 8008ffc:	4628      	mov	r0, r5
 8008ffe:	e7e6      	b.n	8008fce <z_abort_timeout+0x3c>
			to->dticks = TIMEOUT_DTICKS_ABORTED;
 8009000:	2200      	movs	r2, #0
 8009002:	f04f 4300 	mov.w	r3, #2147483648	@ 0x80000000
 8009006:	e9c4 2304 	strd	r2, r3, [r4, #16]
 800900a:	e7e0      	b.n	8008fce <z_abort_timeout+0x3c>
}
 800900c:	e8bd 81f0 	ldmia.w	sp!, {r4, r5, r6, r7, r8, pc}

08009010 <sys_clock_tick_get_32>:

uint32_t sys_clock_tick_get_32(void)
{
 8009010:	b508      	push	{r3, lr}
#ifdef CONFIG_TICKLESS_KERNEL
	return (uint32_t)sys_clock_tick_get();
 8009012:	f7fc fefd 	bl	8005e10 <sys_clock_tick_get>
#else
	return (uint32_t)curr_tick;
#endif /* CONFIG_TICKLESS_KERNEL */
}
 8009016:	bd08      	pop	{r3, pc}

08009018 <z_impl_k_uptime_ticks>:

int64_t z_impl_k_uptime_ticks(void)
{
 8009018:	b508      	push	{r3, lr}
	return sys_clock_tick_get();
 800901a:	f7fc fef9 	bl	8005e10 <sys_clock_tick_get>
}
 800901e:	bd08      	pop	{r3, pc}

08009020 <k_timer_init>:
	timer->expiry_fn = expiry_fn;
 8009020:	6201      	str	r1, [r0, #32]
	timer->stop_fn = stop_fn;
 8009022:	6242      	str	r2, [r0, #36]	@ 0x24
	timer->status = 0U;
 8009024:	2300      	movs	r3, #0
 8009026:	6303      	str	r3, [r0, #48]	@ 0x30
	sys_dlist_init(&w->waitq);
 8009028:	f100 0218 	add.w	r2, r0, #24
	list->head = (sys_dnode_t *)list;
 800902c:	6182      	str	r2, [r0, #24]
	list->tail = (sys_dnode_t *)list;
 800902e:	61c2      	str	r2, [r0, #28]
	node->next = NULL;
 8009030:	6003      	str	r3, [r0, #0]
	node->prev = NULL;
 8009032:	6043      	str	r3, [r0, #4]
	timer->user_data = NULL;
 8009034:	6343      	str	r3, [r0, #52]	@ 0x34
}
 8009036:	4770      	bx	lr

08009038 <main>:
 8009038:	bf00      	nop
{
	/* NOP default main() if the application does not provide one. */
	arch_nop();

	return 0;
}
 800903a:	2000      	movs	r0, #0
 800903c:	4770      	bx	lr
	...
